ISO-10303-21;
HEADER;
/* Generated by software containing ST-Developer
 * from STEP Tools, Inc. (www.steptools.com) 
 */

FILE_DESCRIPTION(
/* description */ (''),
/* implementation_level */ '2;1');

FILE_NAME(
/* name */ 'GCN_ControllerPort_Male_Vertical.step',
/* time_stamp */ '2026-06-04T20:38:00-07:00',
/* author */ (''),
/* organization */ (''),
/* preprocessor_version */ 'ST-DEVELOPER v20.1',
/* originating_system */ 'Autodesk Translation Framework v15.8.0.0',
/* authorisation */ '');

FILE_SCHEMA (('AUTOMOTIVE_DESIGN { 1 0 10303 214 3 1 1 }'));
ENDSEC;

DATA;
#10=MECHANICAL_DESIGN_GEOMETRIC_PRESENTATION_REPRESENTATION('',(#13,#14,
#15,#16,#17,#18,#19,#20),#9453);
#11=SHAPE_REPRESENTATION_RELATIONSHIP('SRR','None',#9460,#12);
#12=ADVANCED_BREP_SHAPE_REPRESENTATION('',(#21,#22,#23,#24,#25,#26,#27,
#28),#9452);
#13=STYLED_ITEM('',(#9470),#21);
#14=STYLED_ITEM('',(#9471),#22);
#15=STYLED_ITEM('',(#9471),#23);
#16=STYLED_ITEM('',(#9471),#24);
#17=STYLED_ITEM('',(#9471),#25);
#18=STYLED_ITEM('',(#9471),#26);
#19=STYLED_ITEM('',(#9471),#27);
#20=STYLED_ITEM('',(#9469),#28);
#21=MANIFOLD_SOLID_BREP('Body1',#5670);
#22=MANIFOLD_SOLID_BREP('Body3',#5671);
#23=MANIFOLD_SOLID_BREP('Body4',#5672);
#24=MANIFOLD_SOLID_BREP('Body5',#5673);
#25=MANIFOLD_SOLID_BREP('Body6',#5674);
#26=MANIFOLD_SOLID_BREP('Body7',#5675);
#27=MANIFOLD_SOLID_BREP('Body8',#5676);
#28=MANIFOLD_SOLID_BREP('Body9',#5677);
#29=FACE_BOUND('',#736,.T.);
#30=FACE_BOUND('',#766,.T.);
#31=FACE_BOUND('',#772,.T.);
#32=FACE_BOUND('',#778,.T.);
#33=FACE_BOUND('',#779,.T.);
#34=FACE_BOUND('',#780,.T.);
#35=FACE_BOUND('',#781,.T.);
#36=FACE_BOUND('',#782,.T.);
#37=FACE_BOUND('',#783,.T.);
#38=FACE_BOUND('',#784,.T.);
#39=FACE_BOUND('',#785,.T.);
#40=FACE_BOUND('',#786,.T.);
#41=FACE_BOUND('',#838,.T.);
#42=FACE_BOUND('',#856,.T.);
#43=FACE_BOUND('',#860,.T.);
#44=FACE_BOUND('',#876,.T.);
#45=FACE_BOUND('',#880,.T.);
#46=FACE_BOUND('',#896,.T.);
#47=FACE_BOUND('',#914,.T.);
#48=FACE_BOUND('',#918,.T.);
#49=B_SPLINE_CURVE_WITH_KNOTS('',3,(#8332,#8333,#8334,#8335,#8336,#8337,
#8338,#8339,#8340,#8341),.UNSPECIFIED.,.F.,.F.,(4,2,2,2,4),(0.053138151087775,
0.0581049491804095,0.0640843599899002,0.0714130425906686,0.0798926979390973),
 .UNSPECIFIED.);
#50=B_SPLINE_CURVE_WITH_KNOTS('',3,(#8345,#8346,#8347,#8348,#8349,#8350,
#8351,#8352,#8353,#8354),.UNSPECIFIED.,.F.,.F.,(4,2,2,2,4),(0.0263836042364527,
0.0348632595848814,0.0421919421856499,0.0481713529951405,0.053138151087775),
 .UNSPECIFIED.);
#51=PLANE('',#5706);
#52=PLANE('',#5722);
#53=PLANE('',#5738);
#54=PLANE('',#5754);
#55=PLANE('',#5757);
#56=PLANE('',#5760);
#57=PLANE('',#5776);
#58=PLANE('',#5779);
#59=PLANE('',#5782);
#60=PLANE('',#5798);
#61=PLANE('',#5801);
#62=PLANE('',#5804);
#63=PLANE('',#5820);
#64=PLANE('',#5836);
#65=PLANE('',#5839);
#66=PLANE('',#5842);
#67=PLANE('',#5846);
#68=PLANE('',#5850);
#69=PLANE('',#5853);
#70=PLANE('',#5854);
#71=PLANE('',#5855);
#72=PLANE('',#5856);
#73=PLANE('',#5857);
#74=PLANE('',#5858);
#75=PLANE('',#5859);
#76=PLANE('',#5860);
#77=PLANE('',#5861);
#78=PLANE('',#5862);
#79=PLANE('',#5863);
#80=PLANE('',#5864);
#81=PLANE('',#5865);
#82=PLANE('',#5866);
#83=PLANE('',#5867);
#84=PLANE('',#5868);
#85=PLANE('',#5869);
#86=PLANE('',#5870);
#87=PLANE('',#5871);
#88=PLANE('',#5872);
#89=PLANE('',#5873);
#90=PLANE('',#5874);
#91=PLANE('',#5875);
#92=PLANE('',#5876);
#93=PLANE('',#5877);
#94=PLANE('',#5880);
#95=PLANE('',#5885);
#96=PLANE('',#5890);
#97=PLANE('',#5892);
#98=PLANE('',#5896);
#99=PLANE('',#5898);
#100=PLANE('',#5900);
#101=PLANE('',#5901);
#102=PLANE('',#5902);
#103=PLANE('',#5903);
#104=PLANE('',#5904);
#105=PLANE('',#5905);
#106=PLANE('',#5906);
#107=PLANE('',#5907);
#108=PLANE('',#5908);
#109=PLANE('',#5909);
#110=PLANE('',#5910);
#111=PLANE('',#5911);
#112=PLANE('',#5930);
#113=PLANE('',#5931);
#114=PLANE('',#5932);
#115=PLANE('',#5933);
#116=PLANE('',#5934);
#117=PLANE('',#5935);
#118=PLANE('',#5936);
#119=PLANE('',#5937);
#120=PLANE('',#5938);
#121=PLANE('',#5939);
#122=PLANE('',#5940);
#123=PLANE('',#5941);
#124=PLANE('',#5942);
#125=PLANE('',#5943);
#126=PLANE('',#5944);
#127=PLANE('',#5945);
#128=PLANE('',#5946);
#129=PLANE('',#5947);
#130=PLANE('',#5948);
#131=PLANE('',#5949);
#132=PLANE('',#5950);
#133=PLANE('',#5951);
#134=PLANE('',#5952);
#135=PLANE('',#5953);
#136=PLANE('',#5954);
#137=PLANE('',#5955);
#138=PLANE('',#5956);
#139=PLANE('',#5957);
#140=PLANE('',#5958);
#141=PLANE('',#5959);
#142=PLANE('',#5960);
#143=PLANE('',#5963);
#144=PLANE('',#5966);
#145=PLANE('',#5968);
#146=PLANE('',#5971);
#147=PLANE('',#5972);
#148=PLANE('',#5973);
#149=PLANE('',#5977);
#150=PLANE('',#5979);
#151=PLANE('',#5982);
#152=PLANE('',#5983);
#153=PLANE('',#5984);
#154=PLANE('',#5985);
#155=PLANE('',#5989);
#156=PLANE('',#5990);
#157=PLANE('',#5994);
#158=PLANE('',#5995);
#159=PLANE('',#5996);
#160=PLANE('',#5997);
#161=PLANE('',#6001);
#162=PLANE('',#6003);
#163=PLANE('',#6006);
#164=PLANE('',#6007);
#165=PLANE('',#6008);
#166=PLANE('',#6009);
#167=PLANE('',#6013);
#168=PLANE('',#6015);
#169=PLANE('',#6018);
#170=PLANE('',#6019);
#171=PLANE('',#6020);
#172=PLANE('',#6021);
#173=PLANE('',#6025);
#174=PLANE('',#6027);
#175=PLANE('',#6030);
#176=PLANE('',#6031);
#177=PLANE('',#6032);
#178=PLANE('',#6033);
#179=PLANE('',#6037);
#180=PLANE('',#6039);
#181=PLANE('',#6042);
#182=PLANE('',#6043);
#183=PLANE('',#6044);
#184=PLANE('',#6045);
#185=PLANE('',#6049);
#186=PLANE('',#6050);
#187=PLANE('',#6054);
#188=PLANE('',#6055);
#189=PLANE('',#6056);
#190=PLANE('',#6057);
#191=PLANE('',#6061);
#192=PLANE('',#6062);
#193=PLANE('',#6063);
#194=PLANE('',#6065);
#195=PLANE('',#6067);
#196=PLANE('',#6068);
#197=PLANE('',#6070);
#198=PLANE('',#6071);
#199=PLANE('',#6072);
#200=PLANE('',#6073);
#201=PLANE('',#6074);
#202=PLANE('',#6075);
#203=PLANE('',#6076);
#204=PLANE('',#6077);
#205=PLANE('',#6078);
#206=PLANE('',#6079);
#207=PLANE('',#6083);
#208=PLANE('',#6084);
#209=PLANE('',#6085);
#210=PLANE('',#6087);
#211=PLANE('',#6089);
#212=PLANE('',#6090);
#213=PLANE('',#6092);
#214=PLANE('',#6093);
#215=PLANE('',#6094);
#216=PLANE('',#6095);
#217=PLANE('',#6096);
#218=PLANE('',#6097);
#219=PLANE('',#6098);
#220=PLANE('',#6099);
#221=PLANE('',#6100);
#222=PLANE('',#6101);
#223=PLANE('',#6105);
#224=PLANE('',#6106);
#225=PLANE('',#6107);
#226=PLANE('',#6109);
#227=PLANE('',#6111);
#228=PLANE('',#6112);
#229=PLANE('',#6114);
#230=PLANE('',#6115);
#231=PLANE('',#6116);
#232=PLANE('',#6117);
#233=PLANE('',#6118);
#234=PLANE('',#6119);
#235=PLANE('',#6120);
#236=PLANE('',#6121);
#237=PLANE('',#6122);
#238=PLANE('',#6126);
#239=PLANE('',#6127);
#240=PLANE('',#6128);
#241=PLANE('',#6130);
#242=PLANE('',#6132);
#243=PLANE('',#6133);
#244=PLANE('',#6135);
#245=PLANE('',#6136);
#246=PLANE('',#6137);
#247=PLANE('',#6138);
#248=PLANE('',#6139);
#249=PLANE('',#6140);
#250=PLANE('',#6141);
#251=PLANE('',#6142);
#252=PLANE('',#6143);
#253=PLANE('',#6144);
#254=PLANE('',#6148);
#255=PLANE('',#6149);
#256=PLANE('',#6150);
#257=PLANE('',#6152);
#258=PLANE('',#6154);
#259=PLANE('',#6155);
#260=PLANE('',#6157);
#261=PLANE('',#6161);
#262=PLANE('',#6163);
#263=PLANE('',#6165);
#264=PLANE('',#6166);
#265=PLANE('',#6171);
#266=PLANE('',#6172);
#267=PLANE('',#6174);
#268=PLANE('',#6176);
#269=PLANE('',#6181);
#270=PLANE('',#6182);
#271=PLANE('',#6184);
#272=PLANE('',#6186);
#273=PLANE('',#6188);
#274=PLANE('',#6189);
#275=TOROIDAL_SURFACE('',#5694,0.2,0.1);
#276=TOROIDAL_SURFACE('',#5700,0.2,0.1);
#277=TOROIDAL_SURFACE('',#5710,0.2,0.1);
#278=TOROIDAL_SURFACE('',#5716,0.2,0.1);
#279=TOROIDAL_SURFACE('',#5726,0.2,0.1);
#280=TOROIDAL_SURFACE('',#5732,0.2,0.1);
#281=TOROIDAL_SURFACE('',#5742,0.2,0.1);
#282=TOROIDAL_SURFACE('',#5748,0.2,0.1);
#283=TOROIDAL_SURFACE('',#5764,0.2,0.1);
#284=TOROIDAL_SURFACE('',#5770,0.2,0.1);
#285=TOROIDAL_SURFACE('',#5786,0.2,0.1);
#286=TOROIDAL_SURFACE('',#5792,0.2,0.1);
#287=TOROIDAL_SURFACE('',#5808,0.2,0.1);
#288=TOROIDAL_SURFACE('',#5814,0.2,0.1);
#289=TOROIDAL_SURFACE('',#5824,0.2,0.1);
#290=TOROIDAL_SURFACE('',#5830,0.2,0.1);
#291=TOROIDAL_SURFACE('',#5912,5.275,0.15);
#292=TOROIDAL_SURFACE('',#5923,8.25,0.15);
#293=FACE_OUTER_BOUND('',#612,.T.);
#294=FACE_OUTER_BOUND('',#613,.T.);
#295=FACE_OUTER_BOUND('',#614,.T.);
#296=FACE_OUTER_BOUND('',#615,.T.);
#297=FACE_OUTER_BOUND('',#616,.T.);
#298=FACE_OUTER_BOUND('',#617,.T.);
#299=FACE_OUTER_BOUND('',#618,.T.);
#300=FACE_OUTER_BOUND('',#619,.T.);
#301=FACE_OUTER_BOUND('',#620,.T.);
#302=FACE_OUTER_BOUND('',#621,.T.);
#303=FACE_OUTER_BOUND('',#622,.T.);
#304=FACE_OUTER_BOUND('',#623,.T.);
#305=FACE_OUTER_BOUND('',#624,.T.);
#306=FACE_OUTER_BOUND('',#625,.T.);
#307=FACE_OUTER_BOUND('',#626,.T.);
#308=FACE_OUTER_BOUND('',#627,.T.);
#309=FACE_OUTER_BOUND('',#628,.T.);
#310=FACE_OUTER_BOUND('',#629,.T.);
#311=FACE_OUTER_BOUND('',#630,.T.);
#312=FACE_OUTER_BOUND('',#631,.T.);
#313=FACE_OUTER_BOUND('',#632,.T.);
#314=FACE_OUTER_BOUND('',#633,.T.);
#315=FACE_OUTER_BOUND('',#634,.T.);
#316=FACE_OUTER_BOUND('',#635,.T.);
#317=FACE_OUTER_BOUND('',#636,.T.);
#318=FACE_OUTER_BOUND('',#637,.T.);
#319=FACE_OUTER_BOUND('',#638,.T.);
#320=FACE_OUTER_BOUND('',#639,.T.);
#321=FACE_OUTER_BOUND('',#640,.T.);
#322=FACE_OUTER_BOUND('',#641,.T.);
#323=FACE_OUTER_BOUND('',#642,.T.);
#324=FACE_OUTER_BOUND('',#643,.T.);
#325=FACE_OUTER_BOUND('',#644,.T.);
#326=FACE_OUTER_BOUND('',#645,.T.);
#327=FACE_OUTER_BOUND('',#646,.T.);
#328=FACE_OUTER_BOUND('',#647,.T.);
#329=FACE_OUTER_BOUND('',#648,.T.);
#330=FACE_OUTER_BOUND('',#649,.T.);
#331=FACE_OUTER_BOUND('',#650,.T.);
#332=FACE_OUTER_BOUND('',#651,.T.);
#333=FACE_OUTER_BOUND('',#652,.T.);
#334=FACE_OUTER_BOUND('',#653,.T.);
#335=FACE_OUTER_BOUND('',#654,.T.);
#336=FACE_OUTER_BOUND('',#655,.T.);
#337=FACE_OUTER_BOUND('',#656,.T.);
#338=FACE_OUTER_BOUND('',#657,.T.);
#339=FACE_OUTER_BOUND('',#658,.T.);
#340=FACE_OUTER_BOUND('',#659,.T.);
#341=FACE_OUTER_BOUND('',#660,.T.);
#342=FACE_OUTER_BOUND('',#661,.T.);
#343=FACE_OUTER_BOUND('',#662,.T.);
#344=FACE_OUTER_BOUND('',#663,.T.);
#345=FACE_OUTER_BOUND('',#664,.T.);
#346=FACE_OUTER_BOUND('',#665,.T.);
#347=FACE_OUTER_BOUND('',#666,.T.);
#348=FACE_OUTER_BOUND('',#667,.T.);
#349=FACE_OUTER_BOUND('',#668,.T.);
#350=FACE_OUTER_BOUND('',#669,.T.);
#351=FACE_OUTER_BOUND('',#670,.T.);
#352=FACE_OUTER_BOUND('',#671,.T.);
#353=FACE_OUTER_BOUND('',#672,.T.);
#354=FACE_OUTER_BOUND('',#673,.T.);
#355=FACE_OUTER_BOUND('',#674,.T.);
#356=FACE_OUTER_BOUND('',#675,.T.);
#357=FACE_OUTER_BOUND('',#676,.T.);
#358=FACE_OUTER_BOUND('',#677,.T.);
#359=FACE_OUTER_BOUND('',#678,.T.);
#360=FACE_OUTER_BOUND('',#679,.T.);
#361=FACE_OUTER_BOUND('',#680,.T.);
#362=FACE_OUTER_BOUND('',#681,.T.);
#363=FACE_OUTER_BOUND('',#682,.T.);
#364=FACE_OUTER_BOUND('',#683,.T.);
#365=FACE_OUTER_BOUND('',#684,.T.);
#366=FACE_OUTER_BOUND('',#685,.T.);
#367=FACE_OUTER_BOUND('',#686,.T.);
#368=FACE_OUTER_BOUND('',#687,.T.);
#369=FACE_OUTER_BOUND('',#688,.T.);
#370=FACE_OUTER_BOUND('',#689,.T.);
#371=FACE_OUTER_BOUND('',#690,.T.);
#372=FACE_OUTER_BOUND('',#691,.T.);
#373=FACE_OUTER_BOUND('',#692,.T.);
#374=FACE_OUTER_BOUND('',#693,.T.);
#375=FACE_OUTER_BOUND('',#694,.T.);
#376=FACE_OUTER_BOUND('',#695,.T.);
#377=FACE_OUTER_BOUND('',#696,.T.);
#378=FACE_OUTER_BOUND('',#697,.T.);
#379=FACE_OUTER_BOUND('',#698,.T.);
#380=FACE_OUTER_BOUND('',#699,.T.);
#381=FACE_OUTER_BOUND('',#700,.T.);
#382=FACE_OUTER_BOUND('',#701,.T.);
#383=FACE_OUTER_BOUND('',#702,.T.);
#384=FACE_OUTER_BOUND('',#703,.T.);
#385=FACE_OUTER_BOUND('',#704,.T.);
#386=FACE_OUTER_BOUND('',#705,.T.);
#387=FACE_OUTER_BOUND('',#706,.T.);
#388=FACE_OUTER_BOUND('',#707,.T.);
#389=FACE_OUTER_BOUND('',#708,.T.);
#390=FACE_OUTER_BOUND('',#709,.T.);
#391=FACE_OUTER_BOUND('',#710,.T.);
#392=FACE_OUTER_BOUND('',#711,.T.);
#393=FACE_OUTER_BOUND('',#712,.T.);
#394=FACE_OUTER_BOUND('',#713,.T.);
#395=FACE_OUTER_BOUND('',#714,.T.);
#396=FACE_OUTER_BOUND('',#715,.T.);
#397=FACE_OUTER_BOUND('',#716,.T.);
#398=FACE_OUTER_BOUND('',#717,.T.);
#399=FACE_OUTER_BOUND('',#718,.T.);
#400=FACE_OUTER_BOUND('',#719,.T.);
#401=FACE_OUTER_BOUND('',#720,.T.);
#402=FACE_OUTER_BOUND('',#721,.T.);
#403=FACE_OUTER_BOUND('',#722,.T.);
#404=FACE_OUTER_BOUND('',#723,.T.);
#405=FACE_OUTER_BOUND('',#724,.T.);
#406=FACE_OUTER_BOUND('',#725,.T.);
#407=FACE_OUTER_BOUND('',#726,.T.);
#408=FACE_OUTER_BOUND('',#727,.T.);
#409=FACE_OUTER_BOUND('',#728,.T.);
#410=FACE_OUTER_BOUND('',#729,.T.);
#411=FACE_OUTER_BOUND('',#730,.T.);
#412=FACE_OUTER_BOUND('',#731,.T.);
#413=FACE_OUTER_BOUND('',#732,.T.);
#414=FACE_OUTER_BOUND('',#733,.T.);
#415=FACE_OUTER_BOUND('',#734,.T.);
#416=FACE_OUTER_BOUND('',#735,.T.);
#417=FACE_OUTER_BOUND('',#737,.T.);
#418=FACE_OUTER_BOUND('',#738,.T.);
#419=FACE_OUTER_BOUND('',#739,.T.);
#420=FACE_OUTER_BOUND('',#740,.T.);
#421=FACE_OUTER_BOUND('',#741,.T.);
#422=FACE_OUTER_BOUND('',#742,.T.);
#423=FACE_OUTER_BOUND('',#743,.T.);
#424=FACE_OUTER_BOUND('',#744,.T.);
#425=FACE_OUTER_BOUND('',#745,.T.);
#426=FACE_OUTER_BOUND('',#746,.T.);
#427=FACE_OUTER_BOUND('',#747,.T.);
#428=FACE_OUTER_BOUND('',#748,.T.);
#429=FACE_OUTER_BOUND('',#749,.T.);
#430=FACE_OUTER_BOUND('',#750,.T.);
#431=FACE_OUTER_BOUND('',#751,.T.);
#432=FACE_OUTER_BOUND('',#752,.T.);
#433=FACE_OUTER_BOUND('',#753,.T.);
#434=FACE_OUTER_BOUND('',#754,.T.);
#435=FACE_OUTER_BOUND('',#755,.T.);
#436=FACE_OUTER_BOUND('',#756,.T.);
#437=FACE_OUTER_BOUND('',#757,.T.);
#438=FACE_OUTER_BOUND('',#758,.T.);
#439=FACE_OUTER_BOUND('',#759,.T.);
#440=FACE_OUTER_BOUND('',#760,.T.);
#441=FACE_OUTER_BOUND('',#761,.T.);
#442=FACE_OUTER_BOUND('',#762,.T.);
#443=FACE_OUTER_BOUND('',#763,.T.);
#444=FACE_OUTER_BOUND('',#764,.T.);
#445=FACE_OUTER_BOUND('',#765,.T.);
#446=FACE_OUTER_BOUND('',#767,.T.);
#447=FACE_OUTER_BOUND('',#768,.T.);
#448=FACE_OUTER_BOUND('',#769,.T.);
#449=FACE_OUTER_BOUND('',#770,.T.);
#450=FACE_OUTER_BOUND('',#771,.T.);
#451=FACE_OUTER_BOUND('',#773,.T.);
#452=FACE_OUTER_BOUND('',#774,.T.);
#453=FACE_OUTER_BOUND('',#775,.T.);
#454=FACE_OUTER_BOUND('',#776,.T.);
#455=FACE_OUTER_BOUND('',#777,.T.);
#456=FACE_OUTER_BOUND('',#787,.T.);
#457=FACE_OUTER_BOUND('',#788,.T.);
#458=FACE_OUTER_BOUND('',#789,.T.);
#459=FACE_OUTER_BOUND('',#790,.T.);
#460=FACE_OUTER_BOUND('',#791,.T.);
#461=FACE_OUTER_BOUND('',#792,.T.);
#462=FACE_OUTER_BOUND('',#793,.T.);
#463=FACE_OUTER_BOUND('',#794,.T.);
#464=FACE_OUTER_BOUND('',#795,.T.);
#465=FACE_OUTER_BOUND('',#796,.T.);
#466=FACE_OUTER_BOUND('',#797,.T.);
#467=FACE_OUTER_BOUND('',#798,.T.);
#468=FACE_OUTER_BOUND('',#799,.T.);
#469=FACE_OUTER_BOUND('',#800,.T.);
#470=FACE_OUTER_BOUND('',#801,.T.);
#471=FACE_OUTER_BOUND('',#802,.T.);
#472=FACE_OUTER_BOUND('',#803,.T.);
#473=FACE_OUTER_BOUND('',#804,.T.);
#474=FACE_OUTER_BOUND('',#805,.T.);
#475=FACE_OUTER_BOUND('',#806,.T.);
#476=FACE_OUTER_BOUND('',#807,.T.);
#477=FACE_OUTER_BOUND('',#808,.T.);
#478=FACE_OUTER_BOUND('',#809,.T.);
#479=FACE_OUTER_BOUND('',#810,.T.);
#480=FACE_OUTER_BOUND('',#811,.T.);
#481=FACE_OUTER_BOUND('',#812,.T.);
#482=FACE_OUTER_BOUND('',#813,.T.);
#483=FACE_OUTER_BOUND('',#814,.T.);
#484=FACE_OUTER_BOUND('',#815,.T.);
#485=FACE_OUTER_BOUND('',#816,.T.);
#486=FACE_OUTER_BOUND('',#817,.T.);
#487=FACE_OUTER_BOUND('',#818,.T.);
#488=FACE_OUTER_BOUND('',#819,.T.);
#489=FACE_OUTER_BOUND('',#820,.T.);
#490=FACE_OUTER_BOUND('',#821,.T.);
#491=FACE_OUTER_BOUND('',#822,.T.);
#492=FACE_OUTER_BOUND('',#823,.T.);
#493=FACE_OUTER_BOUND('',#824,.T.);
#494=FACE_OUTER_BOUND('',#825,.T.);
#495=FACE_OUTER_BOUND('',#826,.T.);
#496=FACE_OUTER_BOUND('',#827,.T.);
#497=FACE_OUTER_BOUND('',#828,.T.);
#498=FACE_OUTER_BOUND('',#829,.T.);
#499=FACE_OUTER_BOUND('',#830,.T.);
#500=FACE_OUTER_BOUND('',#831,.T.);
#501=FACE_OUTER_BOUND('',#832,.T.);
#502=FACE_OUTER_BOUND('',#833,.T.);
#503=FACE_OUTER_BOUND('',#834,.T.);
#504=FACE_OUTER_BOUND('',#835,.T.);
#505=FACE_OUTER_BOUND('',#836,.T.);
#506=FACE_OUTER_BOUND('',#837,.T.);
#507=FACE_OUTER_BOUND('',#839,.T.);
#508=FACE_OUTER_BOUND('',#840,.T.);
#509=FACE_OUTER_BOUND('',#841,.T.);
#510=FACE_OUTER_BOUND('',#842,.T.);
#511=FACE_OUTER_BOUND('',#843,.T.);
#512=FACE_OUTER_BOUND('',#844,.T.);
#513=FACE_OUTER_BOUND('',#845,.T.);
#514=FACE_OUTER_BOUND('',#846,.T.);
#515=FACE_OUTER_BOUND('',#847,.T.);
#516=FACE_OUTER_BOUND('',#848,.T.);
#517=FACE_OUTER_BOUND('',#849,.T.);
#518=FACE_OUTER_BOUND('',#850,.T.);
#519=FACE_OUTER_BOUND('',#851,.T.);
#520=FACE_OUTER_BOUND('',#852,.T.);
#521=FACE_OUTER_BOUND('',#853,.T.);
#522=FACE_OUTER_BOUND('',#854,.T.);
#523=FACE_OUTER_BOUND('',#855,.T.);
#524=FACE_OUTER_BOUND('',#857,.T.);
#525=FACE_OUTER_BOUND('',#858,.T.);
#526=FACE_OUTER_BOUND('',#859,.T.);
#527=FACE_OUTER_BOUND('',#861,.T.);
#528=FACE_OUTER_BOUND('',#862,.T.);
#529=FACE_OUTER_BOUND('',#863,.T.);
#530=FACE_OUTER_BOUND('',#864,.T.);
#531=FACE_OUTER_BOUND('',#865,.T.);
#532=FACE_OUTER_BOUND('',#866,.T.);
#533=FACE_OUTER_BOUND('',#867,.T.);
#534=FACE_OUTER_BOUND('',#868,.T.);
#535=FACE_OUTER_BOUND('',#869,.T.);
#536=FACE_OUTER_BOUND('',#870,.T.);
#537=FACE_OUTER_BOUND('',#871,.T.);
#538=FACE_OUTER_BOUND('',#872,.T.);
#539=FACE_OUTER_BOUND('',#873,.T.);
#540=FACE_OUTER_BOUND('',#874,.T.);
#541=FACE_OUTER_BOUND('',#875,.T.);
#542=FACE_OUTER_BOUND('',#877,.T.);
#543=FACE_OUTER_BOUND('',#878,.T.);
#544=FACE_OUTER_BOUND('',#879,.T.);
#545=FACE_OUTER_BOUND('',#881,.T.);
#546=FACE_OUTER_BOUND('',#882,.T.);
#547=FACE_OUTER_BOUND('',#883,.T.);
#548=FACE_OUTER_BOUND('',#884,.T.);
#549=FACE_OUTER_BOUND('',#885,.T.);
#550=FACE_OUTER_BOUND('',#886,.T.);
#551=FACE_OUTER_BOUND('',#887,.T.);
#552=FACE_OUTER_BOUND('',#888,.T.);
#553=FACE_OUTER_BOUND('',#889,.T.);
#554=FACE_OUTER_BOUND('',#890,.T.);
#555=FACE_OUTER_BOUND('',#891,.T.);
#556=FACE_OUTER_BOUND('',#892,.T.);
#557=FACE_OUTER_BOUND('',#893,.T.);
#558=FACE_OUTER_BOUND('',#894,.T.);
#559=FACE_OUTER_BOUND('',#895,.T.);
#560=FACE_OUTER_BOUND('',#897,.T.);
#561=FACE_OUTER_BOUND('',#898,.T.);
#562=FACE_OUTER_BOUND('',#899,.T.);
#563=FACE_OUTER_BOUND('',#900,.T.);
#564=FACE_OUTER_BOUND('',#901,.T.);
#565=FACE_OUTER_BOUND('',#902,.T.);
#566=FACE_OUTER_BOUND('',#903,.T.);
#567=FACE_OUTER_BOUND('',#904,.T.);
#568=FACE_OUTER_BOUND('',#905,.T.);
#569=FACE_OUTER_BOUND('',#906,.T.);
#570=FACE_OUTER_BOUND('',#907,.T.);
#571=FACE_OUTER_BOUND('',#908,.T.);
#572=FACE_OUTER_BOUND('',#909,.T.);
#573=FACE_OUTER_BOUND('',#910,.T.);
#574=FACE_OUTER_BOUND('',#911,.T.);
#575=FACE_OUTER_BOUND('',#912,.T.);
#576=FACE_OUTER_BOUND('',#913,.T.);
#577=FACE_OUTER_BOUND('',#915,.T.);
#578=FACE_OUTER_BOUND('',#916,.T.);
#579=FACE_OUTER_BOUND('',#917,.T.);
#580=FACE_OUTER_BOUND('',#919,.T.);
#581=FACE_OUTER_BOUND('',#920,.T.);
#582=FACE_OUTER_BOUND('',#921,.T.);
#583=FACE_OUTER_BOUND('',#922,.T.);
#584=FACE_OUTER_BOUND('',#923,.T.);
#585=FACE_OUTER_BOUND('',#924,.T.);
#586=FACE_OUTER_BOUND('',#925,.T.);
#587=FACE_OUTER_BOUND('',#926,.T.);
#588=FACE_OUTER_BOUND('',#927,.T.);
#589=FACE_OUTER_BOUND('',#928,.T.);
#590=FACE_OUTER_BOUND('',#929,.T.);
#591=FACE_OUTER_BOUND('',#930,.T.);
#592=FACE_OUTER_BOUND('',#931,.T.);
#593=FACE_OUTER_BOUND('',#932,.T.);
#594=FACE_OUTER_BOUND('',#933,.T.);
#595=FACE_OUTER_BOUND('',#934,.T.);
#596=FACE_OUTER_BOUND('',#935,.T.);
#597=FACE_OUTER_BOUND('',#936,.T.);
#598=FACE_OUTER_BOUND('',#937,.T.);
#599=FACE_OUTER_BOUND('',#938,.T.);
#600=FACE_OUTER_BOUND('',#939,.T.);
#601=FACE_OUTER_BOUND('',#940,.T.);
#602=FACE_OUTER_BOUND('',#941,.T.);
#603=FACE_OUTER_BOUND('',#942,.T.);
#604=FACE_OUTER_BOUND('',#943,.T.);
#605=FACE_OUTER_BOUND('',#944,.T.);
#606=FACE_OUTER_BOUND('',#945,.T.);
#607=FACE_OUTER_BOUND('',#946,.T.);
#608=FACE_OUTER_BOUND('',#947,.T.);
#609=FACE_OUTER_BOUND('',#948,.T.);
#610=FACE_OUTER_BOUND('',#949,.T.);
#611=FACE_OUTER_BOUND('',#950,.T.);
#612=EDGE_LOOP('',(#3672,#3673,#3674,#3675));
#613=EDGE_LOOP('',(#3676,#3677,#3678,#3679));
#614=EDGE_LOOP('',(#3680,#3681,#3682,#3683));
#615=EDGE_LOOP('',(#3684,#3685,#3686,#3687));
#616=EDGE_LOOP('',(#3688,#3689,#3690,#3691));
#617=EDGE_LOOP('',(#3692,#3693,#3694,#3695,#3696,#3697));
#618=EDGE_LOOP('',(#3698,#3699,#3700,#3701));
#619=EDGE_LOOP('',(#3702,#3703,#3704,#3705));
#620=EDGE_LOOP('',(#3706,#3707,#3708,#3709));
#621=EDGE_LOOP('',(#3710,#3711,#3712,#3713));
#622=EDGE_LOOP('',(#3714,#3715,#3716,#3717));
#623=EDGE_LOOP('',(#3718,#3719,#3720,#3721,#3722,#3723));
#624=EDGE_LOOP('',(#3724,#3725,#3726,#3727));
#625=EDGE_LOOP('',(#3728,#3729,#3730,#3731));
#626=EDGE_LOOP('',(#3732,#3733,#3734,#3735));
#627=EDGE_LOOP('',(#3736,#3737,#3738,#3739));
#628=EDGE_LOOP('',(#3740,#3741,#3742,#3743));
#629=EDGE_LOOP('',(#3744,#3745,#3746,#3747,#3748,#3749));
#630=EDGE_LOOP('',(#3750,#3751,#3752,#3753));
#631=EDGE_LOOP('',(#3754,#3755,#3756,#3757));
#632=EDGE_LOOP('',(#3758,#3759,#3760,#3761));
#633=EDGE_LOOP('',(#3762,#3763,#3764,#3765));
#634=EDGE_LOOP('',(#3766,#3767,#3768,#3769));
#635=EDGE_LOOP('',(#3770,#3771,#3772,#3773));
#636=EDGE_LOOP('',(#3774,#3775,#3776,#3777));
#637=EDGE_LOOP('',(#3778,#3779,#3780,#3781));
#638=EDGE_LOOP('',(#3782,#3783,#3784,#3785));
#639=EDGE_LOOP('',(#3786,#3787,#3788,#3789));
#640=EDGE_LOOP('',(#3790,#3791,#3792,#3793));
#641=EDGE_LOOP('',(#3794,#3795,#3796,#3797));
#642=EDGE_LOOP('',(#3798,#3799,#3800,#3801));
#643=EDGE_LOOP('',(#3802,#3803,#3804,#3805));
#644=EDGE_LOOP('',(#3806,#3807,#3808,#3809));
#645=EDGE_LOOP('',(#3810,#3811,#3812,#3813));
#646=EDGE_LOOP('',(#3814,#3815,#3816,#3817));
#647=EDGE_LOOP('',(#3818,#3819,#3820,#3821));
#648=EDGE_LOOP('',(#3822,#3823,#3824,#3825));
#649=EDGE_LOOP('',(#3826,#3827,#3828,#3829));
#650=EDGE_LOOP('',(#3830,#3831,#3832,#3833));
#651=EDGE_LOOP('',(#3834,#3835,#3836,#3837));
#652=EDGE_LOOP('',(#3838,#3839,#3840,#3841));
#653=EDGE_LOOP('',(#3842,#3843,#3844,#3845));
#654=EDGE_LOOP('',(#3846,#3847,#3848,#3849));
#655=EDGE_LOOP('',(#3850,#3851,#3852,#3853));
#656=EDGE_LOOP('',(#3854,#3855,#3856,#3857));
#657=EDGE_LOOP('',(#3858,#3859,#3860,#3861));
#658=EDGE_LOOP('',(#3862,#3863,#3864,#3865));
#659=EDGE_LOOP('',(#3866,#3867,#3868,#3869));
#660=EDGE_LOOP('',(#3870,#3871,#3872,#3873));
#661=EDGE_LOOP('',(#3874,#3875,#3876,#3877));
#662=EDGE_LOOP('',(#3878,#3879,#3880,#3881));
#663=EDGE_LOOP('',(#3882,#3883,#3884,#3885));
#664=EDGE_LOOP('',(#3886,#3887,#3888,#3889));
#665=EDGE_LOOP('',(#3890,#3891,#3892,#3893,#3894,#3895));
#666=EDGE_LOOP('',(#3896,#3897,#3898,#3899));
#667=EDGE_LOOP('',(#3900,#3901,#3902,#3903));
#668=EDGE_LOOP('',(#3904,#3905,#3906,#3907));
#669=EDGE_LOOP('',(#3908,#3909,#3910,#3911));
#670=EDGE_LOOP('',(#3912,#3913,#3914,#3915));
#671=EDGE_LOOP('',(#3916,#3917,#3918,#3919));
#672=EDGE_LOOP('',(#3920,#3921,#3922,#3923));
#673=EDGE_LOOP('',(#3924,#3925,#3926,#3927));
#674=EDGE_LOOP('',(#3928,#3929,#3930,#3931));
#675=EDGE_LOOP('',(#3932,#3933,#3934,#3935));
#676=EDGE_LOOP('',(#3936,#3937,#3938,#3939));
#677=EDGE_LOOP('',(#3940,#3941,#3942,#3943,#3944,#3945,#3946,#3947,#3948,
#3949,#3950,#3951,#3952,#3953,#3954,#3955,#3956,#3957,#3958,#3959,#3960,
#3961,#3962,#3963));
#678=EDGE_LOOP('',(#3964,#3965,#3966,#3967));
#679=EDGE_LOOP('',(#3968,#3969,#3970,#3971));
#680=EDGE_LOOP('',(#3972,#3973,#3974,#3975));
#681=EDGE_LOOP('',(#3976,#3977,#3978,#3979,#3980,#3981));
#682=EDGE_LOOP('',(#3982,#3983,#3984,#3985,#3986,#3987));
#683=EDGE_LOOP('',(#3988,#3989,#3990,#3991));
#684=EDGE_LOOP('',(#3992,#3993,#3994,#3995));
#685=EDGE_LOOP('',(#3996,#3997,#3998,#3999,#4000,#4001));
#686=EDGE_LOOP('',(#4002,#4003,#4004,#4005,#4006,#4007));
#687=EDGE_LOOP('',(#4008,#4009,#4010,#4011,#4012,#4013));
#688=EDGE_LOOP('',(#4014,#4015,#4016,#4017));
#689=EDGE_LOOP('',(#4018,#4019,#4020,#4021,#4022,#4023));
#690=EDGE_LOOP('',(#4024,#4025,#4026,#4027));
#691=EDGE_LOOP('',(#4028,#4029,#4030,#4031,#4032,#4033,#4034,#4035));
#692=EDGE_LOOP('',(#4036,#4037,#4038,#4039));
#693=EDGE_LOOP('',(#4040,#4041,#4042,#4043));
#694=EDGE_LOOP('',(#4044,#4045,#4046,#4047,#4048,#4049,#4050,#4051,#4052,
#4053));
#695=EDGE_LOOP('',(#4054,#4055,#4056,#4057));
#696=EDGE_LOOP('',(#4058,#4059,#4060,#4061));
#697=EDGE_LOOP('',(#4062,#4063,#4064,#4065));
#698=EDGE_LOOP('',(#4066,#4067,#4068,#4069));
#699=EDGE_LOOP('',(#4070,#4071,#4072,#4073,#4074,#4075));
#700=EDGE_LOOP('',(#4076,#4077,#4078,#4079,#4080,#4081));
#701=EDGE_LOOP('',(#4082,#4083,#4084,#4085,#4086,#4087));
#702=EDGE_LOOP('',(#4088,#4089,#4090,#4091,#4092,#4093));
#703=EDGE_LOOP('',(#4094,#4095,#4096,#4097,#4098,#4099));
#704=EDGE_LOOP('',(#4100,#4101,#4102,#4103,#4104,#4105));
#705=EDGE_LOOP('',(#4106,#4107,#4108,#4109));
#706=EDGE_LOOP('',(#4110,#4111,#4112,#4113));
#707=EDGE_LOOP('',(#4114,#4115,#4116,#4117));
#708=EDGE_LOOP('',(#4118,#4119,#4120,#4121));
#709=EDGE_LOOP('',(#4122,#4123,#4124,#4125));
#710=EDGE_LOOP('',(#4126,#4127,#4128,#4129));
#711=EDGE_LOOP('',(#4130,#4131,#4132,#4133));
#712=EDGE_LOOP('',(#4134,#4135,#4136,#4137,#4138,#4139));
#713=EDGE_LOOP('',(#4140,#4141,#4142,#4143));
#714=EDGE_LOOP('',(#4144,#4145,#4146,#4147));
#715=EDGE_LOOP('',(#4148,#4149,#4150,#4151));
#716=EDGE_LOOP('',(#4152,#4153,#4154,#4155,#4156,#4157));
#717=EDGE_LOOP('',(#4158,#4159,#4160,#4161));
#718=EDGE_LOOP('',(#4162,#4163,#4164,#4165));
#719=EDGE_LOOP('',(#4166,#4167,#4168,#4169,#4170,#4171));
#720=EDGE_LOOP('',(#4172,#4173,#4174,#4175,#4176,#4177));
#721=EDGE_LOOP('',(#4178,#4179,#4180,#4181));
#722=EDGE_LOOP('',(#4182,#4183,#4184,#4185));
#723=EDGE_LOOP('',(#4186,#4187,#4188,#4189,#4190,#4191));
#724=EDGE_LOOP('',(#4192,#4193,#4194,#4195));
#725=EDGE_LOOP('',(#4196,#4197,#4198,#4199));
#726=EDGE_LOOP('',(#4200,#4201,#4202,#4203,#4204,#4205));
#727=EDGE_LOOP('',(#4206,#4207,#4208,#4209));
#728=EDGE_LOOP('',(#4210,#4211,#4212,#4213));
#729=EDGE_LOOP('',(#4214,#4215,#4216,#4217));
#730=EDGE_LOOP('',(#4218,#4219,#4220,#4221));
#731=EDGE_LOOP('',(#4222,#4223,#4224,#4225));
#732=EDGE_LOOP('',(#4226,#4227,#4228,#4229,#4230,#4231,#4232,#4233,#4234,
#4235,#4236,#4237,#4238,#4239,#4240,#4241));
#733=EDGE_LOOP('',(#4242,#4243,#4244,#4245,#4246));
#734=EDGE_LOOP('',(#4247,#4248,#4249,#4250,#4251));
#735=EDGE_LOOP('',(#4252));
#736=EDGE_LOOP('',(#4253,#4254));
#737=EDGE_LOOP('',(#4255,#4256,#4257,#4258));
#738=EDGE_LOOP('',(#4259,#4260,#4261,#4262));
#739=EDGE_LOOP('',(#4263,#4264,#4265,#4266));
#740=EDGE_LOOP('',(#4267,#4268,#4269,#4270));
#741=EDGE_LOOP('',(#4271,#4272,#4273,#4274));
#742=EDGE_LOOP('',(#4275,#4276,#4277,#4278));
#743=EDGE_LOOP('',(#4279,#4280,#4281,#4282));
#744=EDGE_LOOP('',(#4283,#4284,#4285,#4286));
#745=EDGE_LOOP('',(#4287,#4288,#4289,#4290));
#746=EDGE_LOOP('',(#4291,#4292,#4293,#4294));
#747=EDGE_LOOP('',(#4295,#4296,#4297,#4298));
#748=EDGE_LOOP('',(#4299,#4300,#4301,#4302));
#749=EDGE_LOOP('',(#4303,#4304,#4305,#4306));
#750=EDGE_LOOP('',(#4307,#4308,#4309,#4310));
#751=EDGE_LOOP('',(#4311,#4312,#4313,#4314));
#752=EDGE_LOOP('',(#4315,#4316,#4317,#4318));
#753=EDGE_LOOP('',(#4319,#4320,#4321,#4322));
#754=EDGE_LOOP('',(#4323,#4324,#4325,#4326));
#755=EDGE_LOOP('',(#4327,#4328,#4329,#4330));
#756=EDGE_LOOP('',(#4331,#4332,#4333,#4334));
#757=EDGE_LOOP('',(#4335,#4336,#4337,#4338));
#758=EDGE_LOOP('',(#4339,#4340,#4341,#4342));
#759=EDGE_LOOP('',(#4343,#4344,#4345,#4346));
#760=EDGE_LOOP('',(#4347,#4348,#4349,#4350));
#761=EDGE_LOOP('',(#4351,#4352,#4353,#4354));
#762=EDGE_LOOP('',(#4355,#4356,#4357,#4358));
#763=EDGE_LOOP('',(#4359,#4360,#4361,#4362));
#764=EDGE_LOOP('',(#4363,#4364,#4365,#4366));
#765=EDGE_LOOP('',(#4367,#4368,#4369,#4370,#4371,#4372,#4373,#4374,#4375,
#4376,#4377,#4378,#4379,#4380,#4381,#4382));
#766=EDGE_LOOP('',(#4383,#4384,#4385,#4386,#4387,#4388,#4389,#4390,#4391,
#4392,#4393,#4394,#4395,#4396,#4397,#4398,#4399,#4400,#4401,#4402,#4403,
#4404,#4405,#4406,#4407,#4408,#4409,#4410));
#767=EDGE_LOOP('',(#4411,#4412,#4413,#4414,#4415,#4416,#4417,#4418,#4419,
#4420,#4421,#4422,#4423,#4424,#4425,#4426,#4427,#4428,#4429,#4430,#4431,
#4432,#4433,#4434,#4435,#4436,#4437,#4438));
#768=EDGE_LOOP('',(#4439,#4440,#4441,#4442));
#769=EDGE_LOOP('',(#4443,#4444,#4445,#4446));
#770=EDGE_LOOP('',(#4447,#4448,#4449,#4450));
#771=EDGE_LOOP('',(#4451,#4452,#4453,#4454));
#772=EDGE_LOOP('',(#4455));
#773=EDGE_LOOP('',(#4456,#4457,#4458,#4459));
#774=EDGE_LOOP('',(#4460,#4461,#4462,#4463));
#775=EDGE_LOOP('',(#4464,#4465,#4466,#4467));
#776=EDGE_LOOP('',(#4468,#4469,#4470,#4471));
#777=EDGE_LOOP('',(#4472,#4473,#4474,#4475));
#778=EDGE_LOOP('',(#4476,#4477,#4478,#4479,#4480,#4481));
#779=EDGE_LOOP('',(#4482,#4483,#4484,#4485,#4486,#4487));
#780=EDGE_LOOP('',(#4488,#4489,#4490,#4491,#4492,#4493));
#781=EDGE_LOOP('',(#4494,#4495,#4496,#4497,#4498,#4499));
#782=EDGE_LOOP('',(#4500,#4501,#4502,#4503,#4504,#4505));
#783=EDGE_LOOP('',(#4506,#4507,#4508,#4509,#4510,#4511));
#784=EDGE_LOOP('',(#4512,#4513,#4514,#4515,#4516,#4517,#4518,#4519,#4520,
#4521,#4522,#4523,#4524,#4525,#4526,#4527,#4528,#4529,#4530,#4531,#4532,
#4533,#4534,#4535,#4536,#4537));
#785=EDGE_LOOP('',(#4538,#4539,#4540,#4541,#4542,#4543));
#786=EDGE_LOOP('',(#4544,#4545,#4546,#4547,#4548,#4549));
#787=EDGE_LOOP('',(#4550,#4551,#4552,#4553));
#788=EDGE_LOOP('',(#4554,#4555,#4556,#4557,#4558,#4559));
#789=EDGE_LOOP('',(#4560,#4561,#4562,#4563));
#790=EDGE_LOOP('',(#4564,#4565,#4566,#4567));
#791=EDGE_LOOP('',(#4568,#4569,#4570,#4571));
#792=EDGE_LOOP('',(#4572,#4573,#4574,#4575,#4576,#4577));
#793=EDGE_LOOP('',(#4578,#4579,#4580,#4581));
#794=EDGE_LOOP('',(#4582,#4583,#4584,#4585));
#795=EDGE_LOOP('',(#4586,#4587,#4588,#4589));
#796=EDGE_LOOP('',(#4590,#4591,#4592,#4593));
#797=EDGE_LOOP('',(#4594,#4595,#4596,#4597,#4598,#4599));
#798=EDGE_LOOP('',(#4600,#4601,#4602,#4603));
#799=EDGE_LOOP('',(#4604,#4605,#4606,#4607,#4608,#4609));
#800=EDGE_LOOP('',(#4610,#4611,#4612,#4613));
#801=EDGE_LOOP('',(#4614,#4615,#4616,#4617));
#802=EDGE_LOOP('',(#4618,#4619,#4620,#4621));
#803=EDGE_LOOP('',(#4622,#4623,#4624,#4625));
#804=EDGE_LOOP('',(#4626,#4627,#4628,#4629,#4630,#4631));
#805=EDGE_LOOP('',(#4632,#4633,#4634,#4635));
#806=EDGE_LOOP('',(#4636,#4637,#4638,#4639));
#807=EDGE_LOOP('',(#4640,#4641,#4642,#4643));
#808=EDGE_LOOP('',(#4644,#4645,#4646,#4647,#4648,#4649));
#809=EDGE_LOOP('',(#4650,#4651,#4652,#4653));
#810=EDGE_LOOP('',(#4654,#4655,#4656,#4657));
#811=EDGE_LOOP('',(#4658,#4659,#4660,#4661));
#812=EDGE_LOOP('',(#4662,#4663,#4664,#4665,#4666,#4667));
#813=EDGE_LOOP('',(#4668,#4669,#4670,#4671));
#814=EDGE_LOOP('',(#4672,#4673,#4674,#4675));
#815=EDGE_LOOP('',(#4676,#4677,#4678,#4679));
#816=EDGE_LOOP('',(#4680,#4681,#4682,#4683));
#817=EDGE_LOOP('',(#4684,#4685,#4686,#4687,#4688,#4689));
#818=EDGE_LOOP('',(#4690,#4691,#4692,#4693));
#819=EDGE_LOOP('',(#4694,#4695,#4696,#4697));
#820=EDGE_LOOP('',(#4698,#4699,#4700,#4701,#4702,#4703));
#821=EDGE_LOOP('',(#4704,#4705,#4706,#4707));
#822=EDGE_LOOP('',(#4708,#4709,#4710,#4711));
#823=EDGE_LOOP('',(#4712,#4713,#4714,#4715));
#824=EDGE_LOOP('',(#4716,#4717,#4718,#4719,#4720,#4721));
#825=EDGE_LOOP('',(#4722,#4723,#4724,#4725));
#826=EDGE_LOOP('',(#4726,#4727,#4728,#4729));
#827=EDGE_LOOP('',(#4730,#4731,#4732,#4733));
#828=EDGE_LOOP('',(#4734,#4735,#4736,#4737,#4738,#4739));
#829=EDGE_LOOP('',(#4740,#4741,#4742,#4743));
#830=EDGE_LOOP('',(#4744,#4745,#4746,#4747));
#831=EDGE_LOOP('',(#4748,#4749,#4750,#4751));
#832=EDGE_LOOP('',(#4752,#4753,#4754,#4755,#4756,#4757));
#833=EDGE_LOOP('',(#4758,#4759,#4760,#4761));
#834=EDGE_LOOP('',(#4762,#4763,#4764,#4765));
#835=EDGE_LOOP('',(#4766,#4767,#4768,#4769));
#836=EDGE_LOOP('',(#4770,#4771,#4772,#4773));
#837=EDGE_LOOP('',(#4774,#4775,#4776,#4777,#4778,#4779,#4780,#4781,#4782,
#4783));
#838=EDGE_LOOP('',(#4784,#4785,#4786,#4787,#4788,#4789,#4790,#4791));
#839=EDGE_LOOP('',(#4792,#4793,#4794,#4795));
#840=EDGE_LOOP('',(#4796,#4797,#4798,#4799));
#841=EDGE_LOOP('',(#4800,#4801,#4802,#4803));
#842=EDGE_LOOP('',(#4804,#4805,#4806,#4807));
#843=EDGE_LOOP('',(#4808,#4809,#4810,#4811));
#844=EDGE_LOOP('',(#4812,#4813,#4814,#4815));
#845=EDGE_LOOP('',(#4816,#4817,#4818,#4819));
#846=EDGE_LOOP('',(#4820,#4821,#4822,#4823));
#847=EDGE_LOOP('',(#4824,#4825,#4826,#4827));
#848=EDGE_LOOP('',(#4828,#4829,#4830,#4831));
#849=EDGE_LOOP('',(#4832,#4833,#4834,#4835));
#850=EDGE_LOOP('',(#4836,#4837,#4838,#4839));
#851=EDGE_LOOP('',(#4840,#4841,#4842,#4843));
#852=EDGE_LOOP('',(#4844,#4845,#4846,#4847));
#853=EDGE_LOOP('',(#4848,#4849,#4850,#4851));
#854=EDGE_LOOP('',(#4852,#4853,#4854,#4855));
#855=EDGE_LOOP('',(#4856,#4857,#4858,#4859));
#856=EDGE_LOOP('',(#4860,#4861,#4862,#4863,#4864,#4865,#4866,#4867));
#857=EDGE_LOOP('',(#4868,#4869,#4870,#4871));
#858=EDGE_LOOP('',(#4872,#4873,#4874,#4875));
#859=EDGE_LOOP('',(#4876,#4877,#4878,#4879));
#860=EDGE_LOOP('',(#4880,#4881,#4882,#4883,#4884,#4885,#4886,#4887));
#861=EDGE_LOOP('',(#4888,#4889,#4890,#4891));
#862=EDGE_LOOP('',(#4892,#4893,#4894,#4895));
#863=EDGE_LOOP('',(#4896,#4897,#4898,#4899));
#864=EDGE_LOOP('',(#4900,#4901,#4902,#4903));
#865=EDGE_LOOP('',(#4904,#4905,#4906,#4907));
#866=EDGE_LOOP('',(#4908,#4909,#4910,#4911));
#867=EDGE_LOOP('',(#4912,#4913,#4914,#4915));
#868=EDGE_LOOP('',(#4916,#4917,#4918,#4919));
#869=EDGE_LOOP('',(#4920,#4921,#4922,#4923));
#870=EDGE_LOOP('',(#4924,#4925,#4926,#4927));
#871=EDGE_LOOP('',(#4928,#4929,#4930,#4931));
#872=EDGE_LOOP('',(#4932,#4933,#4934,#4935));
#873=EDGE_LOOP('',(#4936,#4937,#4938,#4939));
#874=EDGE_LOOP('',(#4940,#4941,#4942,#4943));
#875=EDGE_LOOP('',(#4944,#4945,#4946,#4947));
#876=EDGE_LOOP('',(#4948,#4949,#4950,#4951,#4952,#4953,#4954,#4955));
#877=EDGE_LOOP('',(#4956,#4957,#4958,#4959));
#878=EDGE_LOOP('',(#4960,#4961,#4962,#4963));
#879=EDGE_LOOP('',(#4964,#4965,#4966,#4967));
#880=EDGE_LOOP('',(#4968,#4969,#4970,#4971,#4972,#4973,#4974,#4975));
#881=EDGE_LOOP('',(#4976,#4977,#4978,#4979));
#882=EDGE_LOOP('',(#4980,#4981,#4982,#4983));
#883=EDGE_LOOP('',(#4984,#4985,#4986,#4987));
#884=EDGE_LOOP('',(#4988,#4989,#4990,#4991));
#885=EDGE_LOOP('',(#4992,#4993,#4994,#4995));
#886=EDGE_LOOP('',(#4996,#4997,#4998,#4999));
#887=EDGE_LOOP('',(#5000,#5001,#5002,#5003));
#888=EDGE_LOOP('',(#5004,#5005,#5006,#5007));
#889=EDGE_LOOP('',(#5008,#5009,#5010,#5011));
#890=EDGE_LOOP('',(#5012,#5013,#5014,#5015));
#891=EDGE_LOOP('',(#5016,#5017,#5018,#5019));
#892=EDGE_LOOP('',(#5020,#5021,#5022,#5023));
#893=EDGE_LOOP('',(#5024,#5025,#5026,#5027));
#894=EDGE_LOOP('',(#5028,#5029,#5030,#5031));
#895=EDGE_LOOP('',(#5032,#5033,#5034,#5035,#5036,#5037,#5038,#5039,#5040,
#5041));
#896=EDGE_LOOP('',(#5042,#5043,#5044,#5045,#5046,#5047,#5048,#5049));
#897=EDGE_LOOP('',(#5050,#5051,#5052,#5053));
#898=EDGE_LOOP('',(#5054,#5055,#5056,#5057));
#899=EDGE_LOOP('',(#5058,#5059,#5060,#5061));
#900=EDGE_LOOP('',(#5062,#5063,#5064,#5065));
#901=EDGE_LOOP('',(#5066,#5067,#5068,#5069));
#902=EDGE_LOOP('',(#5070,#5071,#5072,#5073));
#903=EDGE_LOOP('',(#5074,#5075,#5076,#5077));
#904=EDGE_LOOP('',(#5078,#5079,#5080,#5081));
#905=EDGE_LOOP('',(#5082,#5083,#5084,#5085));
#906=EDGE_LOOP('',(#5086,#5087,#5088,#5089));
#907=EDGE_LOOP('',(#5090,#5091,#5092,#5093));
#908=EDGE_LOOP('',(#5094,#5095,#5096,#5097));
#909=EDGE_LOOP('',(#5098,#5099,#5100,#5101));
#910=EDGE_LOOP('',(#5102,#5103,#5104,#5105));
#911=EDGE_LOOP('',(#5106,#5107,#5108,#5109));
#912=EDGE_LOOP('',(#5110,#5111,#5112,#5113));
#913=EDGE_LOOP('',(#5114,#5115,#5116,#5117));
#914=EDGE_LOOP('',(#5118,#5119,#5120,#5121,#5122,#5123,#5124,#5125));
#915=EDGE_LOOP('',(#5126,#5127,#5128,#5129));
#916=EDGE_LOOP('',(#5130,#5131,#5132,#5133));
#917=EDGE_LOOP('',(#5134,#5135,#5136,#5137));
#918=EDGE_LOOP('',(#5138,#5139,#5140,#5141,#5142,#5143,#5144,#5145));
#919=EDGE_LOOP('',(#5146,#5147,#5148,#5149));
#920=EDGE_LOOP('',(#5150,#5151,#5152,#5153));
#921=EDGE_LOOP('',(#5154,#5155,#5156,#5157));
#922=EDGE_LOOP('',(#5158,#5159,#5160,#5161));
#923=EDGE_LOOP('',(#5162,#5163,#5164,#5165));
#924=EDGE_LOOP('',(#5166,#5167,#5168,#5169));
#925=EDGE_LOOP('',(#5170,#5171,#5172,#5173));
#926=EDGE_LOOP('',(#5174,#5175,#5176,#5177));
#927=EDGE_LOOP('',(#5178,#5179,#5180,#5181));
#928=EDGE_LOOP('',(#5182,#5183,#5184,#5185));
#929=EDGE_LOOP('',(#5186,#5187,#5188,#5189));
#930=EDGE_LOOP('',(#5190,#5191,#5192,#5193));
#931=EDGE_LOOP('',(#5194,#5195,#5196,#5197));
#932=EDGE_LOOP('',(#5198,#5199,#5200,#5201));
#933=EDGE_LOOP('',(#5202,#5203,#5204,#5205));
#934=EDGE_LOOP('',(#5206,#5207,#5208,#5209));
#935=EDGE_LOOP('',(#5210,#5211,#5212,#5213));
#936=EDGE_LOOP('',(#5214,#5215,#5216,#5217));
#937=EDGE_LOOP('',(#5218,#5219,#5220,#5221));
#938=EDGE_LOOP('',(#5222,#5223,#5224,#5225));
#939=EDGE_LOOP('',(#5226,#5227,#5228,#5229));
#940=EDGE_LOOP('',(#5230,#5231,#5232,#5233));
#941=EDGE_LOOP('',(#5234,#5235,#5236,#5237));
#942=EDGE_LOOP('',(#5238,#5239,#5240,#5241));
#943=EDGE_LOOP('',(#5242,#5243,#5244,#5245));
#944=EDGE_LOOP('',(#5246,#5247,#5248,#5249));
#945=EDGE_LOOP('',(#5250,#5251,#5252,#5253));
#946=EDGE_LOOP('',(#5254,#5255,#5256,#5257));
#947=EDGE_LOOP('',(#5258,#5259,#5260,#5261));
#948=EDGE_LOOP('',(#5262,#5263,#5264,#5265));
#949=EDGE_LOOP('',(#5266,#5267,#5268,#5269));
#950=EDGE_LOOP('',(#5270,#5271,#5272,#5273));
#951=LINE('',#7815,#1570);
#952=LINE('',#7818,#1571);
#953=LINE('',#7829,#1572);
#954=LINE('',#7830,#1573);
#955=LINE('',#7841,#1574);
#956=LINE('',#7842,#1575);
#957=LINE('',#7844,#1576);
#958=LINE('',#7850,#1577);
#959=LINE('',#7853,#1578);
#960=LINE('',#7864,#1579);
#961=LINE('',#7865,#1580);
#962=LINE('',#7876,#1581);
#963=LINE('',#7877,#1582);
#964=LINE('',#7879,#1583);
#965=LINE('',#7885,#1584);
#966=LINE('',#7888,#1585);
#967=LINE('',#7899,#1586);
#968=LINE('',#7900,#1587);
#969=LINE('',#7911,#1588);
#970=LINE('',#7912,#1589);
#971=LINE('',#7914,#1590);
#972=LINE('',#7920,#1591);
#973=LINE('',#7923,#1592);
#974=LINE('',#7934,#1593);
#975=LINE('',#7935,#1594);
#976=LINE('',#7946,#1595);
#977=LINE('',#7947,#1596);
#978=LINE('',#7950,#1597);
#979=LINE('',#7952,#1598);
#980=LINE('',#7953,#1599);
#981=LINE('',#7956,#1600);
#982=LINE('',#7960,#1601);
#983=LINE('',#7961,#1602);
#984=LINE('',#7964,#1603);
#985=LINE('',#7968,#1604);
#986=LINE('',#7969,#1605);
#987=LINE('',#7975,#1606);
#988=LINE('',#7978,#1607);
#989=LINE('',#7989,#1608);
#990=LINE('',#7990,#1609);
#991=LINE('',#8001,#1610);
#992=LINE('',#8002,#1611);
#993=LINE('',#8005,#1612);
#994=LINE('',#8007,#1613);
#995=LINE('',#8008,#1614);
#996=LINE('',#8011,#1615);
#997=LINE('',#8015,#1616);
#998=LINE('',#8016,#1617);
#999=LINE('',#8019,#1618);
#1000=LINE('',#8023,#1619);
#1001=LINE('',#8024,#1620);
#1002=LINE('',#8030,#1621);
#1003=LINE('',#8033,#1622);
#1004=LINE('',#8044,#1623);
#1005=LINE('',#8045,#1624);
#1006=LINE('',#8056,#1625);
#1007=LINE('',#8057,#1626);
#1008=LINE('',#8060,#1627);
#1009=LINE('',#8062,#1628);
#1010=LINE('',#8063,#1629);
#1011=LINE('',#8066,#1630);
#1012=LINE('',#8070,#1631);
#1013=LINE('',#8071,#1632);
#1014=LINE('',#8074,#1633);
#1015=LINE('',#8078,#1634);
#1016=LINE('',#8079,#1635);
#1017=LINE('',#8085,#1636);
#1018=LINE('',#8088,#1637);
#1019=LINE('',#8099,#1638);
#1020=LINE('',#8100,#1639);
#1021=LINE('',#8111,#1640);
#1022=LINE('',#8112,#1641);
#1023=LINE('',#8114,#1642);
#1024=LINE('',#8120,#1643);
#1025=LINE('',#8123,#1644);
#1026=LINE('',#8134,#1645);
#1027=LINE('',#8135,#1646);
#1028=LINE('',#8146,#1647);
#1029=LINE('',#8147,#1648);
#1030=LINE('',#8150,#1649);
#1031=LINE('',#8152,#1650);
#1032=LINE('',#8153,#1651);
#1033=LINE('',#8156,#1652);
#1034=LINE('',#8160,#1653);
#1035=LINE('',#8161,#1654);
#1036=LINE('',#8164,#1655);
#1037=LINE('',#8168,#1656);
#1038=LINE('',#8169,#1657);
#1039=LINE('',#8175,#1658);
#1040=LINE('',#8178,#1659);
#1041=LINE('',#8181,#1660);
#1042=LINE('',#8183,#1661);
#1043=LINE('',#8185,#1662);
#1044=LINE('',#8187,#1663);
#1045=LINE('',#8189,#1664);
#1046=LINE('',#8193,#1665);
#1047=LINE('',#8195,#1666);
#1048=LINE('',#8197,#1667);
#1049=LINE('',#8199,#1668);
#1050=LINE('',#8201,#1669);
#1051=LINE('',#8205,#1670);
#1052=LINE('',#8207,#1671);
#1053=LINE('',#8209,#1672);
#1054=LINE('',#8211,#1673);
#1055=LINE('',#8213,#1674);
#1056=LINE('',#8217,#1675);
#1057=LINE('',#8219,#1676);
#1058=LINE('',#8221,#1677);
#1059=LINE('',#8223,#1678);
#1060=LINE('',#8224,#1679);
#1061=LINE('',#8227,#1680);
#1062=LINE('',#8228,#1681);
#1063=LINE('',#8231,#1682);
#1064=LINE('',#8234,#1683);
#1065=LINE('',#8237,#1684);
#1066=LINE('',#8238,#1685);
#1067=LINE('',#8242,#1686);
#1068=LINE('',#8244,#1687);
#1069=LINE('',#8245,#1688);
#1070=LINE('',#8247,#1689);
#1071=LINE('',#8248,#1690);
#1072=LINE('',#8252,#1691);
#1073=LINE('',#8254,#1692);
#1074=LINE('',#8255,#1693);
#1075=LINE('',#8256,#1694);
#1076=LINE('',#8258,#1695);
#1077=LINE('',#8262,#1696);
#1078=LINE('',#8263,#1697);
#1079=LINE('',#8264,#1698);
#1080=LINE('',#8267,#1699);
#1081=LINE('',#8269,#1700);
#1082=LINE('',#8271,#1701);
#1083=LINE('',#8272,#1702);
#1084=LINE('',#8275,#1703);
#1085=LINE('',#8277,#1704);
#1086=LINE('',#8279,#1705);
#1087=LINE('',#8280,#1706);
#1088=LINE('',#8284,#1707);
#1089=LINE('',#8285,#1708);
#1090=LINE('',#8287,#1709);
#1091=LINE('',#8288,#1710);
#1092=LINE('',#8291,#1711);
#1093=LINE('',#8292,#1712);
#1094=LINE('',#8295,#1713);
#1095=LINE('',#8297,#1714);
#1096=LINE('',#8299,#1715);
#1097=LINE('',#8300,#1716);
#1098=LINE('',#8303,#1717);
#1099=LINE('',#8305,#1718);
#1100=LINE('',#8306,#1719);
#1101=LINE('',#8310,#1720);
#1102=LINE('',#8312,#1721);
#1103=LINE('',#8314,#1722);
#1104=LINE('',#8315,#1723);
#1105=LINE('',#8317,#1724);
#1106=LINE('',#8318,#1725);
#1107=LINE('',#8321,#1726);
#1108=LINE('',#8322,#1727);
#1109=LINE('',#8324,#1728);
#1110=LINE('',#8326,#1729);
#1111=LINE('',#8328,#1730);
#1112=LINE('',#8330,#1731);
#1113=LINE('',#8343,#1732);
#1114=LINE('',#8356,#1733);
#1115=LINE('',#8357,#1734);
#1116=LINE('',#8360,#1735);
#1117=LINE('',#8361,#1736);
#1118=LINE('',#8363,#1737);
#1119=LINE('',#8366,#1738);
#1120=LINE('',#8367,#1739);
#1121=LINE('',#8370,#1740);
#1122=LINE('',#8371,#1741);
#1123=LINE('',#8373,#1742);
#1124=LINE('',#8375,#1743);
#1125=LINE('',#8377,#1744);
#1126=LINE('',#8379,#1745);
#1127=LINE('',#8381,#1746);
#1128=LINE('',#8383,#1747);
#1129=LINE('',#8386,#1748);
#1130=LINE('',#8389,#1749);
#1131=LINE('',#8392,#1750);
#1132=LINE('',#8393,#1751);
#1133=LINE('',#8397,#1752);
#1134=LINE('',#8400,#1753);
#1135=LINE('',#8403,#1754);
#1136=LINE('',#8406,#1755);
#1137=LINE('',#8407,#1756);
#1138=LINE('',#8411,#1757);
#1139=LINE('',#8414,#1758);
#1140=LINE('',#8417,#1759);
#1141=LINE('',#8420,#1760);
#1142=LINE('',#8424,#1761);
#1143=LINE('',#8426,#1762);
#1144=LINE('',#8427,#1763);
#1145=LINE('',#8429,#1764);
#1146=LINE('',#8431,#1765);
#1147=LINE('',#8434,#1766);
#1148=LINE('',#8437,#1767);
#1149=LINE('',#8440,#1768);
#1150=LINE('',#8444,#1769);
#1151=LINE('',#8446,#1770);
#1152=LINE('',#8447,#1771);
#1153=LINE('',#8449,#1772);
#1154=LINE('',#8451,#1773);
#1155=LINE('',#8453,#1774);
#1156=LINE('',#8455,#1775);
#1157=LINE('',#8458,#1776);
#1158=LINE('',#8459,#1777);
#1159=LINE('',#8462,#1778);
#1160=LINE('',#8463,#1779);
#1161=LINE('',#8465,#1780);
#1162=LINE('',#8468,#1781);
#1163=LINE('',#8469,#1782);
#1164=LINE('',#8472,#1783);
#1165=LINE('',#8473,#1784);
#1166=LINE('',#8475,#1785);
#1167=LINE('',#8477,#1786);
#1168=LINE('',#8479,#1787);
#1169=LINE('',#8481,#1788);
#1170=LINE('',#8483,#1789);
#1171=LINE('',#8505,#1790);
#1172=LINE('',#8511,#1791);
#1173=LINE('',#8513,#1792);
#1174=LINE('',#8515,#1793);
#1175=LINE('',#8516,#1794);
#1176=LINE('',#8519,#1795);
#1177=LINE('',#8521,#1796);
#1178=LINE('',#8522,#1797);
#1179=LINE('',#8525,#1798);
#1180=LINE('',#8527,#1799);
#1181=LINE('',#8528,#1800);
#1182=LINE('',#8531,#1801);
#1183=LINE('',#8533,#1802);
#1184=LINE('',#8534,#1803);
#1185=LINE('',#8537,#1804);
#1186=LINE('',#8539,#1805);
#1187=LINE('',#8540,#1806);
#1188=LINE('',#8543,#1807);
#1189=LINE('',#8545,#1808);
#1190=LINE('',#8546,#1809);
#1191=LINE('',#8549,#1810);
#1192=LINE('',#8551,#1811);
#1193=LINE('',#8552,#1812);
#1194=LINE('',#8555,#1813);
#1195=LINE('',#8557,#1814);
#1196=LINE('',#8558,#1815);
#1197=LINE('',#8561,#1816);
#1198=LINE('',#8563,#1817);
#1199=LINE('',#8564,#1818);
#1200=LINE('',#8567,#1819);
#1201=LINE('',#8569,#1820);
#1202=LINE('',#8570,#1821);
#1203=LINE('',#8573,#1822);
#1204=LINE('',#8575,#1823);
#1205=LINE('',#8576,#1824);
#1206=LINE('',#8579,#1825);
#1207=LINE('',#8581,#1826);
#1208=LINE('',#8582,#1827);
#1209=LINE('',#8585,#1828);
#1210=LINE('',#8587,#1829);
#1211=LINE('',#8588,#1830);
#1212=LINE('',#8591,#1831);
#1213=LINE('',#8593,#1832);
#1214=LINE('',#8594,#1833);
#1215=LINE('',#8597,#1834);
#1216=LINE('',#8599,#1835);
#1217=LINE('',#8600,#1836);
#1218=LINE('',#8603,#1837);
#1219=LINE('',#8605,#1838);
#1220=LINE('',#8606,#1839);
#1221=LINE('',#8609,#1840);
#1222=LINE('',#8611,#1841);
#1223=LINE('',#8612,#1842);
#1224=LINE('',#8615,#1843);
#1225=LINE('',#8617,#1844);
#1226=LINE('',#8618,#1845);
#1227=LINE('',#8621,#1846);
#1228=LINE('',#8623,#1847);
#1229=LINE('',#8624,#1848);
#1230=LINE('',#8627,#1849);
#1231=LINE('',#8629,#1850);
#1232=LINE('',#8630,#1851);
#1233=LINE('',#8633,#1852);
#1234=LINE('',#8635,#1853);
#1235=LINE('',#8636,#1854);
#1236=LINE('',#8639,#1855);
#1237=LINE('',#8641,#1856);
#1238=LINE('',#8642,#1857);
#1239=LINE('',#8645,#1858);
#1240=LINE('',#8647,#1859);
#1241=LINE('',#8648,#1860);
#1242=LINE('',#8651,#1861);
#1243=LINE('',#8653,#1862);
#1244=LINE('',#8654,#1863);
#1245=LINE('',#8657,#1864);
#1246=LINE('',#8659,#1865);
#1247=LINE('',#8660,#1866);
#1248=LINE('',#8663,#1867);
#1249=LINE('',#8665,#1868);
#1250=LINE('',#8666,#1869);
#1251=LINE('',#8669,#1870);
#1252=LINE('',#8671,#1871);
#1253=LINE('',#8672,#1872);
#1254=LINE('',#8674,#1873);
#1255=LINE('',#8675,#1874);
#1256=LINE('',#8682,#1875);
#1257=LINE('',#8683,#1876);
#1258=LINE('',#8689,#1877);
#1259=LINE('',#8691,#1878);
#1260=LINE('',#8694,#1879);
#1261=LINE('',#8697,#1880);
#1262=LINE('',#8699,#1881);
#1263=LINE('',#8700,#1882);
#1264=LINE('',#8704,#1883);
#1265=LINE('',#8707,#1884);
#1266=LINE('',#8708,#1885);
#1267=LINE('',#8710,#1886);
#1268=LINE('',#8717,#1887);
#1269=LINE('',#8720,#1888);
#1270=LINE('',#8723,#1889);
#1271=LINE('',#8727,#1890);
#1272=LINE('',#8729,#1891);
#1273=LINE('',#8730,#1892);
#1274=LINE('',#8733,#1893);
#1275=LINE('',#8734,#1894);
#1276=LINE('',#8738,#1895);
#1277=LINE('',#8741,#1896);
#1278=LINE('',#8743,#1897);
#1279=LINE('',#8744,#1898);
#1280=LINE('',#8746,#1899);
#1281=LINE('',#8747,#1900);
#1282=LINE('',#8755,#1901);
#1283=LINE('',#8758,#1902);
#1284=LINE('',#8761,#1903);
#1285=LINE('',#8763,#1904);
#1286=LINE('',#8764,#1905);
#1287=LINE('',#8767,#1906);
#1288=LINE('',#8769,#1907);
#1289=LINE('',#8771,#1908);
#1290=LINE('',#8776,#1909);
#1291=LINE('',#8779,#1910);
#1292=LINE('',#8781,#1911);
#1293=LINE('',#8782,#1912);
#1294=LINE('',#8784,#1913);
#1295=LINE('',#8786,#1914);
#1296=LINE('',#8793,#1915);
#1297=LINE('',#8796,#1916);
#1298=LINE('',#8799,#1917);
#1299=LINE('',#8803,#1918);
#1300=LINE('',#8805,#1919);
#1301=LINE('',#8806,#1920);
#1302=LINE('',#8809,#1921);
#1303=LINE('',#8810,#1922);
#1304=LINE('',#8814,#1923);
#1305=LINE('',#8817,#1924);
#1306=LINE('',#8819,#1925);
#1307=LINE('',#8820,#1926);
#1308=LINE('',#8822,#1927);
#1309=LINE('',#8823,#1928);
#1310=LINE('',#8831,#1929);
#1311=LINE('',#8834,#1930);
#1312=LINE('',#8837,#1931);
#1313=LINE('',#8841,#1932);
#1314=LINE('',#8843,#1933);
#1315=LINE('',#8844,#1934);
#1316=LINE('',#8847,#1935);
#1317=LINE('',#8848,#1936);
#1318=LINE('',#8852,#1937);
#1319=LINE('',#8855,#1938);
#1320=LINE('',#8857,#1939);
#1321=LINE('',#8858,#1940);
#1322=LINE('',#8860,#1941);
#1323=LINE('',#8862,#1942);
#1324=LINE('',#8869,#1943);
#1325=LINE('',#8872,#1944);
#1326=LINE('',#8875,#1945);
#1327=LINE('',#8879,#1946);
#1328=LINE('',#8881,#1947);
#1329=LINE('',#8882,#1948);
#1330=LINE('',#8885,#1949);
#1331=LINE('',#8886,#1950);
#1332=LINE('',#8890,#1951);
#1333=LINE('',#8893,#1952);
#1334=LINE('',#8895,#1953);
#1335=LINE('',#8896,#1954);
#1336=LINE('',#8898,#1955);
#1337=LINE('',#8899,#1956);
#1338=LINE('',#8907,#1957);
#1339=LINE('',#8910,#1958);
#1340=LINE('',#8913,#1959);
#1341=LINE('',#8917,#1960);
#1342=LINE('',#8919,#1961);
#1343=LINE('',#8920,#1962);
#1344=LINE('',#8923,#1963);
#1345=LINE('',#8924,#1964);
#1346=LINE('',#8928,#1965);
#1347=LINE('',#8931,#1966);
#1348=LINE('',#8933,#1967);
#1349=LINE('',#8934,#1968);
#1350=LINE('',#8936,#1969);
#1351=LINE('',#8937,#1970);
#1352=LINE('',#8945,#1971);
#1353=LINE('',#8948,#1972);
#1354=LINE('',#8951,#1973);
#1355=LINE('',#8953,#1974);
#1356=LINE('',#8954,#1975);
#1357=LINE('',#8957,#1976);
#1358=LINE('',#8959,#1977);
#1359=LINE('',#8961,#1978);
#1360=LINE('',#8963,#1979);
#1361=LINE('',#8965,#1980);
#1362=LINE('',#8967,#1981);
#1363=LINE('',#8969,#1982);
#1364=LINE('',#8973,#1983);
#1365=LINE('',#8975,#1984);
#1366=LINE('',#8977,#1985);
#1367=LINE('',#8979,#1986);
#1368=LINE('',#8981,#1987);
#1369=LINE('',#8983,#1988);
#1370=LINE('',#8985,#1989);
#1371=LINE('',#8986,#1990);
#1372=LINE('',#8990,#1991);
#1373=LINE('',#8993,#1992);
#1374=LINE('',#8994,#1993);
#1375=LINE('',#8997,#1994);
#1376=LINE('',#8998,#1995);
#1377=LINE('',#9001,#1996);
#1378=LINE('',#9002,#1997);
#1379=LINE('',#9005,#1998);
#1380=LINE('',#9006,#1999);
#1381=LINE('',#9010,#2000);
#1382=LINE('',#9014,#2001);
#1383=LINE('',#9018,#2002);
#1384=LINE('',#9020,#2003);
#1385=LINE('',#9022,#2004);
#1386=LINE('',#9023,#2005);
#1387=LINE('',#9026,#2006);
#1388=LINE('',#9028,#2007);
#1389=LINE('',#9029,#2008);
#1390=LINE('',#9031,#2009);
#1391=LINE('',#9033,#2010);
#1392=LINE('',#9038,#2011);
#1393=LINE('',#9041,#2012);
#1394=LINE('',#9042,#2013);
#1395=LINE('',#9044,#2014);
#1396=LINE('',#9046,#2015);
#1397=LINE('',#9050,#2016);
#1398=LINE('',#9052,#2017);
#1399=LINE('',#9053,#2018);
#1400=LINE('',#9056,#2019);
#1401=LINE('',#9058,#2020);
#1402=LINE('',#9059,#2021);
#1403=LINE('',#9063,#2022);
#1404=LINE('',#9065,#2023);
#1405=LINE('',#9067,#2024);
#1406=LINE('',#9068,#2025);
#1407=LINE('',#9070,#2026);
#1408=LINE('',#9072,#2027);
#1409=LINE('',#9074,#2028);
#1410=LINE('',#9076,#2029);
#1411=LINE('',#9077,#2030);
#1412=LINE('',#9080,#2031);
#1413=LINE('',#9081,#2032);
#1414=LINE('',#9084,#2033);
#1415=LINE('',#9085,#2034);
#1416=LINE('',#9089,#2035);
#1417=LINE('',#9091,#2036);
#1418=LINE('',#9093,#2037);
#1419=LINE('',#9094,#2038);
#1420=LINE('',#9096,#2039);
#1421=LINE('',#9098,#2040);
#1422=LINE('',#9099,#2041);
#1423=LINE('',#9101,#2042);
#1424=LINE('',#9102,#2043);
#1425=LINE('',#9108,#2044);
#1426=LINE('',#9112,#2045);
#1427=LINE('',#9116,#2046);
#1428=LINE('',#9118,#2047);
#1429=LINE('',#9120,#2048);
#1430=LINE('',#9121,#2049);
#1431=LINE('',#9124,#2050);
#1432=LINE('',#9126,#2051);
#1433=LINE('',#9127,#2052);
#1434=LINE('',#9129,#2053);
#1435=LINE('',#9132,#2054);
#1436=LINE('',#9135,#2055);
#1437=LINE('',#9139,#2056);
#1438=LINE('',#9140,#2057);
#1439=LINE('',#9142,#2058);
#1440=LINE('',#9144,#2059);
#1441=LINE('',#9148,#2060);
#1442=LINE('',#9150,#2061);
#1443=LINE('',#9151,#2062);
#1444=LINE('',#9154,#2063);
#1445=LINE('',#9156,#2064);
#1446=LINE('',#9157,#2065);
#1447=LINE('',#9161,#2066);
#1448=LINE('',#9163,#2067);
#1449=LINE('',#9165,#2068);
#1450=LINE('',#9166,#2069);
#1451=LINE('',#9168,#2070);
#1452=LINE('',#9170,#2071);
#1453=LINE('',#9172,#2072);
#1454=LINE('',#9174,#2073);
#1455=LINE('',#9175,#2074);
#1456=LINE('',#9178,#2075);
#1457=LINE('',#9179,#2076);
#1458=LINE('',#9182,#2077);
#1459=LINE('',#9183,#2078);
#1460=LINE('',#9187,#2079);
#1461=LINE('',#9189,#2080);
#1462=LINE('',#9191,#2081);
#1463=LINE('',#9192,#2082);
#1464=LINE('',#9194,#2083);
#1465=LINE('',#9196,#2084);
#1466=LINE('',#9197,#2085);
#1467=LINE('',#9199,#2086);
#1468=LINE('',#9200,#2087);
#1469=LINE('',#9206,#2088);
#1470=LINE('',#9211,#2089);
#1471=LINE('',#9213,#2090);
#1472=LINE('',#9215,#2091);
#1473=LINE('',#9216,#2092);
#1474=LINE('',#9219,#2093);
#1475=LINE('',#9221,#2094);
#1476=LINE('',#9222,#2095);
#1477=LINE('',#9224,#2096);
#1478=LINE('',#9226,#2097);
#1479=LINE('',#9231,#2098);
#1480=LINE('',#9234,#2099);
#1481=LINE('',#9235,#2100);
#1482=LINE('',#9237,#2101);
#1483=LINE('',#9239,#2102);
#1484=LINE('',#9243,#2103);
#1485=LINE('',#9244,#2104);
#1486=LINE('',#9247,#2105);
#1487=LINE('',#9248,#2106);
#1488=LINE('',#9251,#2107);
#1489=LINE('',#9253,#2108);
#1490=LINE('',#9254,#2109);
#1491=LINE('',#9256,#2110);
#1492=LINE('',#9258,#2111);
#1493=LINE('',#9260,#2112);
#1494=LINE('',#9262,#2113);
#1495=LINE('',#9263,#2114);
#1496=LINE('',#9265,#2115);
#1497=LINE('',#9267,#2116);
#1498=LINE('',#9269,#2117);
#1499=LINE('',#9271,#2118);
#1500=LINE('',#9276,#2119);
#1501=LINE('',#9280,#2120);
#1502=LINE('',#9284,#2121);
#1503=LINE('',#9286,#2122);
#1504=LINE('',#9288,#2123);
#1505=LINE('',#9289,#2124);
#1506=LINE('',#9292,#2125);
#1507=LINE('',#9294,#2126);
#1508=LINE('',#9295,#2127);
#1509=LINE('',#9297,#2128);
#1510=LINE('',#9300,#2129);
#1511=LINE('',#9303,#2130);
#1512=LINE('',#9307,#2131);
#1513=LINE('',#9308,#2132);
#1514=LINE('',#9310,#2133);
#1515=LINE('',#9312,#2134);
#1516=LINE('',#9316,#2135);
#1517=LINE('',#9318,#2136);
#1518=LINE('',#9319,#2137);
#1519=LINE('',#9322,#2138);
#1520=LINE('',#9324,#2139);
#1521=LINE('',#9325,#2140);
#1522=LINE('',#9329,#2141);
#1523=LINE('',#9331,#2142);
#1524=LINE('',#9333,#2143);
#1525=LINE('',#9334,#2144);
#1526=LINE('',#9336,#2145);
#1527=LINE('',#9338,#2146);
#1528=LINE('',#9340,#2147);
#1529=LINE('',#9342,#2148);
#1530=LINE('',#9343,#2149);
#1531=LINE('',#9346,#2150);
#1532=LINE('',#9347,#2151);
#1533=LINE('',#9350,#2152);
#1534=LINE('',#9351,#2153);
#1535=LINE('',#9355,#2154);
#1536=LINE('',#9357,#2155);
#1537=LINE('',#9359,#2156);
#1538=LINE('',#9360,#2157);
#1539=LINE('',#9362,#2158);
#1540=LINE('',#9364,#2159);
#1541=LINE('',#9365,#2160);
#1542=LINE('',#9367,#2161);
#1543=LINE('',#9369,#2162);
#1544=LINE('',#9374,#2163);
#1545=LINE('',#9379,#2164);
#1546=LINE('',#9381,#2165);
#1547=LINE('',#9383,#2166);
#1548=LINE('',#9384,#2167);
#1549=LINE('',#9387,#2168);
#1550=LINE('',#9389,#2169);
#1551=LINE('',#9390,#2170);
#1552=LINE('',#9392,#2171);
#1553=LINE('',#9394,#2172);
#1554=LINE('',#9396,#2173);
#1555=LINE('',#9400,#2174);
#1556=LINE('',#9401,#2175);
#1557=LINE('',#9403,#2176);
#1558=LINE('',#9410,#2177);
#1559=LINE('',#9412,#2178);
#1560=LINE('',#9414,#2179);
#1561=LINE('',#9417,#2180);
#1562=LINE('',#9424,#2181);
#1563=LINE('',#9426,#2182);
#1564=LINE('',#9428,#2183);
#1565=LINE('',#9430,#2184);
#1566=LINE('',#9438,#2185);
#1567=LINE('',#9440,#2186);
#1568=LINE('',#9442,#2187);
#1569=LINE('',#9444,#2188);
#1570=VECTOR('',#6196,10.);
#1571=VECTOR('',#6199,10.);
#1572=VECTOR('',#6212,10.);
#1573=VECTOR('',#6213,10.);
#1574=VECTOR('',#6226,10.);
#1575=VECTOR('',#6227,10.);
#1576=VECTOR('',#6230,10.);
#1577=VECTOR('',#6235,10.);
#1578=VECTOR('',#6238,10.);
#1579=VECTOR('',#6251,10.);
#1580=VECTOR('',#6252,10.);
#1581=VECTOR('',#6265,10.);
#1582=VECTOR('',#6266,10.);
#1583=VECTOR('',#6269,10.);
#1584=VECTOR('',#6274,10.);
#1585=VECTOR('',#6277,10.);
#1586=VECTOR('',#6290,10.);
#1587=VECTOR('',#6291,10.);
#1588=VECTOR('',#6304,10.);
#1589=VECTOR('',#6305,10.);
#1590=VECTOR('',#6308,10.);
#1591=VECTOR('',#6313,10.);
#1592=VECTOR('',#6316,10.);
#1593=VECTOR('',#6329,10.);
#1594=VECTOR('',#6330,10.);
#1595=VECTOR('',#6343,10.);
#1596=VECTOR('',#6344,10.);
#1597=VECTOR('',#6347,10.);
#1598=VECTOR('',#6348,10.);
#1599=VECTOR('',#6349,10.);
#1600=VECTOR('',#6352,10.);
#1601=VECTOR('',#6357,10.);
#1602=VECTOR('',#6358,10.);
#1603=VECTOR('',#6361,10.);
#1604=VECTOR('',#6366,10.);
#1605=VECTOR('',#6367,10.);
#1606=VECTOR('',#6372,10.);
#1607=VECTOR('',#6375,10.);
#1608=VECTOR('',#6388,10.);
#1609=VECTOR('',#6389,10.);
#1610=VECTOR('',#6402,10.);
#1611=VECTOR('',#6403,10.);
#1612=VECTOR('',#6406,10.);
#1613=VECTOR('',#6407,10.);
#1614=VECTOR('',#6408,10.);
#1615=VECTOR('',#6411,10.);
#1616=VECTOR('',#6416,10.);
#1617=VECTOR('',#6417,10.);
#1618=VECTOR('',#6420,10.);
#1619=VECTOR('',#6425,10.);
#1620=VECTOR('',#6426,10.);
#1621=VECTOR('',#6431,10.);
#1622=VECTOR('',#6434,10.);
#1623=VECTOR('',#6447,10.);
#1624=VECTOR('',#6448,10.);
#1625=VECTOR('',#6461,10.);
#1626=VECTOR('',#6462,10.);
#1627=VECTOR('',#6465,10.);
#1628=VECTOR('',#6466,10.);
#1629=VECTOR('',#6467,10.);
#1630=VECTOR('',#6470,10.);
#1631=VECTOR('',#6475,10.);
#1632=VECTOR('',#6476,10.);
#1633=VECTOR('',#6479,10.);
#1634=VECTOR('',#6484,10.);
#1635=VECTOR('',#6485,10.);
#1636=VECTOR('',#6490,10.);
#1637=VECTOR('',#6493,10.);
#1638=VECTOR('',#6506,10.);
#1639=VECTOR('',#6507,10.);
#1640=VECTOR('',#6520,10.);
#1641=VECTOR('',#6521,10.);
#1642=VECTOR('',#6524,10.);
#1643=VECTOR('',#6529,10.);
#1644=VECTOR('',#6532,10.);
#1645=VECTOR('',#6545,10.);
#1646=VECTOR('',#6546,10.);
#1647=VECTOR('',#6559,10.);
#1648=VECTOR('',#6560,10.);
#1649=VECTOR('',#6563,10.);
#1650=VECTOR('',#6564,10.);
#1651=VECTOR('',#6565,10.);
#1652=VECTOR('',#6568,10.);
#1653=VECTOR('',#6573,10.);
#1654=VECTOR('',#6574,10.);
#1655=VECTOR('',#6577,10.);
#1656=VECTOR('',#6582,10.);
#1657=VECTOR('',#6583,10.);
#1658=VECTOR('',#6588,10.);
#1659=VECTOR('',#6591,10.);
#1660=VECTOR('',#6594,10.);
#1661=VECTOR('',#6595,10.);
#1662=VECTOR('',#6596,10.);
#1663=VECTOR('',#6597,10.);
#1664=VECTOR('',#6598,10.);
#1665=VECTOR('',#6601,10.);
#1666=VECTOR('',#6602,10.);
#1667=VECTOR('',#6603,10.);
#1668=VECTOR('',#6604,10.);
#1669=VECTOR('',#6605,10.);
#1670=VECTOR('',#6608,10.);
#1671=VECTOR('',#6609,10.);
#1672=VECTOR('',#6610,10.);
#1673=VECTOR('',#6611,10.);
#1674=VECTOR('',#6612,10.);
#1675=VECTOR('',#6615,10.);
#1676=VECTOR('',#6616,10.);
#1677=VECTOR('',#6617,10.);
#1678=VECTOR('',#6618,10.);
#1679=VECTOR('',#6619,10.);
#1680=VECTOR('',#6622,10.);
#1681=VECTOR('',#6623,10.);
#1682=VECTOR('',#6626,10.);
#1683=VECTOR('',#6629,10.);
#1684=VECTOR('',#6632,10.);
#1685=VECTOR('',#6633,10.);
#1686=VECTOR('',#6636,10.);
#1687=VECTOR('',#6637,10.);
#1688=VECTOR('',#6638,10.);
#1689=VECTOR('',#6639,10.);
#1690=VECTOR('',#6640,10.);
#1691=VECTOR('',#6643,10.);
#1692=VECTOR('',#6644,10.);
#1693=VECTOR('',#6645,10.);
#1694=VECTOR('',#6646,10.);
#1695=VECTOR('',#6649,10.);
#1696=VECTOR('',#6652,10.);
#1697=VECTOR('',#6653,10.);
#1698=VECTOR('',#6654,10.);
#1699=VECTOR('',#6657,10.);
#1700=VECTOR('',#6658,10.);
#1701=VECTOR('',#6659,10.);
#1702=VECTOR('',#6660,10.);
#1703=VECTOR('',#6663,10.);
#1704=VECTOR('',#6664,10.);
#1705=VECTOR('',#6665,10.);
#1706=VECTOR('',#6666,10.);
#1707=VECTOR('',#6669,10.);
#1708=VECTOR('',#6670,10.);
#1709=VECTOR('',#6671,10.);
#1710=VECTOR('',#6672,10.);
#1711=VECTOR('',#6675,10.);
#1712=VECTOR('',#6676,10.);
#1713=VECTOR('',#6679,10.);
#1714=VECTOR('',#6680,10.);
#1715=VECTOR('',#6681,10.);
#1716=VECTOR('',#6682,10.);
#1717=VECTOR('',#6685,10.);
#1718=VECTOR('',#6686,10.);
#1719=VECTOR('',#6687,10.);
#1720=VECTOR('',#6690,10.);
#1721=VECTOR('',#6691,10.);
#1722=VECTOR('',#6692,10.);
#1723=VECTOR('',#6693,10.);
#1724=VECTOR('',#6694,10.);
#1725=VECTOR('',#6695,10.);
#1726=VECTOR('',#6698,10.);
#1727=VECTOR('',#6699,10.);
#1728=VECTOR('',#6702,10.);
#1729=VECTOR('',#6705,10.);
#1730=VECTOR('',#6706,10.);
#1731=VECTOR('',#6707,10.);
#1732=VECTOR('',#6708,10.);
#1733=VECTOR('',#6709,10.);
#1734=VECTOR('',#6710,10.);
#1735=VECTOR('',#6713,10.);
#1736=VECTOR('',#6714,10.);
#1737=VECTOR('',#6717,10.);
#1738=VECTOR('',#6720,10.);
#1739=VECTOR('',#6721,10.);
#1740=VECTOR('',#6724,10.);
#1741=VECTOR('',#6725,10.);
#1742=VECTOR('',#6728,10.);
#1743=VECTOR('',#6731,10.);
#1744=VECTOR('',#6734,10.);
#1745=VECTOR('',#6737,10.);
#1746=VECTOR('',#6740,10.);
#1747=VECTOR('',#6743,10.);
#1748=VECTOR('',#6746,10.);
#1749=VECTOR('',#6749,10.);
#1750=VECTOR('',#6752,10.);
#1751=VECTOR('',#6753,10.);
#1752=VECTOR('',#6758,10.);
#1753=VECTOR('',#6761,10.);
#1754=VECTOR('',#6764,10.);
#1755=VECTOR('',#6767,10.);
#1756=VECTOR('',#6768,10.);
#1757=VECTOR('',#6773,10.);
#1758=VECTOR('',#6776,10.);
#1759=VECTOR('',#6779,10.);
#1760=VECTOR('',#6782,10.);
#1761=VECTOR('',#6785,10.);
#1762=VECTOR('',#6786,10.);
#1763=VECTOR('',#6787,10.);
#1764=VECTOR('',#6790,10.);
#1765=VECTOR('',#6793,10.);
#1766=VECTOR('',#6796,10.);
#1767=VECTOR('',#6799,10.);
#1768=VECTOR('',#6802,10.);
#1769=VECTOR('',#6805,10.);
#1770=VECTOR('',#6806,10.);
#1771=VECTOR('',#6807,10.);
#1772=VECTOR('',#6810,10.);
#1773=VECTOR('',#6813,10.);
#1774=VECTOR('',#6816,10.);
#1775=VECTOR('',#6819,10.);
#1776=VECTOR('',#6822,10.);
#1777=VECTOR('',#6823,10.);
#1778=VECTOR('',#6826,10.);
#1779=VECTOR('',#6827,10.);
#1780=VECTOR('',#6830,10.);
#1781=VECTOR('',#6833,10.);
#1782=VECTOR('',#6834,10.);
#1783=VECTOR('',#6837,10.);
#1784=VECTOR('',#6838,10.);
#1785=VECTOR('',#6841,10.);
#1786=VECTOR('',#6844,10.);
#1787=VECTOR('',#6847,10.);
#1788=VECTOR('',#6850,10.);
#1789=VECTOR('',#6853,10.);
#1790=VECTOR('',#6888,8.4);
#1791=VECTOR('',#6895,10.);
#1792=VECTOR('',#6896,10.);
#1793=VECTOR('',#6897,10.);
#1794=VECTOR('',#6898,10.);
#1795=VECTOR('',#6901,10.);
#1796=VECTOR('',#6902,10.);
#1797=VECTOR('',#6903,10.);
#1798=VECTOR('',#6906,10.);
#1799=VECTOR('',#6907,10.);
#1800=VECTOR('',#6908,10.);
#1801=VECTOR('',#6911,10.);
#1802=VECTOR('',#6912,10.);
#1803=VECTOR('',#6913,10.);
#1804=VECTOR('',#6916,10.);
#1805=VECTOR('',#6917,10.);
#1806=VECTOR('',#6918,10.);
#1807=VECTOR('',#6921,10.);
#1808=VECTOR('',#6922,10.);
#1809=VECTOR('',#6923,10.);
#1810=VECTOR('',#6926,10.);
#1811=VECTOR('',#6927,10.);
#1812=VECTOR('',#6928,10.);
#1813=VECTOR('',#6931,10.);
#1814=VECTOR('',#6932,10.);
#1815=VECTOR('',#6933,10.);
#1816=VECTOR('',#6936,10.);
#1817=VECTOR('',#6937,10.);
#1818=VECTOR('',#6938,10.);
#1819=VECTOR('',#6941,10.);
#1820=VECTOR('',#6942,10.);
#1821=VECTOR('',#6943,10.);
#1822=VECTOR('',#6946,10.);
#1823=VECTOR('',#6947,10.);
#1824=VECTOR('',#6948,10.);
#1825=VECTOR('',#6951,10.);
#1826=VECTOR('',#6952,10.);
#1827=VECTOR('',#6953,10.);
#1828=VECTOR('',#6956,10.);
#1829=VECTOR('',#6957,10.);
#1830=VECTOR('',#6958,10.);
#1831=VECTOR('',#6961,10.);
#1832=VECTOR('',#6962,10.);
#1833=VECTOR('',#6963,10.);
#1834=VECTOR('',#6966,10.);
#1835=VECTOR('',#6967,10.);
#1836=VECTOR('',#6968,10.);
#1837=VECTOR('',#6971,10.);
#1838=VECTOR('',#6972,10.);
#1839=VECTOR('',#6973,10.);
#1840=VECTOR('',#6976,10.);
#1841=VECTOR('',#6977,10.);
#1842=VECTOR('',#6978,10.);
#1843=VECTOR('',#6981,10.);
#1844=VECTOR('',#6982,10.);
#1845=VECTOR('',#6983,10.);
#1846=VECTOR('',#6986,10.);
#1847=VECTOR('',#6987,10.);
#1848=VECTOR('',#6988,10.);
#1849=VECTOR('',#6991,10.);
#1850=VECTOR('',#6992,10.);
#1851=VECTOR('',#6993,10.);
#1852=VECTOR('',#6996,10.);
#1853=VECTOR('',#6997,10.);
#1854=VECTOR('',#6998,10.);
#1855=VECTOR('',#7001,10.);
#1856=VECTOR('',#7002,10.);
#1857=VECTOR('',#7003,10.);
#1858=VECTOR('',#7006,10.);
#1859=VECTOR('',#7007,10.);
#1860=VECTOR('',#7008,10.);
#1861=VECTOR('',#7011,10.);
#1862=VECTOR('',#7012,10.);
#1863=VECTOR('',#7013,10.);
#1864=VECTOR('',#7016,10.);
#1865=VECTOR('',#7017,10.);
#1866=VECTOR('',#7018,10.);
#1867=VECTOR('',#7021,10.);
#1868=VECTOR('',#7022,10.);
#1869=VECTOR('',#7023,10.);
#1870=VECTOR('',#7026,10.);
#1871=VECTOR('',#7027,10.);
#1872=VECTOR('',#7028,10.);
#1873=VECTOR('',#7031,10.);
#1874=VECTOR('',#7032,10.);
#1875=VECTOR('',#7043,10.);
#1876=VECTOR('',#7044,10.);
#1877=VECTOR('',#7051,10.);
#1878=VECTOR('',#7052,10.);
#1879=VECTOR('',#7055,10.);
#1880=VECTOR('',#7058,10.);
#1881=VECTOR('',#7059,10.);
#1882=VECTOR('',#7060,10.);
#1883=VECTOR('',#7065,10.);
#1884=VECTOR('',#7068,10.);
#1885=VECTOR('',#7069,10.);
#1886=VECTOR('',#7072,10.);
#1887=VECTOR('',#7079,10.);
#1888=VECTOR('',#7082,10.);
#1889=VECTOR('',#7085,10.);
#1890=VECTOR('',#7088,10.);
#1891=VECTOR('',#7089,10.);
#1892=VECTOR('',#7090,10.);
#1893=VECTOR('',#7093,10.);
#1894=VECTOR('',#7094,10.);
#1895=VECTOR('',#7099,10.);
#1896=VECTOR('',#7102,10.);
#1897=VECTOR('',#7103,10.);
#1898=VECTOR('',#7104,10.);
#1899=VECTOR('',#7107,10.);
#1900=VECTOR('',#7108,10.);
#1901=VECTOR('',#7117,10.);
#1902=VECTOR('',#7120,10.);
#1903=VECTOR('',#7123,10.);
#1904=VECTOR('',#7124,10.);
#1905=VECTOR('',#7125,10.);
#1906=VECTOR('',#7128,10.);
#1907=VECTOR('',#7129,10.);
#1908=VECTOR('',#7130,10.);
#1909=VECTOR('',#7137,10.);
#1910=VECTOR('',#7140,10.);
#1911=VECTOR('',#7141,10.);
#1912=VECTOR('',#7142,10.);
#1913=VECTOR('',#7145,10.);
#1914=VECTOR('',#7148,10.);
#1915=VECTOR('',#7155,10.);
#1916=VECTOR('',#7158,10.);
#1917=VECTOR('',#7161,10.);
#1918=VECTOR('',#7164,10.);
#1919=VECTOR('',#7165,10.);
#1920=VECTOR('',#7166,10.);
#1921=VECTOR('',#7169,10.);
#1922=VECTOR('',#7170,10.);
#1923=VECTOR('',#7175,10.);
#1924=VECTOR('',#7178,10.);
#1925=VECTOR('',#7179,10.);
#1926=VECTOR('',#7180,10.);
#1927=VECTOR('',#7183,10.);
#1928=VECTOR('',#7184,10.);
#1929=VECTOR('',#7193,10.);
#1930=VECTOR('',#7196,10.);
#1931=VECTOR('',#7199,10.);
#1932=VECTOR('',#7202,10.);
#1933=VECTOR('',#7203,10.);
#1934=VECTOR('',#7204,10.);
#1935=VECTOR('',#7207,10.);
#1936=VECTOR('',#7208,10.);
#1937=VECTOR('',#7213,10.);
#1938=VECTOR('',#7216,10.);
#1939=VECTOR('',#7217,10.);
#1940=VECTOR('',#7218,10.);
#1941=VECTOR('',#7221,10.);
#1942=VECTOR('',#7224,10.);
#1943=VECTOR('',#7231,10.);
#1944=VECTOR('',#7234,10.);
#1945=VECTOR('',#7237,10.);
#1946=VECTOR('',#7240,10.);
#1947=VECTOR('',#7241,10.);
#1948=VECTOR('',#7242,10.);
#1949=VECTOR('',#7245,10.);
#1950=VECTOR('',#7246,10.);
#1951=VECTOR('',#7251,10.);
#1952=VECTOR('',#7254,10.);
#1953=VECTOR('',#7255,10.);
#1954=VECTOR('',#7256,10.);
#1955=VECTOR('',#7259,10.);
#1956=VECTOR('',#7260,10.);
#1957=VECTOR('',#7269,10.);
#1958=VECTOR('',#7272,10.);
#1959=VECTOR('',#7275,10.);
#1960=VECTOR('',#7278,10.);
#1961=VECTOR('',#7279,10.);
#1962=VECTOR('',#7280,10.);
#1963=VECTOR('',#7283,10.);
#1964=VECTOR('',#7284,10.);
#1965=VECTOR('',#7289,10.);
#1966=VECTOR('',#7292,10.);
#1967=VECTOR('',#7293,10.);
#1968=VECTOR('',#7294,10.);
#1969=VECTOR('',#7297,10.);
#1970=VECTOR('',#7298,10.);
#1971=VECTOR('',#7307,10.);
#1972=VECTOR('',#7310,10.);
#1973=VECTOR('',#7313,10.);
#1974=VECTOR('',#7314,10.);
#1975=VECTOR('',#7315,10.);
#1976=VECTOR('',#7318,10.);
#1977=VECTOR('',#7319,0.432);
#1978=VECTOR('',#7320,10.);
#1979=VECTOR('',#7321,10.);
#1980=VECTOR('',#7322,10.);
#1981=VECTOR('',#7323,0.432);
#1982=VECTOR('',#7324,10.);
#1983=VECTOR('',#7327,10.);
#1984=VECTOR('',#7328,10.);
#1985=VECTOR('',#7329,10.);
#1986=VECTOR('',#7330,10.);
#1987=VECTOR('',#7331,10.);
#1988=VECTOR('',#7332,10.);
#1989=VECTOR('',#7333,10.);
#1990=VECTOR('',#7334,10.);
#1991=VECTOR('',#7339,10.);
#1992=VECTOR('',#7342,10.);
#1993=VECTOR('',#7343,10.);
#1994=VECTOR('',#7346,10.);
#1995=VECTOR('',#7347,10.);
#1996=VECTOR('',#7350,10.);
#1997=VECTOR('',#7351,0.432);
#1998=VECTOR('',#7354,0.432);
#1999=VECTOR('',#7355,10.);
#2000=VECTOR('',#7358,10.);
#2001=VECTOR('',#7361,10.);
#2002=VECTOR('',#7366,10.);
#2003=VECTOR('',#7367,0.432000000000001);
#2004=VECTOR('',#7368,10.);
#2005=VECTOR('',#7369,0.432000000000001);
#2006=VECTOR('',#7372,10.);
#2007=VECTOR('',#7373,10.);
#2008=VECTOR('',#7374,0.432000000000001);
#2009=VECTOR('',#7377,10.);
#2010=VECTOR('',#7378,10.);
#2011=VECTOR('',#7385,10.);
#2012=VECTOR('',#7388,10.);
#2013=VECTOR('',#7389,10.);
#2014=VECTOR('',#7392,10.);
#2015=VECTOR('',#7395,10.);
#2016=VECTOR('',#7400,10.);
#2017=VECTOR('',#7401,10.);
#2018=VECTOR('',#7402,10.);
#2019=VECTOR('',#7405,10.);
#2020=VECTOR('',#7406,10.);
#2021=VECTOR('',#7407,10.);
#2022=VECTOR('',#7410,10.);
#2023=VECTOR('',#7411,1.832);
#2024=VECTOR('',#7412,10.);
#2025=VECTOR('',#7413,1.832);
#2026=VECTOR('',#7414,10.);
#2027=VECTOR('',#7415,10.);
#2028=VECTOR('',#7416,10.);
#2029=VECTOR('',#7417,10.);
#2030=VECTOR('',#7418,10.);
#2031=VECTOR('',#7421,10.);
#2032=VECTOR('',#7422,10.);
#2033=VECTOR('',#7425,10.);
#2034=VECTOR('',#7426,10.);
#2035=VECTOR('',#7429,10.);
#2036=VECTOR('',#7430,10.);
#2037=VECTOR('',#7431,10.);
#2038=VECTOR('',#7432,1.832);
#2039=VECTOR('',#7433,10.);
#2040=VECTOR('',#7434,10.);
#2041=VECTOR('',#7435,10.);
#2042=VECTOR('',#7438,10.);
#2043=VECTOR('',#7439,10.);
#2044=VECTOR('',#7446,10.);
#2045=VECTOR('',#7449,10.);
#2046=VECTOR('',#7454,10.);
#2047=VECTOR('',#7455,0.432000000000001);
#2048=VECTOR('',#7456,10.);
#2049=VECTOR('',#7457,0.432000000000001);
#2050=VECTOR('',#7460,10.);
#2051=VECTOR('',#7461,0.432000000000001);
#2052=VECTOR('',#7462,10.);
#2053=VECTOR('',#7465,10.);
#2054=VECTOR('',#7468,10.);
#2055=VECTOR('',#7471,10.);
#2056=VECTOR('',#7476,10.);
#2057=VECTOR('',#7477,10.);
#2058=VECTOR('',#7480,10.);
#2059=VECTOR('',#7483,10.);
#2060=VECTOR('',#7488,10.);
#2061=VECTOR('',#7489,10.);
#2062=VECTOR('',#7490,10.);
#2063=VECTOR('',#7493,10.);
#2064=VECTOR('',#7494,10.);
#2065=VECTOR('',#7495,10.);
#2066=VECTOR('',#7498,10.);
#2067=VECTOR('',#7499,10.);
#2068=VECTOR('',#7500,10.);
#2069=VECTOR('',#7501,1.832);
#2070=VECTOR('',#7502,10.);
#2071=VECTOR('',#7503,10.);
#2072=VECTOR('',#7504,10.);
#2073=VECTOR('',#7505,10.);
#2074=VECTOR('',#7506,10.);
#2075=VECTOR('',#7509,10.);
#2076=VECTOR('',#7510,10.);
#2077=VECTOR('',#7513,10.);
#2078=VECTOR('',#7514,10.);
#2079=VECTOR('',#7517,10.);
#2080=VECTOR('',#7518,1.832);
#2081=VECTOR('',#7519,10.);
#2082=VECTOR('',#7520,1.832);
#2083=VECTOR('',#7521,10.);
#2084=VECTOR('',#7522,10.);
#2085=VECTOR('',#7523,10.);
#2086=VECTOR('',#7526,10.);
#2087=VECTOR('',#7527,10.);
#2088=VECTOR('',#7534,10.);
#2089=VECTOR('',#7541,10.);
#2090=VECTOR('',#7542,0.432000000000001);
#2091=VECTOR('',#7543,10.);
#2092=VECTOR('',#7544,0.432000000000001);
#2093=VECTOR('',#7547,10.);
#2094=VECTOR('',#7548,10.);
#2095=VECTOR('',#7549,0.432000000000001);
#2096=VECTOR('',#7552,10.);
#2097=VECTOR('',#7553,10.);
#2098=VECTOR('',#7560,10.);
#2099=VECTOR('',#7563,10.);
#2100=VECTOR('',#7564,10.);
#2101=VECTOR('',#7567,10.);
#2102=VECTOR('',#7570,10.);
#2103=VECTOR('',#7575,10.);
#2104=VECTOR('',#7576,10.);
#2105=VECTOR('',#7579,10.);
#2106=VECTOR('',#7580,10.);
#2107=VECTOR('',#7583,10.);
#2108=VECTOR('',#7584,0.432);
#2109=VECTOR('',#7585,10.);
#2110=VECTOR('',#7586,10.);
#2111=VECTOR('',#7587,10.);
#2112=VECTOR('',#7588,10.);
#2113=VECTOR('',#7589,10.);
#2114=VECTOR('',#7590,10.);
#2115=VECTOR('',#7593,10.);
#2116=VECTOR('',#7596,10.);
#2117=VECTOR('',#7599,10.);
#2118=VECTOR('',#7602,10.);
#2119=VECTOR('',#7607,10.);
#2120=VECTOR('',#7610,10.);
#2121=VECTOR('',#7615,10.);
#2122=VECTOR('',#7616,0.432000000000001);
#2123=VECTOR('',#7617,10.);
#2124=VECTOR('',#7618,0.432000000000001);
#2125=VECTOR('',#7621,10.);
#2126=VECTOR('',#7622,0.432000000000001);
#2127=VECTOR('',#7623,10.);
#2128=VECTOR('',#7626,10.);
#2129=VECTOR('',#7629,10.);
#2130=VECTOR('',#7632,10.);
#2131=VECTOR('',#7637,10.);
#2132=VECTOR('',#7638,10.);
#2133=VECTOR('',#7641,10.);
#2134=VECTOR('',#7644,10.);
#2135=VECTOR('',#7649,10.);
#2136=VECTOR('',#7650,10.);
#2137=VECTOR('',#7651,10.);
#2138=VECTOR('',#7654,10.);
#2139=VECTOR('',#7655,10.);
#2140=VECTOR('',#7656,10.);
#2141=VECTOR('',#7659,10.);
#2142=VECTOR('',#7660,10.);
#2143=VECTOR('',#7661,10.);
#2144=VECTOR('',#7662,10.);
#2145=VECTOR('',#7663,10.);
#2146=VECTOR('',#7664,10.);
#2147=VECTOR('',#7665,10.);
#2148=VECTOR('',#7666,10.);
#2149=VECTOR('',#7667,10.);
#2150=VECTOR('',#7670,10.);
#2151=VECTOR('',#7671,10.);
#2152=VECTOR('',#7674,10.);
#2153=VECTOR('',#7675,10.);
#2154=VECTOR('',#7678,10.);
#2155=VECTOR('',#7679,10.);
#2156=VECTOR('',#7680,10.);
#2157=VECTOR('',#7681,10.);
#2158=VECTOR('',#7682,10.);
#2159=VECTOR('',#7683,10.);
#2160=VECTOR('',#7684,10.);
#2161=VECTOR('',#7687,10.);
#2162=VECTOR('',#7690,10.);
#2163=VECTOR('',#7695,10.);
#2164=VECTOR('',#7702,10.);
#2165=VECTOR('',#7703,0.432);
#2166=VECTOR('',#7704,10.);
#2167=VECTOR('',#7705,0.432);
#2168=VECTOR('',#7708,10.);
#2169=VECTOR('',#7709,0.432);
#2170=VECTOR('',#7710,10.);
#2171=VECTOR('',#7713,10.);
#2172=VECTOR('',#7716,10.);
#2173=VECTOR('',#7719,10.);
#2174=VECTOR('',#7724,10.);
#2175=VECTOR('',#7725,10.);
#2176=VECTOR('',#7728,10.);
#2177=VECTOR('',#7741,10.);
#2178=VECTOR('',#7744,10.);
#2179=VECTOR('',#7747,10.);
#2180=VECTOR('',#7752,10.);
#2181=VECTOR('',#7765,10.);
#2182=VECTOR('',#7768,10.);
#2183=VECTOR('',#7771,10.);
#2184=VECTOR('',#7774,10.);
#2185=VECTOR('',#7789,10.);
#2186=VECTOR('',#7792,10.);
#2187=VECTOR('',#7795,10.);
#2188=VECTOR('',#7798,10.);
#2189=CIRCLE('',#5692,0.1);
#2190=CIRCLE('',#5693,0.1);
#2191=CIRCLE('',#5695,0.1);
#2192=CIRCLE('',#5696,0.3);
#2193=CIRCLE('',#5697,0.2);
#2194=CIRCLE('',#5699,0.1);
#2195=CIRCLE('',#5701,0.1);
#2196=CIRCLE('',#5702,0.3);
#2197=CIRCLE('',#5703,0.2);
#2198=CIRCLE('',#5705,0.1);
#2199=CIRCLE('',#5708,0.1);
#2200=CIRCLE('',#5709,0.1);
#2201=CIRCLE('',#5711,0.1);
#2202=CIRCLE('',#5712,0.3);
#2203=CIRCLE('',#5713,0.2);
#2204=CIRCLE('',#5715,0.1);
#2205=CIRCLE('',#5717,0.1);
#2206=CIRCLE('',#5718,0.3);
#2207=CIRCLE('',#5719,0.2);
#2208=CIRCLE('',#5721,0.1);
#2209=CIRCLE('',#5724,0.1);
#2210=CIRCLE('',#5725,0.1);
#2211=CIRCLE('',#5727,0.1);
#2212=CIRCLE('',#5728,0.3);
#2213=CIRCLE('',#5729,0.2);
#2214=CIRCLE('',#5731,0.1);
#2215=CIRCLE('',#5733,0.1);
#2216=CIRCLE('',#5734,0.3);
#2217=CIRCLE('',#5735,0.2);
#2218=CIRCLE('',#5737,0.1);
#2219=CIRCLE('',#5740,0.1);
#2220=CIRCLE('',#5741,0.1);
#2221=CIRCLE('',#5743,0.0999999999999995);
#2222=CIRCLE('',#5744,0.2);
#2223=CIRCLE('',#5745,0.3);
#2224=CIRCLE('',#5747,0.1);
#2225=CIRCLE('',#5749,0.1);
#2226=CIRCLE('',#5750,0.2);
#2227=CIRCLE('',#5751,0.3);
#2228=CIRCLE('',#5753,0.1);
#2229=CIRCLE('',#5756,0.3);
#2230=CIRCLE('',#5759,0.3);
#2231=CIRCLE('',#5762,0.1);
#2232=CIRCLE('',#5763,0.1);
#2233=CIRCLE('',#5765,0.0999999999999995);
#2234=CIRCLE('',#5766,0.2);
#2235=CIRCLE('',#5767,0.3);
#2236=CIRCLE('',#5769,0.1);
#2237=CIRCLE('',#5771,0.1);
#2238=CIRCLE('',#5772,0.2);
#2239=CIRCLE('',#5773,0.3);
#2240=CIRCLE('',#5775,0.1);
#2241=CIRCLE('',#5778,0.3);
#2242=CIRCLE('',#5781,0.3);
#2243=CIRCLE('',#5784,0.1);
#2244=CIRCLE('',#5785,0.1);
#2245=CIRCLE('',#5787,0.0999999999999995);
#2246=CIRCLE('',#5788,0.2);
#2247=CIRCLE('',#5789,0.3);
#2248=CIRCLE('',#5791,0.1);
#2249=CIRCLE('',#5793,0.0999999999999995);
#2250=CIRCLE('',#5794,0.2);
#2251=CIRCLE('',#5795,0.3);
#2252=CIRCLE('',#5797,0.1);
#2253=CIRCLE('',#5800,0.3);
#2254=CIRCLE('',#5803,0.3);
#2255=CIRCLE('',#5806,0.1);
#2256=CIRCLE('',#5807,0.1);
#2257=CIRCLE('',#5809,0.1);
#2258=CIRCLE('',#5810,0.3);
#2259=CIRCLE('',#5811,0.2);
#2260=CIRCLE('',#5813,0.1);
#2261=CIRCLE('',#5815,0.100000000000001);
#2262=CIRCLE('',#5816,0.3);
#2263=CIRCLE('',#5817,0.2);
#2264=CIRCLE('',#5819,0.1);
#2265=CIRCLE('',#5822,0.1);
#2266=CIRCLE('',#5823,0.1);
#2267=CIRCLE('',#5825,0.1);
#2268=CIRCLE('',#5826,0.2);
#2269=CIRCLE('',#5827,0.3);
#2270=CIRCLE('',#5829,0.1);
#2271=CIRCLE('',#5831,0.1);
#2272=CIRCLE('',#5832,0.2);
#2273=CIRCLE('',#5833,0.3);
#2274=CIRCLE('',#5835,0.1);
#2275=CIRCLE('',#5838,0.3);
#2276=CIRCLE('',#5841,0.3);
#2277=CIRCLE('',#5844,0.2);
#2278=CIRCLE('',#5845,0.2);
#2279=CIRCLE('',#5847,0.2);
#2280=CIRCLE('',#5848,1.40000000000143);
#2281=CIRCLE('',#5849,1.40000000000026);
#2282=CIRCLE('',#5852,0.2);
#2283=CIRCLE('',#5879,0.3);
#2284=CIRCLE('',#5882,0.3);
#2285=CIRCLE('',#5884,0.3);
#2286=CIRCLE('',#5887,0.3);
#2287=CIRCLE('',#5889,0.3);
#2288=CIRCLE('',#5891,0.3);
#2289=CIRCLE('',#5895,0.3);
#2290=CIRCLE('',#5897,0.3);
#2291=CIRCLE('',#5913,5.125);
#2292=CIRCLE('',#5914,5.275);
#2293=CIRCLE('',#5916,5.125);
#2294=CIRCLE('',#5917,5.125);
#2295=CIRCLE('',#5918,5.125);
#2296=CIRCLE('',#5919,5.125);
#2297=CIRCLE('',#5920,5.125);
#2298=CIRCLE('',#5921,5.125);
#2299=CIRCLE('',#5922,5.125);
#2300=CIRCLE('',#5924,8.25);
#2301=CIRCLE('',#5925,0.15);
#2302=CIRCLE('',#5926,8.4);
#2303=CIRCLE('',#5927,8.4);
#2304=CIRCLE('',#5929,8.4);
#2305=CIRCLE('',#5962,1.40000000000026);
#2306=CIRCLE('',#5965,1.40000000000143);
#2307=CIRCLE('',#5967,8.935);
#2308=CIRCLE('',#5970,8.935);
#2309=CIRCLE('',#5975,0.2);
#2310=CIRCLE('',#5976,0.2);
#2311=CIRCLE('',#5978,0.2);
#2312=CIRCLE('',#5981,0.2);
#2313=CIRCLE('',#5987,0.2);
#2314=CIRCLE('',#5988,0.2);
#2315=CIRCLE('',#5991,0.2);
#2316=CIRCLE('',#5993,0.2);
#2317=CIRCLE('',#5999,0.2);
#2318=CIRCLE('',#6000,0.2);
#2319=CIRCLE('',#6002,0.2);
#2320=CIRCLE('',#6005,0.2);
#2321=CIRCLE('',#6011,0.2);
#2322=CIRCLE('',#6012,0.2);
#2323=CIRCLE('',#6014,0.2);
#2324=CIRCLE('',#6017,0.2);
#2325=CIRCLE('',#6023,0.2);
#2326=CIRCLE('',#6024,0.2);
#2327=CIRCLE('',#6026,0.2);
#2328=CIRCLE('',#6029,0.2);
#2329=CIRCLE('',#6035,0.2);
#2330=CIRCLE('',#6036,0.2);
#2331=CIRCLE('',#6038,0.2);
#2332=CIRCLE('',#6041,0.2);
#2333=CIRCLE('',#6047,1.);
#2334=CIRCLE('',#6048,1.);
#2335=CIRCLE('',#6051,1.);
#2336=CIRCLE('',#6053,1.);
#2337=CIRCLE('',#6059,0.600000000000003);
#2338=CIRCLE('',#6060,0.600000000000005);
#2339=CIRCLE('',#6064,0.300000000000004);
#2340=CIRCLE('',#6066,0.300000000000003);
#2341=CIRCLE('',#6081,0.600000000000005);
#2342=CIRCLE('',#6082,0.600000000000003);
#2343=CIRCLE('',#6086,0.300000000000004);
#2344=CIRCLE('',#6088,0.300000000000003);
#2345=CIRCLE('',#6103,0.600000000000003);
#2346=CIRCLE('',#6104,0.600000000000004);
#2347=CIRCLE('',#6108,0.300000000000002);
#2348=CIRCLE('',#6110,0.300000000000003);
#2349=CIRCLE('',#6124,0.600000000000004);
#2350=CIRCLE('',#6125,0.600000000000003);
#2351=CIRCLE('',#6129,0.300000000000002);
#2352=CIRCLE('',#6131,0.300000000000003);
#2353=CIRCLE('',#6146,0.599999999999998);
#2354=CIRCLE('',#6147,0.600000000000001);
#2355=CIRCLE('',#6151,0.3);
#2356=CIRCLE('',#6153,0.3);
#2357=CIRCLE('',#6159,0.6);
#2358=CIRCLE('',#6160,0.600000000000001);
#2359=CIRCLE('',#6162,0.3);
#2360=CIRCLE('',#6164,0.3);
#2361=CIRCLE('',#6169,2.);
#2362=CIRCLE('',#6170,2.);
#2363=CIRCLE('',#6173,1.7);
#2364=CIRCLE('',#6175,1.7);
#2365=CIRCLE('',#6179,2.);
#2366=CIRCLE('',#6180,2.);
#2367=CIRCLE('',#6183,1.7);
#2368=CIRCLE('',#6185,1.7);
#2369=VERTEX_POINT('',#7811);
#2370=VERTEX_POINT('',#7812);
#2371=VERTEX_POINT('',#7814);
#2372=VERTEX_POINT('',#7816);
#2373=VERTEX_POINT('',#7820);
#2374=VERTEX_POINT('',#7821);
#2375=VERTEX_POINT('',#7826);
#2376=VERTEX_POINT('',#7827);
#2377=VERTEX_POINT('',#7832);
#2378=VERTEX_POINT('',#7833);
#2379=VERTEX_POINT('',#7838);
#2380=VERTEX_POINT('',#7839);
#2381=VERTEX_POINT('',#7846);
#2382=VERTEX_POINT('',#7847);
#2383=VERTEX_POINT('',#7849);
#2384=VERTEX_POINT('',#7851);
#2385=VERTEX_POINT('',#7855);
#2386=VERTEX_POINT('',#7856);
#2387=VERTEX_POINT('',#7861);
#2388=VERTEX_POINT('',#7862);
#2389=VERTEX_POINT('',#7867);
#2390=VERTEX_POINT('',#7868);
#2391=VERTEX_POINT('',#7873);
#2392=VERTEX_POINT('',#7874);
#2393=VERTEX_POINT('',#7881);
#2394=VERTEX_POINT('',#7882);
#2395=VERTEX_POINT('',#7884);
#2396=VERTEX_POINT('',#7886);
#2397=VERTEX_POINT('',#7890);
#2398=VERTEX_POINT('',#7891);
#2399=VERTEX_POINT('',#7896);
#2400=VERTEX_POINT('',#7897);
#2401=VERTEX_POINT('',#7902);
#2402=VERTEX_POINT('',#7903);
#2403=VERTEX_POINT('',#7908);
#2404=VERTEX_POINT('',#7909);
#2405=VERTEX_POINT('',#7916);
#2406=VERTEX_POINT('',#7917);
#2407=VERTEX_POINT('',#7919);
#2408=VERTEX_POINT('',#7921);
#2409=VERTEX_POINT('',#7925);
#2410=VERTEX_POINT('',#7926);
#2411=VERTEX_POINT('',#7931);
#2412=VERTEX_POINT('',#7932);
#2413=VERTEX_POINT('',#7937);
#2414=VERTEX_POINT('',#7938);
#2415=VERTEX_POINT('',#7943);
#2416=VERTEX_POINT('',#7944);
#2417=VERTEX_POINT('',#7949);
#2418=VERTEX_POINT('',#7951);
#2419=VERTEX_POINT('',#7955);
#2420=VERTEX_POINT('',#7959);
#2421=VERTEX_POINT('',#7963);
#2422=VERTEX_POINT('',#7967);
#2423=VERTEX_POINT('',#7971);
#2424=VERTEX_POINT('',#7972);
#2425=VERTEX_POINT('',#7974);
#2426=VERTEX_POINT('',#7976);
#2427=VERTEX_POINT('',#7980);
#2428=VERTEX_POINT('',#7981);
#2429=VERTEX_POINT('',#7986);
#2430=VERTEX_POINT('',#7987);
#2431=VERTEX_POINT('',#7992);
#2432=VERTEX_POINT('',#7993);
#2433=VERTEX_POINT('',#7998);
#2434=VERTEX_POINT('',#7999);
#2435=VERTEX_POINT('',#8004);
#2436=VERTEX_POINT('',#8006);
#2437=VERTEX_POINT('',#8010);
#2438=VERTEX_POINT('',#8014);
#2439=VERTEX_POINT('',#8018);
#2440=VERTEX_POINT('',#8022);
#2441=VERTEX_POINT('',#8026);
#2442=VERTEX_POINT('',#8027);
#2443=VERTEX_POINT('',#8029);
#2444=VERTEX_POINT('',#8031);
#2445=VERTEX_POINT('',#8035);
#2446=VERTEX_POINT('',#8036);
#2447=VERTEX_POINT('',#8041);
#2448=VERTEX_POINT('',#8042);
#2449=VERTEX_POINT('',#8047);
#2450=VERTEX_POINT('',#8048);
#2451=VERTEX_POINT('',#8053);
#2452=VERTEX_POINT('',#8054);
#2453=VERTEX_POINT('',#8059);
#2454=VERTEX_POINT('',#8061);
#2455=VERTEX_POINT('',#8065);
#2456=VERTEX_POINT('',#8069);
#2457=VERTEX_POINT('',#8073);
#2458=VERTEX_POINT('',#8077);
#2459=VERTEX_POINT('',#8081);
#2460=VERTEX_POINT('',#8082);
#2461=VERTEX_POINT('',#8084);
#2462=VERTEX_POINT('',#8086);
#2463=VERTEX_POINT('',#8090);
#2464=VERTEX_POINT('',#8091);
#2465=VERTEX_POINT('',#8096);
#2466=VERTEX_POINT('',#8097);
#2467=VERTEX_POINT('',#8102);
#2468=VERTEX_POINT('',#8103);
#2469=VERTEX_POINT('',#8108);
#2470=VERTEX_POINT('',#8109);
#2471=VERTEX_POINT('',#8116);
#2472=VERTEX_POINT('',#8117);
#2473=VERTEX_POINT('',#8119);
#2474=VERTEX_POINT('',#8121);
#2475=VERTEX_POINT('',#8125);
#2476=VERTEX_POINT('',#8126);
#2477=VERTEX_POINT('',#8131);
#2478=VERTEX_POINT('',#8132);
#2479=VERTEX_POINT('',#8137);
#2480=VERTEX_POINT('',#8138);
#2481=VERTEX_POINT('',#8143);
#2482=VERTEX_POINT('',#8144);
#2483=VERTEX_POINT('',#8149);
#2484=VERTEX_POINT('',#8151);
#2485=VERTEX_POINT('',#8155);
#2486=VERTEX_POINT('',#8159);
#2487=VERTEX_POINT('',#8163);
#2488=VERTEX_POINT('',#8167);
#2489=VERTEX_POINT('',#8171);
#2490=VERTEX_POINT('',#8172);
#2491=VERTEX_POINT('',#8174);
#2492=VERTEX_POINT('',#8176);
#2493=VERTEX_POINT('',#8180);
#2494=VERTEX_POINT('',#8182);
#2495=VERTEX_POINT('',#8184);
#2496=VERTEX_POINT('',#8186);
#2497=VERTEX_POINT('',#8188);
#2498=VERTEX_POINT('',#8190);
#2499=VERTEX_POINT('',#8192);
#2500=VERTEX_POINT('',#8194);
#2501=VERTEX_POINT('',#8196);
#2502=VERTEX_POINT('',#8198);
#2503=VERTEX_POINT('',#8200);
#2504=VERTEX_POINT('',#8202);
#2505=VERTEX_POINT('',#8204);
#2506=VERTEX_POINT('',#8206);
#2507=VERTEX_POINT('',#8208);
#2508=VERTEX_POINT('',#8210);
#2509=VERTEX_POINT('',#8212);
#2510=VERTEX_POINT('',#8214);
#2511=VERTEX_POINT('',#8216);
#2512=VERTEX_POINT('',#8218);
#2513=VERTEX_POINT('',#8220);
#2514=VERTEX_POINT('',#8222);
#2515=VERTEX_POINT('',#8226);
#2516=VERTEX_POINT('',#8230);
#2517=VERTEX_POINT('',#8232);
#2518=VERTEX_POINT('',#8236);
#2519=VERTEX_POINT('',#8240);
#2520=VERTEX_POINT('',#8241);
#2521=VERTEX_POINT('',#8243);
#2522=VERTEX_POINT('',#8246);
#2523=VERTEX_POINT('',#8250);
#2524=VERTEX_POINT('',#8251);
#2525=VERTEX_POINT('',#8253);
#2526=VERTEX_POINT('',#8260);
#2527=VERTEX_POINT('',#8261);
#2528=VERTEX_POINT('',#8266);
#2529=VERTEX_POINT('',#8268);
#2530=VERTEX_POINT('',#8270);
#2531=VERTEX_POINT('',#8274);
#2532=VERTEX_POINT('',#8276);
#2533=VERTEX_POINT('',#8278);
#2534=VERTEX_POINT('',#8282);
#2535=VERTEX_POINT('',#8283);
#2536=VERTEX_POINT('',#8286);
#2537=VERTEX_POINT('',#8290);
#2538=VERTEX_POINT('',#8294);
#2539=VERTEX_POINT('',#8296);
#2540=VERTEX_POINT('',#8298);
#2541=VERTEX_POINT('',#8302);
#2542=VERTEX_POINT('',#8304);
#2543=VERTEX_POINT('',#8308);
#2544=VERTEX_POINT('',#8309);
#2545=VERTEX_POINT('',#8311);
#2546=VERTEX_POINT('',#8313);
#2547=VERTEX_POINT('',#8316);
#2548=VERTEX_POINT('',#8320);
#2549=VERTEX_POINT('',#8327);
#2550=VERTEX_POINT('',#8329);
#2551=VERTEX_POINT('',#8331);
#2552=VERTEX_POINT('',#8342);
#2553=VERTEX_POINT('',#8344);
#2554=VERTEX_POINT('',#8355);
#2555=VERTEX_POINT('',#8359);
#2556=VERTEX_POINT('',#8365);
#2557=VERTEX_POINT('',#8369);
#2558=VERTEX_POINT('',#8385);
#2559=VERTEX_POINT('',#8387);
#2560=VERTEX_POINT('',#8391);
#2561=VERTEX_POINT('',#8395);
#2562=VERTEX_POINT('',#8399);
#2563=VERTEX_POINT('',#8401);
#2564=VERTEX_POINT('',#8405);
#2565=VERTEX_POINT('',#8409);
#2566=VERTEX_POINT('',#8413);
#2567=VERTEX_POINT('',#8415);
#2568=VERTEX_POINT('',#8419);
#2569=VERTEX_POINT('',#8421);
#2570=VERTEX_POINT('',#8423);
#2571=VERTEX_POINT('',#8425);
#2572=VERTEX_POINT('',#8433);
#2573=VERTEX_POINT('',#8435);
#2574=VERTEX_POINT('',#8439);
#2575=VERTEX_POINT('',#8441);
#2576=VERTEX_POINT('',#8443);
#2577=VERTEX_POINT('',#8445);
#2578=VERTEX_POINT('',#8457);
#2579=VERTEX_POINT('',#8461);
#2580=VERTEX_POINT('',#8467);
#2581=VERTEX_POINT('',#8471);
#2582=VERTEX_POINT('',#8496);
#2583=VERTEX_POINT('',#8498);
#2584=VERTEX_POINT('',#8500);
#2585=VERTEX_POINT('',#8504);
#2586=VERTEX_POINT('',#8509);
#2587=VERTEX_POINT('',#8510);
#2588=VERTEX_POINT('',#8512);
#2589=VERTEX_POINT('',#8514);
#2590=VERTEX_POINT('',#8518);
#2591=VERTEX_POINT('',#8520);
#2592=VERTEX_POINT('',#8524);
#2593=VERTEX_POINT('',#8526);
#2594=VERTEX_POINT('',#8530);
#2595=VERTEX_POINT('',#8532);
#2596=VERTEX_POINT('',#8536);
#2597=VERTEX_POINT('',#8538);
#2598=VERTEX_POINT('',#8542);
#2599=VERTEX_POINT('',#8544);
#2600=VERTEX_POINT('',#8548);
#2601=VERTEX_POINT('',#8550);
#2602=VERTEX_POINT('',#8554);
#2603=VERTEX_POINT('',#8556);
#2604=VERTEX_POINT('',#8560);
#2605=VERTEX_POINT('',#8562);
#2606=VERTEX_POINT('',#8566);
#2607=VERTEX_POINT('',#8568);
#2608=VERTEX_POINT('',#8572);
#2609=VERTEX_POINT('',#8574);
#2610=VERTEX_POINT('',#8578);
#2611=VERTEX_POINT('',#8580);
#2612=VERTEX_POINT('',#8584);
#2613=VERTEX_POINT('',#8586);
#2614=VERTEX_POINT('',#8590);
#2615=VERTEX_POINT('',#8592);
#2616=VERTEX_POINT('',#8596);
#2617=VERTEX_POINT('',#8598);
#2618=VERTEX_POINT('',#8602);
#2619=VERTEX_POINT('',#8604);
#2620=VERTEX_POINT('',#8608);
#2621=VERTEX_POINT('',#8610);
#2622=VERTEX_POINT('',#8614);
#2623=VERTEX_POINT('',#8616);
#2624=VERTEX_POINT('',#8620);
#2625=VERTEX_POINT('',#8622);
#2626=VERTEX_POINT('',#8626);
#2627=VERTEX_POINT('',#8628);
#2628=VERTEX_POINT('',#8632);
#2629=VERTEX_POINT('',#8634);
#2630=VERTEX_POINT('',#8638);
#2631=VERTEX_POINT('',#8640);
#2632=VERTEX_POINT('',#8644);
#2633=VERTEX_POINT('',#8646);
#2634=VERTEX_POINT('',#8650);
#2635=VERTEX_POINT('',#8652);
#2636=VERTEX_POINT('',#8656);
#2637=VERTEX_POINT('',#8658);
#2638=VERTEX_POINT('',#8662);
#2639=VERTEX_POINT('',#8664);
#2640=VERTEX_POINT('',#8668);
#2641=VERTEX_POINT('',#8670);
#2642=VERTEX_POINT('',#8681);
#2643=VERTEX_POINT('',#8687);
#2644=VERTEX_POINT('',#8688);
#2645=VERTEX_POINT('',#8690);
#2646=VERTEX_POINT('',#8692);
#2647=VERTEX_POINT('',#8696);
#2648=VERTEX_POINT('',#8698);
#2649=VERTEX_POINT('',#8702);
#2650=VERTEX_POINT('',#8706);
#2651=VERTEX_POINT('',#8713);
#2652=VERTEX_POINT('',#8714);
#2653=VERTEX_POINT('',#8716);
#2654=VERTEX_POINT('',#8718);
#2655=VERTEX_POINT('',#8722);
#2656=VERTEX_POINT('',#8724);
#2657=VERTEX_POINT('',#8726);
#2658=VERTEX_POINT('',#8728);
#2659=VERTEX_POINT('',#8732);
#2660=VERTEX_POINT('',#8736);
#2661=VERTEX_POINT('',#8740);
#2662=VERTEX_POINT('',#8742);
#2663=VERTEX_POINT('',#8751);
#2664=VERTEX_POINT('',#8752);
#2665=VERTEX_POINT('',#8754);
#2666=VERTEX_POINT('',#8756);
#2667=VERTEX_POINT('',#8760);
#2668=VERTEX_POINT('',#8762);
#2669=VERTEX_POINT('',#8766);
#2670=VERTEX_POINT('',#8768);
#2671=VERTEX_POINT('',#8770);
#2672=VERTEX_POINT('',#8774);
#2673=VERTEX_POINT('',#8778);
#2674=VERTEX_POINT('',#8780);
#2675=VERTEX_POINT('',#8789);
#2676=VERTEX_POINT('',#8790);
#2677=VERTEX_POINT('',#8792);
#2678=VERTEX_POINT('',#8794);
#2679=VERTEX_POINT('',#8798);
#2680=VERTEX_POINT('',#8800);
#2681=VERTEX_POINT('',#8802);
#2682=VERTEX_POINT('',#8804);
#2683=VERTEX_POINT('',#8808);
#2684=VERTEX_POINT('',#8812);
#2685=VERTEX_POINT('',#8816);
#2686=VERTEX_POINT('',#8818);
#2687=VERTEX_POINT('',#8827);
#2688=VERTEX_POINT('',#8828);
#2689=VERTEX_POINT('',#8830);
#2690=VERTEX_POINT('',#8832);
#2691=VERTEX_POINT('',#8836);
#2692=VERTEX_POINT('',#8838);
#2693=VERTEX_POINT('',#8840);
#2694=VERTEX_POINT('',#8842);
#2695=VERTEX_POINT('',#8846);
#2696=VERTEX_POINT('',#8850);
#2697=VERTEX_POINT('',#8854);
#2698=VERTEX_POINT('',#8856);
#2699=VERTEX_POINT('',#8865);
#2700=VERTEX_POINT('',#8866);
#2701=VERTEX_POINT('',#8868);
#2702=VERTEX_POINT('',#8870);
#2703=VERTEX_POINT('',#8874);
#2704=VERTEX_POINT('',#8876);
#2705=VERTEX_POINT('',#8878);
#2706=VERTEX_POINT('',#8880);
#2707=VERTEX_POINT('',#8884);
#2708=VERTEX_POINT('',#8888);
#2709=VERTEX_POINT('',#8892);
#2710=VERTEX_POINT('',#8894);
#2711=VERTEX_POINT('',#8903);
#2712=VERTEX_POINT('',#8904);
#2713=VERTEX_POINT('',#8906);
#2714=VERTEX_POINT('',#8908);
#2715=VERTEX_POINT('',#8912);
#2716=VERTEX_POINT('',#8914);
#2717=VERTEX_POINT('',#8916);
#2718=VERTEX_POINT('',#8918);
#2719=VERTEX_POINT('',#8922);
#2720=VERTEX_POINT('',#8926);
#2721=VERTEX_POINT('',#8930);
#2722=VERTEX_POINT('',#8932);
#2723=VERTEX_POINT('',#8941);
#2724=VERTEX_POINT('',#8942);
#2725=VERTEX_POINT('',#8944);
#2726=VERTEX_POINT('',#8946);
#2727=VERTEX_POINT('',#8950);
#2728=VERTEX_POINT('',#8952);
#2729=VERTEX_POINT('',#8956);
#2730=VERTEX_POINT('',#8958);
#2731=VERTEX_POINT('',#8960);
#2732=VERTEX_POINT('',#8962);
#2733=VERTEX_POINT('',#8964);
#2734=VERTEX_POINT('',#8966);
#2735=VERTEX_POINT('',#8968);
#2736=VERTEX_POINT('',#8971);
#2737=VERTEX_POINT('',#8972);
#2738=VERTEX_POINT('',#8974);
#2739=VERTEX_POINT('',#8976);
#2740=VERTEX_POINT('',#8978);
#2741=VERTEX_POINT('',#8980);
#2742=VERTEX_POINT('',#8982);
#2743=VERTEX_POINT('',#8984);
#2744=VERTEX_POINT('',#8988);
#2745=VERTEX_POINT('',#8992);
#2746=VERTEX_POINT('',#8996);
#2747=VERTEX_POINT('',#9000);
#2748=VERTEX_POINT('',#9004);
#2749=VERTEX_POINT('',#9008);
#2750=VERTEX_POINT('',#9009);
#2751=VERTEX_POINT('',#9011);
#2752=VERTEX_POINT('',#9013);
#2753=VERTEX_POINT('',#9017);
#2754=VERTEX_POINT('',#9019);
#2755=VERTEX_POINT('',#9021);
#2756=VERTEX_POINT('',#9025);
#2757=VERTEX_POINT('',#9027);
#2758=VERTEX_POINT('',#9032);
#2759=VERTEX_POINT('',#9036);
#2760=VERTEX_POINT('',#9040);
#2761=VERTEX_POINT('',#9049);
#2762=VERTEX_POINT('',#9051);
#2763=VERTEX_POINT('',#9055);
#2764=VERTEX_POINT('',#9057);
#2765=VERTEX_POINT('',#9061);
#2766=VERTEX_POINT('',#9062);
#2767=VERTEX_POINT('',#9064);
#2768=VERTEX_POINT('',#9066);
#2769=VERTEX_POINT('',#9069);
#2770=VERTEX_POINT('',#9071);
#2771=VERTEX_POINT('',#9073);
#2772=VERTEX_POINT('',#9075);
#2773=VERTEX_POINT('',#9079);
#2774=VERTEX_POINT('',#9083);
#2775=VERTEX_POINT('',#9087);
#2776=VERTEX_POINT('',#9088);
#2777=VERTEX_POINT('',#9090);
#2778=VERTEX_POINT('',#9092);
#2779=VERTEX_POINT('',#9095);
#2780=VERTEX_POINT('',#9097);
#2781=VERTEX_POINT('',#9106);
#2782=VERTEX_POINT('',#9107);
#2783=VERTEX_POINT('',#9109);
#2784=VERTEX_POINT('',#9111);
#2785=VERTEX_POINT('',#9115);
#2786=VERTEX_POINT('',#9117);
#2787=VERTEX_POINT('',#9119);
#2788=VERTEX_POINT('',#9123);
#2789=VERTEX_POINT('',#9125);
#2790=VERTEX_POINT('',#9130);
#2791=VERTEX_POINT('',#9134);
#2792=VERTEX_POINT('',#9138);
#2793=VERTEX_POINT('',#9147);
#2794=VERTEX_POINT('',#9149);
#2795=VERTEX_POINT('',#9153);
#2796=VERTEX_POINT('',#9155);
#2797=VERTEX_POINT('',#9159);
#2798=VERTEX_POINT('',#9160);
#2799=VERTEX_POINT('',#9162);
#2800=VERTEX_POINT('',#9164);
#2801=VERTEX_POINT('',#9167);
#2802=VERTEX_POINT('',#9169);
#2803=VERTEX_POINT('',#9171);
#2804=VERTEX_POINT('',#9173);
#2805=VERTEX_POINT('',#9177);
#2806=VERTEX_POINT('',#9181);
#2807=VERTEX_POINT('',#9185);
#2808=VERTEX_POINT('',#9186);
#2809=VERTEX_POINT('',#9188);
#2810=VERTEX_POINT('',#9190);
#2811=VERTEX_POINT('',#9193);
#2812=VERTEX_POINT('',#9195);
#2813=VERTEX_POINT('',#9204);
#2814=VERTEX_POINT('',#9205);
#2815=VERTEX_POINT('',#9210);
#2816=VERTEX_POINT('',#9212);
#2817=VERTEX_POINT('',#9214);
#2818=VERTEX_POINT('',#9218);
#2819=VERTEX_POINT('',#9220);
#2820=VERTEX_POINT('',#9225);
#2821=VERTEX_POINT('',#9229);
#2822=VERTEX_POINT('',#9233);
#2823=VERTEX_POINT('',#9242);
#2824=VERTEX_POINT('',#9246);
#2825=VERTEX_POINT('',#9250);
#2826=VERTEX_POINT('',#9252);
#2827=VERTEX_POINT('',#9255);
#2828=VERTEX_POINT('',#9257);
#2829=VERTEX_POINT('',#9259);
#2830=VERTEX_POINT('',#9261);
#2831=VERTEX_POINT('',#9274);
#2832=VERTEX_POINT('',#9275);
#2833=VERTEX_POINT('',#9277);
#2834=VERTEX_POINT('',#9279);
#2835=VERTEX_POINT('',#9283);
#2836=VERTEX_POINT('',#9285);
#2837=VERTEX_POINT('',#9287);
#2838=VERTEX_POINT('',#9291);
#2839=VERTEX_POINT('',#9293);
#2840=VERTEX_POINT('',#9298);
#2841=VERTEX_POINT('',#9302);
#2842=VERTEX_POINT('',#9306);
#2843=VERTEX_POINT('',#9315);
#2844=VERTEX_POINT('',#9317);
#2845=VERTEX_POINT('',#9321);
#2846=VERTEX_POINT('',#9323);
#2847=VERTEX_POINT('',#9327);
#2848=VERTEX_POINT('',#9328);
#2849=VERTEX_POINT('',#9330);
#2850=VERTEX_POINT('',#9332);
#2851=VERTEX_POINT('',#9335);
#2852=VERTEX_POINT('',#9337);
#2853=VERTEX_POINT('',#9339);
#2854=VERTEX_POINT('',#9341);
#2855=VERTEX_POINT('',#9345);
#2856=VERTEX_POINT('',#9349);
#2857=VERTEX_POINT('',#9353);
#2858=VERTEX_POINT('',#9354);
#2859=VERTEX_POINT('',#9356);
#2860=VERTEX_POINT('',#9358);
#2861=VERTEX_POINT('',#9361);
#2862=VERTEX_POINT('',#9363);
#2863=VERTEX_POINT('',#9372);
#2864=VERTEX_POINT('',#9373);
#2865=VERTEX_POINT('',#9378);
#2866=VERTEX_POINT('',#9380);
#2867=VERTEX_POINT('',#9382);
#2868=VERTEX_POINT('',#9386);
#2869=VERTEX_POINT('',#9388);
#2870=VERTEX_POINT('',#9399);
#2871=EDGE_CURVE('',#2369,#2370,#2189,.T.);
#2872=EDGE_CURVE('',#2370,#2371,#951,.T.);
#2873=EDGE_CURVE('',#2371,#2372,#2190,.F.);
#2874=EDGE_CURVE('',#2372,#2369,#952,.T.);
#2875=EDGE_CURVE('',#2373,#2374,#2191,.T.);
#2876=EDGE_CURVE('',#2374,#2370,#2192,.T.);
#2877=EDGE_CURVE('',#2369,#2373,#2193,.T.);
#2878=EDGE_CURVE('',#2375,#2376,#2194,.T.);
#2879=EDGE_CURVE('',#2376,#2374,#953,.T.);
#2880=EDGE_CURVE('',#2373,#2375,#954,.T.);
#2881=EDGE_CURVE('',#2377,#2378,#2195,.T.);
#2882=EDGE_CURVE('',#2378,#2376,#2196,.T.);
#2883=EDGE_CURVE('',#2375,#2377,#2197,.T.);
#2884=EDGE_CURVE('',#2379,#2380,#2198,.F.);
#2885=EDGE_CURVE('',#2380,#2378,#955,.T.);
#2886=EDGE_CURVE('',#2377,#2379,#956,.T.);
#2887=EDGE_CURVE('',#2379,#2372,#957,.T.);
#2888=EDGE_CURVE('',#2381,#2382,#2199,.T.);
#2889=EDGE_CURVE('',#2382,#2383,#958,.T.);
#2890=EDGE_CURVE('',#2383,#2384,#2200,.F.);
#2891=EDGE_CURVE('',#2384,#2381,#959,.T.);
#2892=EDGE_CURVE('',#2385,#2386,#2201,.T.);
#2893=EDGE_CURVE('',#2386,#2382,#2202,.T.);
#2894=EDGE_CURVE('',#2381,#2385,#2203,.T.);
#2895=EDGE_CURVE('',#2387,#2388,#2204,.T.);
#2896=EDGE_CURVE('',#2388,#2386,#960,.T.);
#2897=EDGE_CURVE('',#2385,#2387,#961,.T.);
#2898=EDGE_CURVE('',#2389,#2390,#2205,.T.);
#2899=EDGE_CURVE('',#2390,#2388,#2206,.T.);
#2900=EDGE_CURVE('',#2387,#2389,#2207,.T.);
#2901=EDGE_CURVE('',#2391,#2392,#2208,.F.);
#2902=EDGE_CURVE('',#2392,#2390,#962,.T.);
#2903=EDGE_CURVE('',#2389,#2391,#963,.T.);
#2904=EDGE_CURVE('',#2391,#2384,#964,.T.);
#2905=EDGE_CURVE('',#2393,#2394,#2209,.T.);
#2906=EDGE_CURVE('',#2394,#2395,#965,.T.);
#2907=EDGE_CURVE('',#2395,#2396,#2210,.F.);
#2908=EDGE_CURVE('',#2396,#2393,#966,.T.);
#2909=EDGE_CURVE('',#2397,#2398,#2211,.T.);
#2910=EDGE_CURVE('',#2398,#2394,#2212,.T.);
#2911=EDGE_CURVE('',#2393,#2397,#2213,.T.);
#2912=EDGE_CURVE('',#2399,#2400,#2214,.T.);
#2913=EDGE_CURVE('',#2400,#2398,#967,.T.);
#2914=EDGE_CURVE('',#2397,#2399,#968,.T.);
#2915=EDGE_CURVE('',#2401,#2402,#2215,.T.);
#2916=EDGE_CURVE('',#2402,#2400,#2216,.T.);
#2917=EDGE_CURVE('',#2399,#2401,#2217,.T.);
#2918=EDGE_CURVE('',#2403,#2404,#2218,.F.);
#2919=EDGE_CURVE('',#2404,#2402,#969,.T.);
#2920=EDGE_CURVE('',#2401,#2403,#970,.T.);
#2921=EDGE_CURVE('',#2403,#2396,#971,.T.);
#2922=EDGE_CURVE('',#2405,#2406,#2219,.T.);
#2923=EDGE_CURVE('',#2406,#2407,#972,.T.);
#2924=EDGE_CURVE('',#2407,#2408,#2220,.F.);
#2925=EDGE_CURVE('',#2408,#2405,#973,.T.);
#2926=EDGE_CURVE('',#2409,#2410,#2221,.T.);
#2927=EDGE_CURVE('',#2410,#2406,#2222,.T.);
#2928=EDGE_CURVE('',#2405,#2409,#2223,.T.);
#2929=EDGE_CURVE('',#2411,#2412,#2224,.T.);
#2930=EDGE_CURVE('',#2412,#2410,#974,.T.);
#2931=EDGE_CURVE('',#2409,#2411,#975,.T.);
#2932=EDGE_CURVE('',#2413,#2414,#2225,.T.);
#2933=EDGE_CURVE('',#2414,#2412,#2226,.T.);
#2934=EDGE_CURVE('',#2411,#2413,#2227,.T.);
#2935=EDGE_CURVE('',#2415,#2416,#2228,.F.);
#2936=EDGE_CURVE('',#2416,#2414,#976,.T.);
#2937=EDGE_CURVE('',#2413,#2415,#977,.T.);
#2938=EDGE_CURVE('',#2417,#2413,#978,.T.);
#2939=EDGE_CURVE('',#2418,#2417,#979,.T.);
#2940=EDGE_CURVE('',#2415,#2418,#980,.T.);
#2941=EDGE_CURVE('',#2411,#2419,#981,.T.);
#2942=EDGE_CURVE('',#2419,#2417,#2229,.T.);
#2943=EDGE_CURVE('',#2420,#2409,#982,.T.);
#2944=EDGE_CURVE('',#2419,#2420,#983,.T.);
#2945=EDGE_CURVE('',#2405,#2421,#984,.T.);
#2946=EDGE_CURVE('',#2421,#2420,#2230,.T.);
#2947=EDGE_CURVE('',#2422,#2408,#985,.T.);
#2948=EDGE_CURVE('',#2422,#2421,#986,.T.);
#2949=EDGE_CURVE('',#2423,#2424,#2231,.T.);
#2950=EDGE_CURVE('',#2424,#2425,#987,.T.);
#2951=EDGE_CURVE('',#2425,#2426,#2232,.F.);
#2952=EDGE_CURVE('',#2426,#2423,#988,.T.);
#2953=EDGE_CURVE('',#2427,#2428,#2233,.T.);
#2954=EDGE_CURVE('',#2428,#2424,#2234,.T.);
#2955=EDGE_CURVE('',#2423,#2427,#2235,.T.);
#2956=EDGE_CURVE('',#2429,#2430,#2236,.T.);
#2957=EDGE_CURVE('',#2430,#2428,#989,.T.);
#2958=EDGE_CURVE('',#2427,#2429,#990,.T.);
#2959=EDGE_CURVE('',#2431,#2432,#2237,.T.);
#2960=EDGE_CURVE('',#2432,#2430,#2238,.T.);
#2961=EDGE_CURVE('',#2429,#2431,#2239,.T.);
#2962=EDGE_CURVE('',#2433,#2434,#2240,.F.);
#2963=EDGE_CURVE('',#2434,#2432,#991,.T.);
#2964=EDGE_CURVE('',#2431,#2433,#992,.T.);
#2965=EDGE_CURVE('',#2435,#2431,#993,.T.);
#2966=EDGE_CURVE('',#2436,#2435,#994,.T.);
#2967=EDGE_CURVE('',#2433,#2436,#995,.T.);
#2968=EDGE_CURVE('',#2429,#2437,#996,.T.);
#2969=EDGE_CURVE('',#2437,#2435,#2241,.T.);
#2970=EDGE_CURVE('',#2438,#2427,#997,.T.);
#2971=EDGE_CURVE('',#2437,#2438,#998,.T.);
#2972=EDGE_CURVE('',#2423,#2439,#999,.T.);
#2973=EDGE_CURVE('',#2439,#2438,#2242,.T.);
#2974=EDGE_CURVE('',#2440,#2426,#1000,.T.);
#2975=EDGE_CURVE('',#2440,#2439,#1001,.T.);
#2976=EDGE_CURVE('',#2441,#2442,#2243,.T.);
#2977=EDGE_CURVE('',#2442,#2443,#1002,.T.);
#2978=EDGE_CURVE('',#2443,#2444,#2244,.F.);
#2979=EDGE_CURVE('',#2444,#2441,#1003,.T.);
#2980=EDGE_CURVE('',#2445,#2446,#2245,.T.);
#2981=EDGE_CURVE('',#2446,#2442,#2246,.T.);
#2982=EDGE_CURVE('',#2441,#2445,#2247,.T.);
#2983=EDGE_CURVE('',#2447,#2448,#2248,.T.);
#2984=EDGE_CURVE('',#2448,#2446,#1004,.T.);
#2985=EDGE_CURVE('',#2445,#2447,#1005,.T.);
#2986=EDGE_CURVE('',#2449,#2450,#2249,.T.);
#2987=EDGE_CURVE('',#2450,#2448,#2250,.T.);
#2988=EDGE_CURVE('',#2447,#2449,#2251,.T.);
#2989=EDGE_CURVE('',#2451,#2452,#2252,.F.);
#2990=EDGE_CURVE('',#2452,#2450,#1006,.T.);
#2991=EDGE_CURVE('',#2449,#2451,#1007,.T.);
#2992=EDGE_CURVE('',#2453,#2449,#1008,.T.);
#2993=EDGE_CURVE('',#2454,#2453,#1009,.T.);
#2994=EDGE_CURVE('',#2451,#2454,#1010,.T.);
#2995=EDGE_CURVE('',#2447,#2455,#1011,.T.);
#2996=EDGE_CURVE('',#2455,#2453,#2253,.T.);
#2997=EDGE_CURVE('',#2456,#2445,#1012,.T.);
#2998=EDGE_CURVE('',#2455,#2456,#1013,.T.);
#2999=EDGE_CURVE('',#2441,#2457,#1014,.T.);
#3000=EDGE_CURVE('',#2457,#2456,#2254,.T.);
#3001=EDGE_CURVE('',#2458,#2444,#1015,.T.);
#3002=EDGE_CURVE('',#2458,#2457,#1016,.T.);
#3003=EDGE_CURVE('',#2459,#2460,#2255,.T.);
#3004=EDGE_CURVE('',#2460,#2461,#1017,.T.);
#3005=EDGE_CURVE('',#2461,#2462,#2256,.F.);
#3006=EDGE_CURVE('',#2462,#2459,#1018,.T.);
#3007=EDGE_CURVE('',#2463,#2464,#2257,.T.);
#3008=EDGE_CURVE('',#2464,#2460,#2258,.T.);
#3009=EDGE_CURVE('',#2459,#2463,#2259,.T.);
#3010=EDGE_CURVE('',#2465,#2466,#2260,.T.);
#3011=EDGE_CURVE('',#2466,#2464,#1019,.T.);
#3012=EDGE_CURVE('',#2463,#2465,#1020,.T.);
#3013=EDGE_CURVE('',#2467,#2468,#2261,.T.);
#3014=EDGE_CURVE('',#2468,#2466,#2262,.T.);
#3015=EDGE_CURVE('',#2465,#2467,#2263,.T.);
#3016=EDGE_CURVE('',#2469,#2470,#2264,.F.);
#3017=EDGE_CURVE('',#2470,#2468,#1021,.T.);
#3018=EDGE_CURVE('',#2467,#2469,#1022,.T.);
#3019=EDGE_CURVE('',#2469,#2462,#1023,.T.);
#3020=EDGE_CURVE('',#2471,#2472,#2265,.T.);
#3021=EDGE_CURVE('',#2472,#2473,#1024,.T.);
#3022=EDGE_CURVE('',#2473,#2474,#2266,.F.);
#3023=EDGE_CURVE('',#2474,#2471,#1025,.T.);
#3024=EDGE_CURVE('',#2475,#2476,#2267,.T.);
#3025=EDGE_CURVE('',#2476,#2472,#2268,.T.);
#3026=EDGE_CURVE('',#2471,#2475,#2269,.T.);
#3027=EDGE_CURVE('',#2477,#2478,#2270,.T.);
#3028=EDGE_CURVE('',#2478,#2476,#1026,.T.);
#3029=EDGE_CURVE('',#2475,#2477,#1027,.T.);
#3030=EDGE_CURVE('',#2479,#2480,#2271,.T.);
#3031=EDGE_CURVE('',#2480,#2478,#2272,.T.);
#3032=EDGE_CURVE('',#2477,#2479,#2273,.T.);
#3033=EDGE_CURVE('',#2481,#2482,#2274,.F.);
#3034=EDGE_CURVE('',#2482,#2480,#1028,.T.);
#3035=EDGE_CURVE('',#2479,#2481,#1029,.T.);
#3036=EDGE_CURVE('',#2483,#2479,#1030,.T.);
#3037=EDGE_CURVE('',#2484,#2483,#1031,.T.);
#3038=EDGE_CURVE('',#2481,#2484,#1032,.T.);
#3039=EDGE_CURVE('',#2477,#2485,#1033,.T.);
#3040=EDGE_CURVE('',#2485,#2483,#2275,.T.);
#3041=EDGE_CURVE('',#2486,#2475,#1034,.T.);
#3042=EDGE_CURVE('',#2485,#2486,#1035,.T.);
#3043=EDGE_CURVE('',#2471,#2487,#1036,.T.);
#3044=EDGE_CURVE('',#2487,#2486,#2276,.T.);
#3045=EDGE_CURVE('',#2488,#2474,#1037,.T.);
#3046=EDGE_CURVE('',#2488,#2487,#1038,.T.);
#3047=EDGE_CURVE('',#2489,#2490,#2277,.T.);
#3048=EDGE_CURVE('',#2490,#2491,#1039,.T.);
#3049=EDGE_CURVE('',#2491,#2492,#2278,.F.);
#3050=EDGE_CURVE('',#2492,#2489,#1040,.T.);
#3051=EDGE_CURVE('',#2489,#2493,#1041,.T.);
#3052=EDGE_CURVE('',#2493,#2494,#1042,.T.);
#3053=EDGE_CURVE('',#2494,#2495,#1043,.T.);
#3054=EDGE_CURVE('',#2495,#2496,#1044,.T.);
#3055=EDGE_CURVE('',#2496,#2497,#1045,.T.);
#3056=EDGE_CURVE('',#2498,#2497,#2279,.T.);
#3057=EDGE_CURVE('',#2498,#2499,#1046,.T.);
#3058=EDGE_CURVE('',#2499,#2500,#1047,.T.);
#3059=EDGE_CURVE('',#2500,#2501,#1048,.T.);
#3060=EDGE_CURVE('',#2501,#2502,#1049,.T.);
#3061=EDGE_CURVE('',#2502,#2503,#1050,.T.);
#3062=EDGE_CURVE('',#2503,#2504,#2280,.T.);
#3063=EDGE_CURVE('',#2504,#2505,#1051,.T.);
#3064=EDGE_CURVE('',#2505,#2506,#1052,.T.);
#3065=EDGE_CURVE('',#2506,#2507,#1053,.T.);
#3066=EDGE_CURVE('',#2507,#2508,#1054,.T.);
#3067=EDGE_CURVE('',#2508,#2509,#1055,.T.);
#3068=EDGE_CURVE('',#2509,#2510,#2281,.T.);
#3069=EDGE_CURVE('',#2510,#2511,#1056,.T.);
#3070=EDGE_CURVE('',#2511,#2512,#1057,.T.);
#3071=EDGE_CURVE('',#2512,#2513,#1058,.T.);
#3072=EDGE_CURVE('',#2513,#2514,#1059,.T.);
#3073=EDGE_CURVE('',#2514,#2490,#1060,.T.);
#3074=EDGE_CURVE('',#2515,#2492,#1061,.T.);
#3075=EDGE_CURVE('',#2515,#2493,#1062,.T.);
#3076=EDGE_CURVE('',#2497,#2516,#1063,.T.);
#3077=EDGE_CURVE('',#2516,#2517,#2282,.F.);
#3078=EDGE_CURVE('',#2517,#2498,#1064,.T.);
#3079=EDGE_CURVE('',#2518,#2517,#1065,.T.);
#3080=EDGE_CURVE('',#2518,#2499,#1066,.T.);
#3081=EDGE_CURVE('',#2519,#2520,#1067,.T.);
#3082=EDGE_CURVE('',#2519,#2521,#1068,.T.);
#3083=EDGE_CURVE('',#2496,#2521,#1069,.T.);
#3084=EDGE_CURVE('',#2495,#2522,#1070,.T.);
#3085=EDGE_CURVE('',#2520,#2522,#1071,.T.);
#3086=EDGE_CURVE('',#2523,#2524,#1072,.T.);
#3087=EDGE_CURVE('',#2525,#2523,#1073,.T.);
#3088=EDGE_CURVE('',#2494,#2525,#1074,.T.);
#3089=EDGE_CURVE('',#2515,#2524,#1075,.T.);
#3090=EDGE_CURVE('',#2522,#2525,#1076,.T.);
#3091=EDGE_CURVE('',#2526,#2527,#1077,.T.);
#3092=EDGE_CURVE('',#2513,#2526,#1078,.T.);
#3093=EDGE_CURVE('',#2512,#2527,#1079,.T.);
#3094=EDGE_CURVE('',#2527,#2528,#1080,.T.);
#3095=EDGE_CURVE('',#2529,#2511,#1081,.T.);
#3096=EDGE_CURVE('',#2529,#2530,#1082,.T.);
#3097=EDGE_CURVE('',#2528,#2530,#1083,.T.);
#3098=EDGE_CURVE('',#2531,#2526,#1084,.T.);
#3099=EDGE_CURVE('',#2532,#2531,#1085,.T.);
#3100=EDGE_CURVE('',#2532,#2533,#1086,.T.);
#3101=EDGE_CURVE('',#2514,#2533,#1087,.T.);
#3102=EDGE_CURVE('',#2534,#2535,#1088,.T.);
#3103=EDGE_CURVE('',#2500,#2534,#1089,.T.);
#3104=EDGE_CURVE('',#2518,#2536,#1090,.T.);
#3105=EDGE_CURVE('',#2535,#2536,#1091,.T.);
#3106=EDGE_CURVE('',#2537,#2534,#1092,.T.);
#3107=EDGE_CURVE('',#2501,#2537,#1093,.T.);
#3108=EDGE_CURVE('',#2538,#2537,#1094,.T.);
#3109=EDGE_CURVE('',#2539,#2538,#1095,.T.);
#3110=EDGE_CURVE('',#2539,#2540,#1096,.T.);
#3111=EDGE_CURVE('',#2502,#2540,#1097,.T.);
#3112=EDGE_CURVE('',#2507,#2541,#1098,.T.);
#3113=EDGE_CURVE('',#2541,#2542,#1099,.T.);
#3114=EDGE_CURVE('',#2508,#2542,#1100,.T.);
#3115=EDGE_CURVE('',#2543,#2544,#1101,.T.);
#3116=EDGE_CURVE('',#2545,#2543,#1102,.T.);
#3117=EDGE_CURVE('',#2546,#2545,#1103,.T.);
#3118=EDGE_CURVE('',#2546,#2541,#1104,.T.);
#3119=EDGE_CURVE('',#2506,#2547,#1105,.T.);
#3120=EDGE_CURVE('',#2547,#2544,#1106,.T.);
#3121=EDGE_CURVE('',#2548,#2505,#1107,.T.);
#3122=EDGE_CURVE('',#2548,#2547,#1108,.T.);
#3123=EDGE_CURVE('',#2516,#2521,#1109,.T.);
#3124=EDGE_CURVE('',#2524,#2519,#1110,.T.);
#3125=EDGE_CURVE('',#2520,#2549,#1111,.T.);
#3126=EDGE_CURVE('',#2550,#2549,#1112,.T.);
#3127=EDGE_CURVE('',#2551,#2550,#49,.F.);
#3128=EDGE_CURVE('',#2552,#2551,#1113,.T.);
#3129=EDGE_CURVE('',#2553,#2552,#50,.F.);
#3130=EDGE_CURVE('',#2554,#2553,#1114,.T.);
#3131=EDGE_CURVE('',#2554,#2523,#1115,.T.);
#3132=EDGE_CURVE('',#2555,#2510,#1116,.T.);
#3133=EDGE_CURVE('',#2529,#2555,#1117,.T.);
#3134=EDGE_CURVE('',#2491,#2533,#1118,.T.);
#3135=EDGE_CURVE('',#2556,#2540,#1119,.T.);
#3136=EDGE_CURVE('',#2556,#2503,#1120,.T.);
#3137=EDGE_CURVE('',#2557,#2542,#1121,.T.);
#3138=EDGE_CURVE('',#2557,#2509,#1122,.T.);
#3139=EDGE_CURVE('',#2418,#2422,#1123,.T.);
#3140=EDGE_CURVE('',#2407,#2416,#1124,.T.);
#3141=EDGE_CURVE('',#2436,#2440,#1125,.T.);
#3142=EDGE_CURVE('',#2425,#2434,#1126,.T.);
#3143=EDGE_CURVE('',#2443,#2452,#1127,.T.);
#3144=EDGE_CURVE('',#2473,#2482,#1128,.T.);
#3145=EDGE_CURVE('',#2402,#2558,#1129,.T.);
#3146=EDGE_CURVE('',#2558,#2559,#2283,.T.);
#3147=EDGE_CURVE('',#2559,#2400,#1130,.T.);
#3148=EDGE_CURVE('',#2559,#2560,#1131,.T.);
#3149=EDGE_CURVE('',#2398,#2560,#1132,.T.);
#3150=EDGE_CURVE('',#2560,#2561,#2284,.T.);
#3151=EDGE_CURVE('',#2561,#2394,#1133,.T.);
#3152=EDGE_CURVE('',#2390,#2562,#1134,.T.);
#3153=EDGE_CURVE('',#2562,#2563,#2285,.T.);
#3154=EDGE_CURVE('',#2563,#2388,#1135,.T.);
#3155=EDGE_CURVE('',#2563,#2564,#1136,.T.);
#3156=EDGE_CURVE('',#2386,#2564,#1137,.T.);
#3157=EDGE_CURVE('',#2564,#2565,#2286,.T.);
#3158=EDGE_CURVE('',#2565,#2382,#1138,.T.);
#3159=EDGE_CURVE('',#2464,#2566,#1139,.T.);
#3160=EDGE_CURVE('',#2566,#2567,#2287,.T.);
#3161=EDGE_CURVE('',#2567,#2460,#1140,.T.);
#3162=EDGE_CURVE('',#2568,#2566,#1141,.T.);
#3163=EDGE_CURVE('',#2569,#2568,#2288,.T.);
#3164=EDGE_CURVE('',#2570,#2569,#1142,.T.);
#3165=EDGE_CURVE('',#2571,#2570,#1143,.T.);
#3166=EDGE_CURVE('',#2571,#2567,#1144,.T.);
#3167=EDGE_CURVE('',#2568,#2466,#1145,.T.);
#3168=EDGE_CURVE('',#2468,#2569,#1146,.T.);
#3169=EDGE_CURVE('',#2374,#2572,#1147,.T.);
#3170=EDGE_CURVE('',#2572,#2573,#2289,.T.);
#3171=EDGE_CURVE('',#2573,#2370,#1148,.T.);
#3172=EDGE_CURVE('',#2574,#2572,#1149,.T.);
#3173=EDGE_CURVE('',#2575,#2574,#2290,.T.);
#3174=EDGE_CURVE('',#2576,#2575,#1150,.T.);
#3175=EDGE_CURVE('',#2577,#2576,#1151,.T.);
#3176=EDGE_CURVE('',#2577,#2573,#1152,.T.);
#3177=EDGE_CURVE('',#2574,#2376,#1153,.T.);
#3178=EDGE_CURVE('',#2378,#2575,#1154,.T.);
#3179=EDGE_CURVE('',#2484,#2488,#1155,.T.);
#3180=EDGE_CURVE('',#2454,#2458,#1156,.T.);
#3181=EDGE_CURVE('',#2578,#2392,#1157,.T.);
#3182=EDGE_CURVE('',#2578,#2562,#1158,.T.);
#3183=EDGE_CURVE('',#2579,#2565,#1159,.T.);
#3184=EDGE_CURVE('',#2383,#2579,#1160,.T.);
#3185=EDGE_CURVE('',#2579,#2578,#1161,.T.);
#3186=EDGE_CURVE('',#2580,#2404,#1162,.T.);
#3187=EDGE_CURVE('',#2580,#2558,#1163,.T.);
#3188=EDGE_CURVE('',#2581,#2561,#1164,.T.);
#3189=EDGE_CURVE('',#2395,#2581,#1165,.T.);
#3190=EDGE_CURVE('',#2581,#2580,#1166,.T.);
#3191=EDGE_CURVE('',#2461,#2571,#1167,.T.);
#3192=EDGE_CURVE('',#2570,#2470,#1168,.T.);
#3193=EDGE_CURVE('',#2371,#2577,#1169,.T.);
#3194=EDGE_CURVE('',#2576,#2380,#1170,.T.);
#3195=EDGE_CURVE('',#2550,#2553,#2291,.T.);
#3196=EDGE_CURVE('',#2552,#2551,#2292,.T.);
#3197=EDGE_CURVE('',#2531,#2554,#2293,.T.);
#3198=EDGE_CURVE('',#2549,#2535,#2294,.T.);
#3199=EDGE_CURVE('',#2536,#2539,#2295,.T.);
#3200=EDGE_CURVE('',#2538,#2543,#2296,.T.);
#3201=EDGE_CURVE('',#2544,#2546,#2297,.T.);
#3202=EDGE_CURVE('',#2545,#2528,#2298,.T.);
#3203=EDGE_CURVE('',#2530,#2532,#2299,.T.);
#3204=EDGE_CURVE('',#2582,#2582,#2300,.T.);
#3205=EDGE_CURVE('',#2582,#2583,#2301,.T.);
#3206=EDGE_CURVE('',#2583,#2584,#2302,.T.);
#3207=EDGE_CURVE('',#2584,#2583,#2303,.T.);
#3208=EDGE_CURVE('',#2584,#2585,#1171,.T.);
#3209=EDGE_CURVE('',#2585,#2585,#2304,.T.);
#3210=EDGE_CURVE('',#2586,#2587,#1172,.T.);
#3211=EDGE_CURVE('',#2586,#2588,#1173,.T.);
#3212=EDGE_CURVE('',#2588,#2589,#1174,.T.);
#3213=EDGE_CURVE('',#2587,#2589,#1175,.T.);
#3214=EDGE_CURVE('',#2590,#2586,#1176,.T.);
#3215=EDGE_CURVE('',#2590,#2591,#1177,.T.);
#3216=EDGE_CURVE('',#2591,#2588,#1178,.T.);
#3217=EDGE_CURVE('',#2592,#2590,#1179,.T.);
#3218=EDGE_CURVE('',#2592,#2593,#1180,.T.);
#3219=EDGE_CURVE('',#2593,#2591,#1181,.T.);
#3220=EDGE_CURVE('',#2594,#2592,#1182,.T.);
#3221=EDGE_CURVE('',#2594,#2595,#1183,.T.);
#3222=EDGE_CURVE('',#2595,#2593,#1184,.T.);
#3223=EDGE_CURVE('',#2596,#2594,#1185,.T.);
#3224=EDGE_CURVE('',#2596,#2597,#1186,.T.);
#3225=EDGE_CURVE('',#2597,#2595,#1187,.T.);
#3226=EDGE_CURVE('',#2598,#2596,#1188,.T.);
#3227=EDGE_CURVE('',#2598,#2599,#1189,.T.);
#3228=EDGE_CURVE('',#2599,#2597,#1190,.T.);
#3229=EDGE_CURVE('',#2600,#2598,#1191,.T.);
#3230=EDGE_CURVE('',#2600,#2601,#1192,.T.);
#3231=EDGE_CURVE('',#2601,#2599,#1193,.T.);
#3232=EDGE_CURVE('',#2602,#2600,#1194,.T.);
#3233=EDGE_CURVE('',#2602,#2603,#1195,.T.);
#3234=EDGE_CURVE('',#2603,#2601,#1196,.T.);
#3235=EDGE_CURVE('',#2604,#2602,#1197,.T.);
#3236=EDGE_CURVE('',#2604,#2605,#1198,.T.);
#3237=EDGE_CURVE('',#2605,#2603,#1199,.T.);
#3238=EDGE_CURVE('',#2606,#2604,#1200,.T.);
#3239=EDGE_CURVE('',#2606,#2607,#1201,.T.);
#3240=EDGE_CURVE('',#2607,#2605,#1202,.T.);
#3241=EDGE_CURVE('',#2608,#2606,#1203,.T.);
#3242=EDGE_CURVE('',#2608,#2609,#1204,.T.);
#3243=EDGE_CURVE('',#2609,#2607,#1205,.T.);
#3244=EDGE_CURVE('',#2610,#2608,#1206,.T.);
#3245=EDGE_CURVE('',#2610,#2611,#1207,.T.);
#3246=EDGE_CURVE('',#2611,#2609,#1208,.T.);
#3247=EDGE_CURVE('',#2612,#2610,#1209,.T.);
#3248=EDGE_CURVE('',#2612,#2613,#1210,.T.);
#3249=EDGE_CURVE('',#2613,#2611,#1211,.T.);
#3250=EDGE_CURVE('',#2614,#2612,#1212,.T.);
#3251=EDGE_CURVE('',#2614,#2615,#1213,.T.);
#3252=EDGE_CURVE('',#2615,#2613,#1214,.T.);
#3253=EDGE_CURVE('',#2616,#2614,#1215,.T.);
#3254=EDGE_CURVE('',#2616,#2617,#1216,.T.);
#3255=EDGE_CURVE('',#2617,#2615,#1217,.T.);
#3256=EDGE_CURVE('',#2618,#2616,#1218,.T.);
#3257=EDGE_CURVE('',#2618,#2619,#1219,.T.);
#3258=EDGE_CURVE('',#2619,#2617,#1220,.T.);
#3259=EDGE_CURVE('',#2620,#2618,#1221,.T.);
#3260=EDGE_CURVE('',#2620,#2621,#1222,.T.);
#3261=EDGE_CURVE('',#2621,#2619,#1223,.T.);
#3262=EDGE_CURVE('',#2622,#2620,#1224,.T.);
#3263=EDGE_CURVE('',#2622,#2623,#1225,.T.);
#3264=EDGE_CURVE('',#2623,#2621,#1226,.T.);
#3265=EDGE_CURVE('',#2624,#2622,#1227,.T.);
#3266=EDGE_CURVE('',#2624,#2625,#1228,.T.);
#3267=EDGE_CURVE('',#2625,#2623,#1229,.T.);
#3268=EDGE_CURVE('',#2626,#2624,#1230,.T.);
#3269=EDGE_CURVE('',#2626,#2627,#1231,.T.);
#3270=EDGE_CURVE('',#2627,#2625,#1232,.T.);
#3271=EDGE_CURVE('',#2628,#2626,#1233,.T.);
#3272=EDGE_CURVE('',#2628,#2629,#1234,.T.);
#3273=EDGE_CURVE('',#2629,#2627,#1235,.T.);
#3274=EDGE_CURVE('',#2630,#2628,#1236,.T.);
#3275=EDGE_CURVE('',#2630,#2631,#1237,.T.);
#3276=EDGE_CURVE('',#2631,#2629,#1238,.T.);
#3277=EDGE_CURVE('',#2632,#2630,#1239,.T.);
#3278=EDGE_CURVE('',#2632,#2633,#1240,.T.);
#3279=EDGE_CURVE('',#2633,#2631,#1241,.T.);
#3280=EDGE_CURVE('',#2634,#2632,#1242,.T.);
#3281=EDGE_CURVE('',#2634,#2635,#1243,.T.);
#3282=EDGE_CURVE('',#2635,#2633,#1244,.T.);
#3283=EDGE_CURVE('',#2636,#2634,#1245,.T.);
#3284=EDGE_CURVE('',#2636,#2637,#1246,.T.);
#3285=EDGE_CURVE('',#2637,#2635,#1247,.T.);
#3286=EDGE_CURVE('',#2638,#2636,#1248,.T.);
#3287=EDGE_CURVE('',#2638,#2639,#1249,.T.);
#3288=EDGE_CURVE('',#2639,#2637,#1250,.T.);
#3289=EDGE_CURVE('',#2640,#2638,#1251,.T.);
#3290=EDGE_CURVE('',#2640,#2641,#1252,.T.);
#3291=EDGE_CURVE('',#2641,#2639,#1253,.T.);
#3292=EDGE_CURVE('',#2587,#2640,#1254,.T.);
#3293=EDGE_CURVE('',#2589,#2641,#1255,.T.);
#3294=EDGE_CURVE('',#2555,#2557,#2305,.T.);
#3295=EDGE_CURVE('',#2642,#2504,#1256,.T.);
#3296=EDGE_CURVE('',#2548,#2642,#1257,.T.);
#3297=EDGE_CURVE('',#2642,#2556,#2306,.T.);
#3298=EDGE_CURVE('',#2643,#2644,#1258,.T.);
#3299=EDGE_CURVE('',#2643,#2645,#1259,.T.);
#3300=EDGE_CURVE('',#2646,#2645,#2307,.T.);
#3301=EDGE_CURVE('',#2644,#2646,#1260,.T.);
#3302=EDGE_CURVE('',#2643,#2647,#1261,.T.);
#3303=EDGE_CURVE('',#2648,#2647,#1262,.T.);
#3304=EDGE_CURVE('',#2645,#2648,#1263,.T.);
#3305=EDGE_CURVE('',#2649,#2648,#2308,.T.);
#3306=EDGE_CURVE('',#2646,#2649,#1264,.T.);
#3307=EDGE_CURVE('',#2650,#2649,#1265,.T.);
#3308=EDGE_CURVE('',#2644,#2650,#1266,.T.);
#3309=EDGE_CURVE('',#2647,#2650,#1267,.T.);
#3310=EDGE_CURVE('',#2651,#2652,#2309,.T.);
#3311=EDGE_CURVE('',#2652,#2653,#1268,.T.);
#3312=EDGE_CURVE('',#2653,#2654,#2310,.T.);
#3313=EDGE_CURVE('',#2654,#2651,#1269,.T.);
#3314=EDGE_CURVE('',#2655,#2653,#1270,.T.);
#3315=EDGE_CURVE('',#2656,#2655,#2311,.T.);
#3316=EDGE_CURVE('',#2657,#2656,#1271,.T.);
#3317=EDGE_CURVE('',#2658,#2657,#1272,.T.);
#3318=EDGE_CURVE('',#2658,#2654,#1273,.T.);
#3319=EDGE_CURVE('',#2652,#2659,#1274,.T.);
#3320=EDGE_CURVE('',#2655,#2659,#1275,.T.);
#3321=EDGE_CURVE('',#2659,#2660,#2312,.T.);
#3322=EDGE_CURVE('',#2660,#2656,#1276,.T.);
#3323=EDGE_CURVE('',#2657,#2661,#1277,.T.);
#3324=EDGE_CURVE('',#2661,#2662,#1278,.T.);
#3325=EDGE_CURVE('',#2662,#2658,#1279,.T.);
#3326=EDGE_CURVE('',#2662,#2651,#1280,.T.);
#3327=EDGE_CURVE('',#2660,#2661,#1281,.T.);
#3328=EDGE_CURVE('',#2663,#2664,#2313,.T.);
#3329=EDGE_CURVE('',#2664,#2665,#1282,.T.);
#3330=EDGE_CURVE('',#2665,#2666,#2314,.T.);
#3331=EDGE_CURVE('',#2666,#2663,#1283,.T.);
#3332=EDGE_CURVE('',#2664,#2667,#1284,.T.);
#3333=EDGE_CURVE('',#2668,#2667,#1285,.T.);
#3334=EDGE_CURVE('',#2668,#2665,#1286,.T.);
#3335=EDGE_CURVE('',#2669,#2663,#1287,.T.);
#3336=EDGE_CURVE('',#2670,#2669,#1288,.T.);
#3337=EDGE_CURVE('',#2670,#2671,#1289,.T.);
#3338=EDGE_CURVE('',#2667,#2671,#2315,.T.);
#3339=EDGE_CURVE('',#2672,#2668,#2316,.T.);
#3340=EDGE_CURVE('',#2671,#2672,#1290,.T.);
#3341=EDGE_CURVE('',#2672,#2673,#1291,.T.);
#3342=EDGE_CURVE('',#2674,#2673,#1292,.T.);
#3343=EDGE_CURVE('',#2674,#2666,#1293,.T.);
#3344=EDGE_CURVE('',#2673,#2670,#1294,.T.);
#3345=EDGE_CURVE('',#2669,#2674,#1295,.T.);
#3346=EDGE_CURVE('',#2675,#2676,#2317,.T.);
#3347=EDGE_CURVE('',#2676,#2677,#1296,.T.);
#3348=EDGE_CURVE('',#2677,#2678,#2318,.T.);
#3349=EDGE_CURVE('',#2678,#2675,#1297,.T.);
#3350=EDGE_CURVE('',#2679,#2677,#1298,.T.);
#3351=EDGE_CURVE('',#2680,#2679,#2319,.T.);
#3352=EDGE_CURVE('',#2681,#2680,#1299,.T.);
#3353=EDGE_CURVE('',#2682,#2681,#1300,.T.);
#3354=EDGE_CURVE('',#2682,#2678,#1301,.T.);
#3355=EDGE_CURVE('',#2676,#2683,#1302,.T.);
#3356=EDGE_CURVE('',#2679,#2683,#1303,.T.);
#3357=EDGE_CURVE('',#2683,#2684,#2320,.T.);
#3358=EDGE_CURVE('',#2684,#2680,#1304,.T.);
#3359=EDGE_CURVE('',#2681,#2685,#1305,.T.);
#3360=EDGE_CURVE('',#2685,#2686,#1306,.T.);
#3361=EDGE_CURVE('',#2686,#2682,#1307,.T.);
#3362=EDGE_CURVE('',#2686,#2675,#1308,.T.);
#3363=EDGE_CURVE('',#2684,#2685,#1309,.T.);
#3364=EDGE_CURVE('',#2687,#2688,#2321,.T.);
#3365=EDGE_CURVE('',#2688,#2689,#1310,.T.);
#3366=EDGE_CURVE('',#2689,#2690,#2322,.T.);
#3367=EDGE_CURVE('',#2690,#2687,#1311,.T.);
#3368=EDGE_CURVE('',#2691,#2689,#1312,.T.);
#3369=EDGE_CURVE('',#2692,#2691,#2323,.T.);
#3370=EDGE_CURVE('',#2693,#2692,#1313,.T.);
#3371=EDGE_CURVE('',#2694,#2693,#1314,.T.);
#3372=EDGE_CURVE('',#2690,#2694,#1315,.T.);
#3373=EDGE_CURVE('',#2688,#2695,#1316,.T.);
#3374=EDGE_CURVE('',#2691,#2695,#1317,.T.);
#3375=EDGE_CURVE('',#2695,#2696,#2324,.T.);
#3376=EDGE_CURVE('',#2696,#2692,#1318,.T.);
#3377=EDGE_CURVE('',#2697,#2694,#1319,.T.);
#3378=EDGE_CURVE('',#2693,#2698,#1320,.T.);
#3379=EDGE_CURVE('',#2698,#2697,#1321,.T.);
#3380=EDGE_CURVE('',#2698,#2696,#1322,.T.);
#3381=EDGE_CURVE('',#2697,#2687,#1323,.T.);
#3382=EDGE_CURVE('',#2699,#2700,#2325,.T.);
#3383=EDGE_CURVE('',#2700,#2701,#1324,.T.);
#3384=EDGE_CURVE('',#2701,#2702,#2326,.T.);
#3385=EDGE_CURVE('',#2702,#2699,#1325,.T.);
#3386=EDGE_CURVE('',#2703,#2701,#1326,.T.);
#3387=EDGE_CURVE('',#2704,#2703,#2327,.T.);
#3388=EDGE_CURVE('',#2705,#2704,#1327,.T.);
#3389=EDGE_CURVE('',#2706,#2705,#1328,.T.);
#3390=EDGE_CURVE('',#2706,#2702,#1329,.T.);
#3391=EDGE_CURVE('',#2700,#2707,#1330,.T.);
#3392=EDGE_CURVE('',#2703,#2707,#1331,.T.);
#3393=EDGE_CURVE('',#2707,#2708,#2328,.T.);
#3394=EDGE_CURVE('',#2708,#2704,#1332,.T.);
#3395=EDGE_CURVE('',#2705,#2709,#1333,.T.);
#3396=EDGE_CURVE('',#2709,#2710,#1334,.T.);
#3397=EDGE_CURVE('',#2710,#2706,#1335,.T.);
#3398=EDGE_CURVE('',#2710,#2699,#1336,.T.);
#3399=EDGE_CURVE('',#2708,#2709,#1337,.T.);
#3400=EDGE_CURVE('',#2711,#2712,#2329,.T.);
#3401=EDGE_CURVE('',#2712,#2713,#1338,.T.);
#3402=EDGE_CURVE('',#2713,#2714,#2330,.T.);
#3403=EDGE_CURVE('',#2714,#2711,#1339,.T.);
#3404=EDGE_CURVE('',#2715,#2713,#1340,.T.);
#3405=EDGE_CURVE('',#2716,#2715,#2331,.T.);
#3406=EDGE_CURVE('',#2717,#2716,#1341,.T.);
#3407=EDGE_CURVE('',#2718,#2717,#1342,.T.);
#3408=EDGE_CURVE('',#2718,#2714,#1343,.T.);
#3409=EDGE_CURVE('',#2712,#2719,#1344,.T.);
#3410=EDGE_CURVE('',#2715,#2719,#1345,.T.);
#3411=EDGE_CURVE('',#2719,#2720,#2332,.T.);
#3412=EDGE_CURVE('',#2720,#2716,#1346,.T.);
#3413=EDGE_CURVE('',#2717,#2721,#1347,.T.);
#3414=EDGE_CURVE('',#2721,#2722,#1348,.T.);
#3415=EDGE_CURVE('',#2722,#2718,#1349,.T.);
#3416=EDGE_CURVE('',#2722,#2711,#1350,.T.);
#3417=EDGE_CURVE('',#2720,#2721,#1351,.T.);
#3418=EDGE_CURVE('',#2723,#2724,#2333,.T.);
#3419=EDGE_CURVE('',#2724,#2725,#1352,.T.);
#3420=EDGE_CURVE('',#2725,#2726,#2334,.T.);
#3421=EDGE_CURVE('',#2726,#2723,#1353,.T.);
#3422=EDGE_CURVE('',#2724,#2727,#1354,.T.);
#3423=EDGE_CURVE('',#2728,#2727,#1355,.T.);
#3424=EDGE_CURVE('',#2728,#2725,#1356,.T.);
#3425=EDGE_CURVE('',#2729,#2723,#1357,.T.);
#3426=EDGE_CURVE('',#2729,#2730,#1358,.T.);
#3427=EDGE_CURVE('',#2730,#2731,#1359,.T.);
#3428=EDGE_CURVE('',#2731,#2732,#1360,.T.);
#3429=EDGE_CURVE('',#2732,#2733,#1361,.T.);
#3430=EDGE_CURVE('',#2733,#2734,#1362,.T.);
#3431=EDGE_CURVE('',#2734,#2735,#1363,.T.);
#3432=EDGE_CURVE('',#2727,#2735,#2335,.T.);
#3433=EDGE_CURVE('',#2736,#2737,#1364,.T.);
#3434=EDGE_CURVE('',#2737,#2738,#1365,.T.);
#3435=EDGE_CURVE('',#2738,#2739,#1366,.T.);
#3436=EDGE_CURVE('',#2739,#2740,#1367,.T.);
#3437=EDGE_CURVE('',#2740,#2741,#1368,.T.);
#3438=EDGE_CURVE('',#2741,#2742,#1369,.T.);
#3439=EDGE_CURVE('',#2742,#2743,#1370,.T.);
#3440=EDGE_CURVE('',#2743,#2736,#1371,.T.);
#3441=EDGE_CURVE('',#2744,#2728,#2336,.T.);
#3442=EDGE_CURVE('',#2735,#2744,#1372,.T.);
#3443=EDGE_CURVE('',#2745,#2734,#1373,.T.);
#3444=EDGE_CURVE('',#2745,#2744,#1374,.T.);
#3445=EDGE_CURVE('',#2746,#2726,#1375,.T.);
#3446=EDGE_CURVE('',#2729,#2746,#1376,.T.);
#3447=EDGE_CURVE('',#2733,#2747,#1377,.T.);
#3448=EDGE_CURVE('',#2745,#2747,#1378,.T.);
#3449=EDGE_CURVE('',#2748,#2746,#1379,.T.);
#3450=EDGE_CURVE('',#2748,#2730,#1380,.T.);
#3451=EDGE_CURVE('',#2749,#2750,#1381,.T.);
#3452=EDGE_CURVE('',#2751,#2750,#2337,.T.);
#3453=EDGE_CURVE('',#2752,#2751,#1382,.T.);
#3454=EDGE_CURVE('',#2749,#2752,#2338,.T.);
#3455=EDGE_CURVE('',#2750,#2753,#1383,.T.);
#3456=EDGE_CURVE('',#2750,#2754,#1384,.T.);
#3457=EDGE_CURVE('',#2755,#2754,#1385,.T.);
#3458=EDGE_CURVE('',#2755,#2753,#1386,.T.);
#3459=EDGE_CURVE('',#2753,#2756,#1387,.T.);
#3460=EDGE_CURVE('',#2757,#2755,#1388,.T.);
#3461=EDGE_CURVE('',#2757,#2756,#1389,.T.);
#3462=EDGE_CURVE('',#2756,#2749,#1390,.T.);
#3463=EDGE_CURVE('',#2758,#2752,#1391,.T.);
#3464=EDGE_CURVE('',#2756,#2758,#2339,.T.);
#3465=EDGE_CURVE('',#2753,#2759,#2340,.T.);
#3466=EDGE_CURVE('',#2759,#2751,#1392,.T.);
#3467=EDGE_CURVE('',#2757,#2760,#1393,.T.);
#3468=EDGE_CURVE('',#2760,#2749,#1394,.T.);
#3469=EDGE_CURVE('',#2754,#2760,#1395,.T.);
#3470=EDGE_CURVE('',#2759,#2758,#1396,.T.);
#3471=EDGE_CURVE('',#2761,#2759,#1397,.T.);
#3472=EDGE_CURVE('',#2761,#2762,#1398,.T.);
#3473=EDGE_CURVE('',#2751,#2762,#1399,.T.);
#3474=EDGE_CURVE('',#2763,#2761,#1400,.T.);
#3475=EDGE_CURVE('',#2763,#2764,#1401,.T.);
#3476=EDGE_CURVE('',#2762,#2764,#1402,.T.);
#3477=EDGE_CURVE('',#2765,#2766,#1403,.T.);
#3478=EDGE_CURVE('',#2766,#2767,#1404,.T.);
#3479=EDGE_CURVE('',#2767,#2768,#1405,.T.);
#3480=EDGE_CURVE('',#2765,#2768,#1406,.T.);
#3481=EDGE_CURVE('',#2769,#2763,#1407,.T.);
#3482=EDGE_CURVE('',#2758,#2770,#1408,.T.);
#3483=EDGE_CURVE('',#2770,#2771,#1409,.T.);
#3484=EDGE_CURVE('',#2771,#2772,#1410,.T.);
#3485=EDGE_CURVE('',#2772,#2769,#1411,.T.);
#3486=EDGE_CURVE('',#2773,#2752,#1412,.T.);
#3487=EDGE_CURVE('',#2770,#2773,#1413,.T.);
#3488=EDGE_CURVE('',#2774,#2773,#1414,.T.);
#3489=EDGE_CURVE('',#2771,#2774,#1415,.T.);
#3490=EDGE_CURVE('',#2775,#2776,#1416,.T.);
#3491=EDGE_CURVE('',#2776,#2777,#1417,.T.);
#3492=EDGE_CURVE('',#2777,#2778,#1418,.T.);
#3493=EDGE_CURVE('',#2778,#2775,#1419,.T.);
#3494=EDGE_CURVE('',#2764,#2779,#1420,.T.);
#3495=EDGE_CURVE('',#2779,#2780,#1421,.T.);
#3496=EDGE_CURVE('',#2780,#2774,#1422,.T.);
#3497=EDGE_CURVE('',#2779,#2769,#1423,.T.);
#3498=EDGE_CURVE('',#2780,#2772,#1424,.T.);
#3499=EDGE_CURVE('',#2781,#2782,#1425,.T.);
#3500=EDGE_CURVE('',#2781,#2783,#2341,.T.);
#3501=EDGE_CURVE('',#2784,#2783,#1426,.T.);
#3502=EDGE_CURVE('',#2784,#2782,#2342,.T.);
#3503=EDGE_CURVE('',#2782,#2785,#1427,.T.);
#3504=EDGE_CURVE('',#2786,#2785,#1428,.T.);
#3505=EDGE_CURVE('',#2786,#2787,#1429,.T.);
#3506=EDGE_CURVE('',#2782,#2787,#1430,.T.);
#3507=EDGE_CURVE('',#2785,#2788,#1431,.T.);
#3508=EDGE_CURVE('',#2789,#2788,#1432,.T.);
#3509=EDGE_CURVE('',#2789,#2786,#1433,.T.);
#3510=EDGE_CURVE('',#2788,#2781,#1434,.T.);
#3511=EDGE_CURVE('',#2788,#2790,#2343,.T.);
#3512=EDGE_CURVE('',#2790,#2783,#1435,.T.);
#3513=EDGE_CURVE('',#2791,#2784,#1436,.T.);
#3514=EDGE_CURVE('',#2785,#2791,#2344,.T.);
#3515=EDGE_CURVE('',#2792,#2781,#1437,.T.);
#3516=EDGE_CURVE('',#2789,#2792,#1438,.T.);
#3517=EDGE_CURVE('',#2787,#2792,#1439,.T.);
#3518=EDGE_CURVE('',#2790,#2791,#1440,.T.);
#3519=EDGE_CURVE('',#2793,#2784,#1441,.T.);
#3520=EDGE_CURVE('',#2794,#2793,#1442,.T.);
#3521=EDGE_CURVE('',#2791,#2794,#1443,.T.);
#3522=EDGE_CURVE('',#2794,#2795,#1444,.T.);
#3523=EDGE_CURVE('',#2796,#2793,#1445,.T.);
#3524=EDGE_CURVE('',#2795,#2796,#1446,.T.);
#3525=EDGE_CURVE('',#2797,#2798,#1447,.T.);
#3526=EDGE_CURVE('',#2798,#2799,#1448,.T.);
#3527=EDGE_CURVE('',#2799,#2800,#1449,.T.);
#3528=EDGE_CURVE('',#2800,#2797,#1450,.T.);
#3529=EDGE_CURVE('',#2801,#2796,#1451,.T.);
#3530=EDGE_CURVE('',#2783,#2802,#1452,.T.);
#3531=EDGE_CURVE('',#2802,#2803,#1453,.T.);
#3532=EDGE_CURVE('',#2803,#2804,#1454,.T.);
#3533=EDGE_CURVE('',#2804,#2801,#1455,.T.);
#3534=EDGE_CURVE('',#2805,#2790,#1456,.T.);
#3535=EDGE_CURVE('',#2805,#2802,#1457,.T.);
#3536=EDGE_CURVE('',#2806,#2805,#1458,.T.);
#3537=EDGE_CURVE('',#2806,#2803,#1459,.T.);
#3538=EDGE_CURVE('',#2807,#2808,#1460,.T.);
#3539=EDGE_CURVE('',#2808,#2809,#1461,.T.);
#3540=EDGE_CURVE('',#2809,#2810,#1462,.T.);
#3541=EDGE_CURVE('',#2807,#2810,#1463,.T.);
#3542=EDGE_CURVE('',#2795,#2811,#1464,.T.);
#3543=EDGE_CURVE('',#2811,#2812,#1465,.T.);
#3544=EDGE_CURVE('',#2812,#2806,#1466,.T.);
#3545=EDGE_CURVE('',#2804,#2812,#1467,.T.);
#3546=EDGE_CURVE('',#2801,#2811,#1468,.T.);
#3547=EDGE_CURVE('',#2813,#2814,#1469,.T.);
#3548=EDGE_CURVE('',#2742,#2814,#2345,.T.);
#3549=EDGE_CURVE('',#2813,#2741,#2346,.T.);
#3550=EDGE_CURVE('',#2814,#2815,#1470,.T.);
#3551=EDGE_CURVE('',#2814,#2816,#1471,.T.);
#3552=EDGE_CURVE('',#2817,#2816,#1472,.T.);
#3553=EDGE_CURVE('',#2817,#2815,#1473,.T.);
#3554=EDGE_CURVE('',#2815,#2818,#1474,.T.);
#3555=EDGE_CURVE('',#2819,#2817,#1475,.T.);
#3556=EDGE_CURVE('',#2819,#2818,#1476,.T.);
#3557=EDGE_CURVE('',#2818,#2813,#1477,.T.);
#3558=EDGE_CURVE('',#2820,#2741,#1478,.T.);
#3559=EDGE_CURVE('',#2818,#2820,#2347,.T.);
#3560=EDGE_CURVE('',#2815,#2821,#2348,.T.);
#3561=EDGE_CURVE('',#2821,#2742,#1479,.T.);
#3562=EDGE_CURVE('',#2819,#2822,#1480,.T.);
#3563=EDGE_CURVE('',#2822,#2813,#1481,.T.);
#3564=EDGE_CURVE('',#2816,#2822,#1482,.T.);
#3565=EDGE_CURVE('',#2821,#2820,#1483,.T.);
#3566=EDGE_CURVE('',#2823,#2821,#1484,.T.);
#3567=EDGE_CURVE('',#2823,#2743,#1485,.T.);
#3568=EDGE_CURVE('',#2824,#2823,#1486,.T.);
#3569=EDGE_CURVE('',#2824,#2736,#1487,.T.);
#3570=EDGE_CURVE('',#2747,#2825,#1488,.T.);
#3571=EDGE_CURVE('',#2826,#2825,#1489,.T.);
#3572=EDGE_CURVE('',#2826,#2748,#1490,.T.);
#3573=EDGE_CURVE('',#2827,#2824,#1491,.T.);
#3574=EDGE_CURVE('',#2820,#2828,#1492,.T.);
#3575=EDGE_CURVE('',#2828,#2829,#1493,.T.);
#3576=EDGE_CURVE('',#2829,#2830,#1494,.T.);
#3577=EDGE_CURVE('',#2830,#2827,#1495,.T.);
#3578=EDGE_CURVE('',#2828,#2740,#1496,.T.);
#3579=EDGE_CURVE('',#2829,#2739,#1497,.T.);
#3580=EDGE_CURVE('',#2738,#2830,#1498,.T.);
#3581=EDGE_CURVE('',#2737,#2827,#1499,.T.);
#3582=EDGE_CURVE('',#2831,#2832,#1500,.T.);
#3583=EDGE_CURVE('',#2831,#2833,#2349,.T.);
#3584=EDGE_CURVE('',#2834,#2833,#1501,.T.);
#3585=EDGE_CURVE('',#2834,#2832,#2350,.T.);
#3586=EDGE_CURVE('',#2832,#2835,#1502,.T.);
#3587=EDGE_CURVE('',#2836,#2835,#1503,.T.);
#3588=EDGE_CURVE('',#2836,#2837,#1504,.T.);
#3589=EDGE_CURVE('',#2832,#2837,#1505,.T.);
#3590=EDGE_CURVE('',#2835,#2838,#1506,.T.);
#3591=EDGE_CURVE('',#2839,#2838,#1507,.T.);
#3592=EDGE_CURVE('',#2839,#2836,#1508,.T.);
#3593=EDGE_CURVE('',#2838,#2831,#1509,.T.);
#3594=EDGE_CURVE('',#2838,#2840,#2351,.T.);
#3595=EDGE_CURVE('',#2840,#2833,#1510,.T.);
#3596=EDGE_CURVE('',#2841,#2834,#1511,.T.);
#3597=EDGE_CURVE('',#2835,#2841,#2352,.T.);
#3598=EDGE_CURVE('',#2842,#2831,#1512,.T.);
#3599=EDGE_CURVE('',#2839,#2842,#1513,.T.);
#3600=EDGE_CURVE('',#2837,#2842,#1514,.T.);
#3601=EDGE_CURVE('',#2840,#2841,#1515,.T.);
#3602=EDGE_CURVE('',#2843,#2834,#1516,.T.);
#3603=EDGE_CURVE('',#2844,#2843,#1517,.T.);
#3604=EDGE_CURVE('',#2841,#2844,#1518,.T.);
#3605=EDGE_CURVE('',#2844,#2845,#1519,.T.);
#3606=EDGE_CURVE('',#2846,#2843,#1520,.T.);
#3607=EDGE_CURVE('',#2845,#2846,#1521,.T.);
#3608=EDGE_CURVE('',#2847,#2848,#1522,.T.);
#3609=EDGE_CURVE('',#2848,#2849,#1523,.T.);
#3610=EDGE_CURVE('',#2849,#2850,#1524,.T.);
#3611=EDGE_CURVE('',#2850,#2847,#1525,.T.);
#3612=EDGE_CURVE('',#2851,#2846,#1526,.T.);
#3613=EDGE_CURVE('',#2833,#2852,#1527,.T.);
#3614=EDGE_CURVE('',#2852,#2853,#1528,.T.);
#3615=EDGE_CURVE('',#2853,#2854,#1529,.T.);
#3616=EDGE_CURVE('',#2854,#2851,#1530,.T.);
#3617=EDGE_CURVE('',#2855,#2840,#1531,.T.);
#3618=EDGE_CURVE('',#2855,#2852,#1532,.T.);
#3619=EDGE_CURVE('',#2856,#2855,#1533,.T.);
#3620=EDGE_CURVE('',#2856,#2853,#1534,.T.);
#3621=EDGE_CURVE('',#2857,#2858,#1535,.T.);
#3622=EDGE_CURVE('',#2859,#2858,#1536,.T.);
#3623=EDGE_CURVE('',#2859,#2860,#1537,.T.);
#3624=EDGE_CURVE('',#2857,#2860,#1538,.T.);
#3625=EDGE_CURVE('',#2845,#2861,#1539,.T.);
#3626=EDGE_CURVE('',#2861,#2862,#1540,.T.);
#3627=EDGE_CURVE('',#2862,#2856,#1541,.T.);
#3628=EDGE_CURVE('',#2854,#2862,#1542,.T.);
#3629=EDGE_CURVE('',#2851,#2861,#1543,.T.);
#3630=EDGE_CURVE('',#2863,#2864,#1544,.T.);
#3631=EDGE_CURVE('',#2863,#2798,#2353,.T.);
#3632=EDGE_CURVE('',#2797,#2864,#2354,.T.);
#3633=EDGE_CURVE('',#2864,#2865,#1545,.T.);
#3634=EDGE_CURVE('',#2866,#2865,#1546,.T.);
#3635=EDGE_CURVE('',#2866,#2867,#1547,.T.);
#3636=EDGE_CURVE('',#2864,#2867,#1548,.T.);
#3637=EDGE_CURVE('',#2865,#2868,#1549,.T.);
#3638=EDGE_CURVE('',#2869,#2868,#1550,.T.);
#3639=EDGE_CURVE('',#2869,#2866,#1551,.T.);
#3640=EDGE_CURVE('',#2868,#2863,#1552,.T.);
#3641=EDGE_CURVE('',#2868,#2807,#2355,.T.);
#3642=EDGE_CURVE('',#2798,#2807,#1553,.T.);
#3643=EDGE_CURVE('',#2808,#2797,#1554,.T.);
#3644=EDGE_CURVE('',#2865,#2808,#2356,.T.);
#3645=EDGE_CURVE('',#2870,#2863,#1555,.T.);
#3646=EDGE_CURVE('',#2869,#2870,#1556,.T.);
#3647=EDGE_CURVE('',#2867,#2870,#1557,.T.);
#3648=EDGE_CURVE('',#2732,#2776,#2357,.T.);
#3649=EDGE_CURVE('',#2775,#2733,#2358,.T.);
#3650=EDGE_CURVE('',#2825,#2732,#1558,.T.);
#3651=EDGE_CURVE('',#2825,#2765,#2359,.T.);
#3652=EDGE_CURVE('',#2776,#2765,#1559,.T.);
#3653=EDGE_CURVE('',#2766,#2775,#1560,.T.);
#3654=EDGE_CURVE('',#2747,#2766,#2360,.T.);
#3655=EDGE_CURVE('',#2826,#2731,#1561,.T.);
#3656=EDGE_CURVE('',#2777,#2848,#2361,.T.);
#3657=EDGE_CURVE('',#2847,#2778,#2362,.T.);
#3658=EDGE_CURVE('',#2778,#2767,#1562,.T.);
#3659=EDGE_CURVE('',#2768,#2777,#1563,.T.);
#3660=EDGE_CURVE('',#2768,#2857,#2363,.T.);
#3661=EDGE_CURVE('',#2848,#2857,#1564,.T.);
#3662=EDGE_CURVE('',#2858,#2847,#1565,.T.);
#3663=EDGE_CURVE('',#2767,#2858,#2364,.T.);
#3664=EDGE_CURVE('',#2799,#2850,#2365,.T.);
#3665=EDGE_CURVE('',#2849,#2800,#2366,.T.);
#3666=EDGE_CURVE('',#2800,#2809,#1566,.T.);
#3667=EDGE_CURVE('',#2810,#2799,#1567,.T.);
#3668=EDGE_CURVE('',#2810,#2859,#2367,.T.);
#3669=EDGE_CURVE('',#2850,#2859,#1568,.T.);
#3670=EDGE_CURVE('',#2860,#2849,#1569,.T.);
#3671=EDGE_CURVE('',#2809,#2860,#2368,.T.);
#3672=ORIENTED_EDGE('',*,*,#2871,.T.);
#3673=ORIENTED_EDGE('',*,*,#2872,.T.);
#3674=ORIENTED_EDGE('',*,*,#2873,.T.);
#3675=ORIENTED_EDGE('',*,*,#2874,.T.);
#3676=ORIENTED_EDGE('',*,*,#2875,.T.);
#3677=ORIENTED_EDGE('',*,*,#2876,.T.);
#3678=ORIENTED_EDGE('',*,*,#2871,.F.);
#3679=ORIENTED_EDGE('',*,*,#2877,.T.);
#3680=ORIENTED_EDGE('',*,*,#2878,.T.);
#3681=ORIENTED_EDGE('',*,*,#2879,.T.);
#3682=ORIENTED_EDGE('',*,*,#2875,.F.);
#3683=ORIENTED_EDGE('',*,*,#2880,.T.);
#3684=ORIENTED_EDGE('',*,*,#2881,.T.);
#3685=ORIENTED_EDGE('',*,*,#2882,.T.);
#3686=ORIENTED_EDGE('',*,*,#2878,.F.);
#3687=ORIENTED_EDGE('',*,*,#2883,.T.);
#3688=ORIENTED_EDGE('',*,*,#2884,.T.);
#3689=ORIENTED_EDGE('',*,*,#2885,.T.);
#3690=ORIENTED_EDGE('',*,*,#2881,.F.);
#3691=ORIENTED_EDGE('',*,*,#2886,.T.);
#3692=ORIENTED_EDGE('',*,*,#2886,.F.);
#3693=ORIENTED_EDGE('',*,*,#2883,.F.);
#3694=ORIENTED_EDGE('',*,*,#2880,.F.);
#3695=ORIENTED_EDGE('',*,*,#2877,.F.);
#3696=ORIENTED_EDGE('',*,*,#2874,.F.);
#3697=ORIENTED_EDGE('',*,*,#2887,.F.);
#3698=ORIENTED_EDGE('',*,*,#2888,.T.);
#3699=ORIENTED_EDGE('',*,*,#2889,.T.);
#3700=ORIENTED_EDGE('',*,*,#2890,.T.);
#3701=ORIENTED_EDGE('',*,*,#2891,.T.);
#3702=ORIENTED_EDGE('',*,*,#2892,.T.);
#3703=ORIENTED_EDGE('',*,*,#2893,.T.);
#3704=ORIENTED_EDGE('',*,*,#2888,.F.);
#3705=ORIENTED_EDGE('',*,*,#2894,.T.);
#3706=ORIENTED_EDGE('',*,*,#2895,.T.);
#3707=ORIENTED_EDGE('',*,*,#2896,.T.);
#3708=ORIENTED_EDGE('',*,*,#2892,.F.);
#3709=ORIENTED_EDGE('',*,*,#2897,.T.);
#3710=ORIENTED_EDGE('',*,*,#2898,.T.);
#3711=ORIENTED_EDGE('',*,*,#2899,.T.);
#3712=ORIENTED_EDGE('',*,*,#2895,.F.);
#3713=ORIENTED_EDGE('',*,*,#2900,.T.);
#3714=ORIENTED_EDGE('',*,*,#2901,.T.);
#3715=ORIENTED_EDGE('',*,*,#2902,.T.);
#3716=ORIENTED_EDGE('',*,*,#2898,.F.);
#3717=ORIENTED_EDGE('',*,*,#2903,.T.);
#3718=ORIENTED_EDGE('',*,*,#2903,.F.);
#3719=ORIENTED_EDGE('',*,*,#2900,.F.);
#3720=ORIENTED_EDGE('',*,*,#2897,.F.);
#3721=ORIENTED_EDGE('',*,*,#2894,.F.);
#3722=ORIENTED_EDGE('',*,*,#2891,.F.);
#3723=ORIENTED_EDGE('',*,*,#2904,.F.);
#3724=ORIENTED_EDGE('',*,*,#2905,.T.);
#3725=ORIENTED_EDGE('',*,*,#2906,.T.);
#3726=ORIENTED_EDGE('',*,*,#2907,.T.);
#3727=ORIENTED_EDGE('',*,*,#2908,.T.);
#3728=ORIENTED_EDGE('',*,*,#2909,.T.);
#3729=ORIENTED_EDGE('',*,*,#2910,.T.);
#3730=ORIENTED_EDGE('',*,*,#2905,.F.);
#3731=ORIENTED_EDGE('',*,*,#2911,.T.);
#3732=ORIENTED_EDGE('',*,*,#2912,.T.);
#3733=ORIENTED_EDGE('',*,*,#2913,.T.);
#3734=ORIENTED_EDGE('',*,*,#2909,.F.);
#3735=ORIENTED_EDGE('',*,*,#2914,.T.);
#3736=ORIENTED_EDGE('',*,*,#2915,.T.);
#3737=ORIENTED_EDGE('',*,*,#2916,.T.);
#3738=ORIENTED_EDGE('',*,*,#2912,.F.);
#3739=ORIENTED_EDGE('',*,*,#2917,.T.);
#3740=ORIENTED_EDGE('',*,*,#2918,.T.);
#3741=ORIENTED_EDGE('',*,*,#2919,.T.);
#3742=ORIENTED_EDGE('',*,*,#2915,.F.);
#3743=ORIENTED_EDGE('',*,*,#2920,.T.);
#3744=ORIENTED_EDGE('',*,*,#2920,.F.);
#3745=ORIENTED_EDGE('',*,*,#2917,.F.);
#3746=ORIENTED_EDGE('',*,*,#2914,.F.);
#3747=ORIENTED_EDGE('',*,*,#2911,.F.);
#3748=ORIENTED_EDGE('',*,*,#2908,.F.);
#3749=ORIENTED_EDGE('',*,*,#2921,.F.);
#3750=ORIENTED_EDGE('',*,*,#2922,.T.);
#3751=ORIENTED_EDGE('',*,*,#2923,.T.);
#3752=ORIENTED_EDGE('',*,*,#2924,.T.);
#3753=ORIENTED_EDGE('',*,*,#2925,.T.);
#3754=ORIENTED_EDGE('',*,*,#2926,.T.);
#3755=ORIENTED_EDGE('',*,*,#2927,.T.);
#3756=ORIENTED_EDGE('',*,*,#2922,.F.);
#3757=ORIENTED_EDGE('',*,*,#2928,.T.);
#3758=ORIENTED_EDGE('',*,*,#2929,.T.);
#3759=ORIENTED_EDGE('',*,*,#2930,.T.);
#3760=ORIENTED_EDGE('',*,*,#2926,.F.);
#3761=ORIENTED_EDGE('',*,*,#2931,.T.);
#3762=ORIENTED_EDGE('',*,*,#2932,.T.);
#3763=ORIENTED_EDGE('',*,*,#2933,.T.);
#3764=ORIENTED_EDGE('',*,*,#2929,.F.);
#3765=ORIENTED_EDGE('',*,*,#2934,.T.);
#3766=ORIENTED_EDGE('',*,*,#2935,.T.);
#3767=ORIENTED_EDGE('',*,*,#2936,.T.);
#3768=ORIENTED_EDGE('',*,*,#2932,.F.);
#3769=ORIENTED_EDGE('',*,*,#2937,.T.);
#3770=ORIENTED_EDGE('',*,*,#2937,.F.);
#3771=ORIENTED_EDGE('',*,*,#2938,.F.);
#3772=ORIENTED_EDGE('',*,*,#2939,.F.);
#3773=ORIENTED_EDGE('',*,*,#2940,.F.);
#3774=ORIENTED_EDGE('',*,*,#2934,.F.);
#3775=ORIENTED_EDGE('',*,*,#2941,.T.);
#3776=ORIENTED_EDGE('',*,*,#2942,.T.);
#3777=ORIENTED_EDGE('',*,*,#2938,.T.);
#3778=ORIENTED_EDGE('',*,*,#2931,.F.);
#3779=ORIENTED_EDGE('',*,*,#2943,.F.);
#3780=ORIENTED_EDGE('',*,*,#2944,.F.);
#3781=ORIENTED_EDGE('',*,*,#2941,.F.);
#3782=ORIENTED_EDGE('',*,*,#2928,.F.);
#3783=ORIENTED_EDGE('',*,*,#2945,.T.);
#3784=ORIENTED_EDGE('',*,*,#2946,.T.);
#3785=ORIENTED_EDGE('',*,*,#2943,.T.);
#3786=ORIENTED_EDGE('',*,*,#2925,.F.);
#3787=ORIENTED_EDGE('',*,*,#2947,.F.);
#3788=ORIENTED_EDGE('',*,*,#2948,.T.);
#3789=ORIENTED_EDGE('',*,*,#2945,.F.);
#3790=ORIENTED_EDGE('',*,*,#2949,.T.);
#3791=ORIENTED_EDGE('',*,*,#2950,.T.);
#3792=ORIENTED_EDGE('',*,*,#2951,.T.);
#3793=ORIENTED_EDGE('',*,*,#2952,.T.);
#3794=ORIENTED_EDGE('',*,*,#2953,.T.);
#3795=ORIENTED_EDGE('',*,*,#2954,.T.);
#3796=ORIENTED_EDGE('',*,*,#2949,.F.);
#3797=ORIENTED_EDGE('',*,*,#2955,.T.);
#3798=ORIENTED_EDGE('',*,*,#2956,.T.);
#3799=ORIENTED_EDGE('',*,*,#2957,.T.);
#3800=ORIENTED_EDGE('',*,*,#2953,.F.);
#3801=ORIENTED_EDGE('',*,*,#2958,.T.);
#3802=ORIENTED_EDGE('',*,*,#2959,.T.);
#3803=ORIENTED_EDGE('',*,*,#2960,.T.);
#3804=ORIENTED_EDGE('',*,*,#2956,.F.);
#3805=ORIENTED_EDGE('',*,*,#2961,.T.);
#3806=ORIENTED_EDGE('',*,*,#2962,.T.);
#3807=ORIENTED_EDGE('',*,*,#2963,.T.);
#3808=ORIENTED_EDGE('',*,*,#2959,.F.);
#3809=ORIENTED_EDGE('',*,*,#2964,.T.);
#3810=ORIENTED_EDGE('',*,*,#2964,.F.);
#3811=ORIENTED_EDGE('',*,*,#2965,.F.);
#3812=ORIENTED_EDGE('',*,*,#2966,.F.);
#3813=ORIENTED_EDGE('',*,*,#2967,.F.);
#3814=ORIENTED_EDGE('',*,*,#2961,.F.);
#3815=ORIENTED_EDGE('',*,*,#2968,.T.);
#3816=ORIENTED_EDGE('',*,*,#2969,.T.);
#3817=ORIENTED_EDGE('',*,*,#2965,.T.);
#3818=ORIENTED_EDGE('',*,*,#2958,.F.);
#3819=ORIENTED_EDGE('',*,*,#2970,.F.);
#3820=ORIENTED_EDGE('',*,*,#2971,.F.);
#3821=ORIENTED_EDGE('',*,*,#2968,.F.);
#3822=ORIENTED_EDGE('',*,*,#2955,.F.);
#3823=ORIENTED_EDGE('',*,*,#2972,.T.);
#3824=ORIENTED_EDGE('',*,*,#2973,.T.);
#3825=ORIENTED_EDGE('',*,*,#2970,.T.);
#3826=ORIENTED_EDGE('',*,*,#2952,.F.);
#3827=ORIENTED_EDGE('',*,*,#2974,.F.);
#3828=ORIENTED_EDGE('',*,*,#2975,.T.);
#3829=ORIENTED_EDGE('',*,*,#2972,.F.);
#3830=ORIENTED_EDGE('',*,*,#2976,.T.);
#3831=ORIENTED_EDGE('',*,*,#2977,.T.);
#3832=ORIENTED_EDGE('',*,*,#2978,.T.);
#3833=ORIENTED_EDGE('',*,*,#2979,.T.);
#3834=ORIENTED_EDGE('',*,*,#2980,.T.);
#3835=ORIENTED_EDGE('',*,*,#2981,.T.);
#3836=ORIENTED_EDGE('',*,*,#2976,.F.);
#3837=ORIENTED_EDGE('',*,*,#2982,.T.);
#3838=ORIENTED_EDGE('',*,*,#2983,.T.);
#3839=ORIENTED_EDGE('',*,*,#2984,.T.);
#3840=ORIENTED_EDGE('',*,*,#2980,.F.);
#3841=ORIENTED_EDGE('',*,*,#2985,.T.);
#3842=ORIENTED_EDGE('',*,*,#2986,.T.);
#3843=ORIENTED_EDGE('',*,*,#2987,.T.);
#3844=ORIENTED_EDGE('',*,*,#2983,.F.);
#3845=ORIENTED_EDGE('',*,*,#2988,.T.);
#3846=ORIENTED_EDGE('',*,*,#2989,.T.);
#3847=ORIENTED_EDGE('',*,*,#2990,.T.);
#3848=ORIENTED_EDGE('',*,*,#2986,.F.);
#3849=ORIENTED_EDGE('',*,*,#2991,.T.);
#3850=ORIENTED_EDGE('',*,*,#2991,.F.);
#3851=ORIENTED_EDGE('',*,*,#2992,.F.);
#3852=ORIENTED_EDGE('',*,*,#2993,.F.);
#3853=ORIENTED_EDGE('',*,*,#2994,.F.);
#3854=ORIENTED_EDGE('',*,*,#2988,.F.);
#3855=ORIENTED_EDGE('',*,*,#2995,.T.);
#3856=ORIENTED_EDGE('',*,*,#2996,.T.);
#3857=ORIENTED_EDGE('',*,*,#2992,.T.);
#3858=ORIENTED_EDGE('',*,*,#2985,.F.);
#3859=ORIENTED_EDGE('',*,*,#2997,.F.);
#3860=ORIENTED_EDGE('',*,*,#2998,.F.);
#3861=ORIENTED_EDGE('',*,*,#2995,.F.);
#3862=ORIENTED_EDGE('',*,*,#2982,.F.);
#3863=ORIENTED_EDGE('',*,*,#2999,.T.);
#3864=ORIENTED_EDGE('',*,*,#3000,.T.);
#3865=ORIENTED_EDGE('',*,*,#2997,.T.);
#3866=ORIENTED_EDGE('',*,*,#2979,.F.);
#3867=ORIENTED_EDGE('',*,*,#3001,.F.);
#3868=ORIENTED_EDGE('',*,*,#3002,.T.);
#3869=ORIENTED_EDGE('',*,*,#2999,.F.);
#3870=ORIENTED_EDGE('',*,*,#3003,.T.);
#3871=ORIENTED_EDGE('',*,*,#3004,.T.);
#3872=ORIENTED_EDGE('',*,*,#3005,.T.);
#3873=ORIENTED_EDGE('',*,*,#3006,.T.);
#3874=ORIENTED_EDGE('',*,*,#3007,.T.);
#3875=ORIENTED_EDGE('',*,*,#3008,.T.);
#3876=ORIENTED_EDGE('',*,*,#3003,.F.);
#3877=ORIENTED_EDGE('',*,*,#3009,.T.);
#3878=ORIENTED_EDGE('',*,*,#3010,.T.);
#3879=ORIENTED_EDGE('',*,*,#3011,.T.);
#3880=ORIENTED_EDGE('',*,*,#3007,.F.);
#3881=ORIENTED_EDGE('',*,*,#3012,.T.);
#3882=ORIENTED_EDGE('',*,*,#3013,.T.);
#3883=ORIENTED_EDGE('',*,*,#3014,.T.);
#3884=ORIENTED_EDGE('',*,*,#3010,.F.);
#3885=ORIENTED_EDGE('',*,*,#3015,.T.);
#3886=ORIENTED_EDGE('',*,*,#3016,.T.);
#3887=ORIENTED_EDGE('',*,*,#3017,.T.);
#3888=ORIENTED_EDGE('',*,*,#3013,.F.);
#3889=ORIENTED_EDGE('',*,*,#3018,.T.);
#3890=ORIENTED_EDGE('',*,*,#3018,.F.);
#3891=ORIENTED_EDGE('',*,*,#3015,.F.);
#3892=ORIENTED_EDGE('',*,*,#3012,.F.);
#3893=ORIENTED_EDGE('',*,*,#3009,.F.);
#3894=ORIENTED_EDGE('',*,*,#3006,.F.);
#3895=ORIENTED_EDGE('',*,*,#3019,.F.);
#3896=ORIENTED_EDGE('',*,*,#3020,.T.);
#3897=ORIENTED_EDGE('',*,*,#3021,.T.);
#3898=ORIENTED_EDGE('',*,*,#3022,.T.);
#3899=ORIENTED_EDGE('',*,*,#3023,.T.);
#3900=ORIENTED_EDGE('',*,*,#3024,.T.);
#3901=ORIENTED_EDGE('',*,*,#3025,.T.);
#3902=ORIENTED_EDGE('',*,*,#3020,.F.);
#3903=ORIENTED_EDGE('',*,*,#3026,.T.);
#3904=ORIENTED_EDGE('',*,*,#3027,.T.);
#3905=ORIENTED_EDGE('',*,*,#3028,.T.);
#3906=ORIENTED_EDGE('',*,*,#3024,.F.);
#3907=ORIENTED_EDGE('',*,*,#3029,.T.);
#3908=ORIENTED_EDGE('',*,*,#3030,.T.);
#3909=ORIENTED_EDGE('',*,*,#3031,.T.);
#3910=ORIENTED_EDGE('',*,*,#3027,.F.);
#3911=ORIENTED_EDGE('',*,*,#3032,.T.);
#3912=ORIENTED_EDGE('',*,*,#3033,.T.);
#3913=ORIENTED_EDGE('',*,*,#3034,.T.);
#3914=ORIENTED_EDGE('',*,*,#3030,.F.);
#3915=ORIENTED_EDGE('',*,*,#3035,.T.);
#3916=ORIENTED_EDGE('',*,*,#3035,.F.);
#3917=ORIENTED_EDGE('',*,*,#3036,.F.);
#3918=ORIENTED_EDGE('',*,*,#3037,.F.);
#3919=ORIENTED_EDGE('',*,*,#3038,.F.);
#3920=ORIENTED_EDGE('',*,*,#3032,.F.);
#3921=ORIENTED_EDGE('',*,*,#3039,.T.);
#3922=ORIENTED_EDGE('',*,*,#3040,.T.);
#3923=ORIENTED_EDGE('',*,*,#3036,.T.);
#3924=ORIENTED_EDGE('',*,*,#3029,.F.);
#3925=ORIENTED_EDGE('',*,*,#3041,.F.);
#3926=ORIENTED_EDGE('',*,*,#3042,.F.);
#3927=ORIENTED_EDGE('',*,*,#3039,.F.);
#3928=ORIENTED_EDGE('',*,*,#3026,.F.);
#3929=ORIENTED_EDGE('',*,*,#3043,.T.);
#3930=ORIENTED_EDGE('',*,*,#3044,.T.);
#3931=ORIENTED_EDGE('',*,*,#3041,.T.);
#3932=ORIENTED_EDGE('',*,*,#3023,.F.);
#3933=ORIENTED_EDGE('',*,*,#3045,.F.);
#3934=ORIENTED_EDGE('',*,*,#3046,.T.);
#3935=ORIENTED_EDGE('',*,*,#3043,.F.);
#3936=ORIENTED_EDGE('',*,*,#3047,.T.);
#3937=ORIENTED_EDGE('',*,*,#3048,.T.);
#3938=ORIENTED_EDGE('',*,*,#3049,.T.);
#3939=ORIENTED_EDGE('',*,*,#3050,.T.);
#3940=ORIENTED_EDGE('',*,*,#3047,.F.);
#3941=ORIENTED_EDGE('',*,*,#3051,.T.);
#3942=ORIENTED_EDGE('',*,*,#3052,.T.);
#3943=ORIENTED_EDGE('',*,*,#3053,.T.);
#3944=ORIENTED_EDGE('',*,*,#3054,.T.);
#3945=ORIENTED_EDGE('',*,*,#3055,.T.);
#3946=ORIENTED_EDGE('',*,*,#3056,.F.);
#3947=ORIENTED_EDGE('',*,*,#3057,.T.);
#3948=ORIENTED_EDGE('',*,*,#3058,.T.);
#3949=ORIENTED_EDGE('',*,*,#3059,.T.);
#3950=ORIENTED_EDGE('',*,*,#3060,.T.);
#3951=ORIENTED_EDGE('',*,*,#3061,.T.);
#3952=ORIENTED_EDGE('',*,*,#3062,.T.);
#3953=ORIENTED_EDGE('',*,*,#3063,.T.);
#3954=ORIENTED_EDGE('',*,*,#3064,.T.);
#3955=ORIENTED_EDGE('',*,*,#3065,.T.);
#3956=ORIENTED_EDGE('',*,*,#3066,.T.);
#3957=ORIENTED_EDGE('',*,*,#3067,.T.);
#3958=ORIENTED_EDGE('',*,*,#3068,.T.);
#3959=ORIENTED_EDGE('',*,*,#3069,.T.);
#3960=ORIENTED_EDGE('',*,*,#3070,.T.);
#3961=ORIENTED_EDGE('',*,*,#3071,.T.);
#3962=ORIENTED_EDGE('',*,*,#3072,.T.);
#3963=ORIENTED_EDGE('',*,*,#3073,.T.);
#3964=ORIENTED_EDGE('',*,*,#3050,.F.);
#3965=ORIENTED_EDGE('',*,*,#3074,.F.);
#3966=ORIENTED_EDGE('',*,*,#3075,.T.);
#3967=ORIENTED_EDGE('',*,*,#3051,.F.);
#3968=ORIENTED_EDGE('',*,*,#3056,.T.);
#3969=ORIENTED_EDGE('',*,*,#3076,.T.);
#3970=ORIENTED_EDGE('',*,*,#3077,.T.);
#3971=ORIENTED_EDGE('',*,*,#3078,.T.);
#3972=ORIENTED_EDGE('',*,*,#3078,.F.);
#3973=ORIENTED_EDGE('',*,*,#3079,.F.);
#3974=ORIENTED_EDGE('',*,*,#3080,.T.);
#3975=ORIENTED_EDGE('',*,*,#3057,.F.);
#3976=ORIENTED_EDGE('',*,*,#3081,.F.);
#3977=ORIENTED_EDGE('',*,*,#3082,.T.);
#3978=ORIENTED_EDGE('',*,*,#3083,.F.);
#3979=ORIENTED_EDGE('',*,*,#3054,.F.);
#3980=ORIENTED_EDGE('',*,*,#3084,.T.);
#3981=ORIENTED_EDGE('',*,*,#3085,.F.);
#3982=ORIENTED_EDGE('',*,*,#3086,.F.);
#3983=ORIENTED_EDGE('',*,*,#3087,.F.);
#3984=ORIENTED_EDGE('',*,*,#3088,.F.);
#3985=ORIENTED_EDGE('',*,*,#3052,.F.);
#3986=ORIENTED_EDGE('',*,*,#3075,.F.);
#3987=ORIENTED_EDGE('',*,*,#3089,.T.);
#3988=ORIENTED_EDGE('',*,*,#3090,.F.);
#3989=ORIENTED_EDGE('',*,*,#3084,.F.);
#3990=ORIENTED_EDGE('',*,*,#3053,.F.);
#3991=ORIENTED_EDGE('',*,*,#3088,.T.);
#3992=ORIENTED_EDGE('',*,*,#3091,.F.);
#3993=ORIENTED_EDGE('',*,*,#3092,.F.);
#3994=ORIENTED_EDGE('',*,*,#3071,.F.);
#3995=ORIENTED_EDGE('',*,*,#3093,.T.);
#3996=ORIENTED_EDGE('',*,*,#3094,.F.);
#3997=ORIENTED_EDGE('',*,*,#3093,.F.);
#3998=ORIENTED_EDGE('',*,*,#3070,.F.);
#3999=ORIENTED_EDGE('',*,*,#3095,.F.);
#4000=ORIENTED_EDGE('',*,*,#3096,.T.);
#4001=ORIENTED_EDGE('',*,*,#3097,.F.);
#4002=ORIENTED_EDGE('',*,*,#3098,.F.);
#4003=ORIENTED_EDGE('',*,*,#3099,.F.);
#4004=ORIENTED_EDGE('',*,*,#3100,.T.);
#4005=ORIENTED_EDGE('',*,*,#3101,.F.);
#4006=ORIENTED_EDGE('',*,*,#3072,.F.);
#4007=ORIENTED_EDGE('',*,*,#3092,.T.);
#4008=ORIENTED_EDGE('',*,*,#3102,.F.);
#4009=ORIENTED_EDGE('',*,*,#3103,.F.);
#4010=ORIENTED_EDGE('',*,*,#3058,.F.);
#4011=ORIENTED_EDGE('',*,*,#3080,.F.);
#4012=ORIENTED_EDGE('',*,*,#3104,.T.);
#4013=ORIENTED_EDGE('',*,*,#3105,.F.);
#4014=ORIENTED_EDGE('',*,*,#3106,.F.);
#4015=ORIENTED_EDGE('',*,*,#3107,.F.);
#4016=ORIENTED_EDGE('',*,*,#3059,.F.);
#4017=ORIENTED_EDGE('',*,*,#3103,.T.);
#4018=ORIENTED_EDGE('',*,*,#3108,.F.);
#4019=ORIENTED_EDGE('',*,*,#3109,.F.);
#4020=ORIENTED_EDGE('',*,*,#3110,.T.);
#4021=ORIENTED_EDGE('',*,*,#3111,.F.);
#4022=ORIENTED_EDGE('',*,*,#3060,.F.);
#4023=ORIENTED_EDGE('',*,*,#3107,.T.);
#4024=ORIENTED_EDGE('',*,*,#3066,.F.);
#4025=ORIENTED_EDGE('',*,*,#3112,.T.);
#4026=ORIENTED_EDGE('',*,*,#3113,.T.);
#4027=ORIENTED_EDGE('',*,*,#3114,.F.);
#4028=ORIENTED_EDGE('',*,*,#3115,.F.);
#4029=ORIENTED_EDGE('',*,*,#3116,.F.);
#4030=ORIENTED_EDGE('',*,*,#3117,.F.);
#4031=ORIENTED_EDGE('',*,*,#3118,.T.);
#4032=ORIENTED_EDGE('',*,*,#3112,.F.);
#4033=ORIENTED_EDGE('',*,*,#3065,.F.);
#4034=ORIENTED_EDGE('',*,*,#3119,.T.);
#4035=ORIENTED_EDGE('',*,*,#3120,.T.);
#4036=ORIENTED_EDGE('',*,*,#3064,.F.);
#4037=ORIENTED_EDGE('',*,*,#3121,.F.);
#4038=ORIENTED_EDGE('',*,*,#3122,.T.);
#4039=ORIENTED_EDGE('',*,*,#3119,.F.);
#4040=ORIENTED_EDGE('',*,*,#3076,.F.);
#4041=ORIENTED_EDGE('',*,*,#3055,.F.);
#4042=ORIENTED_EDGE('',*,*,#3083,.T.);
#4043=ORIENTED_EDGE('',*,*,#3123,.F.);
#4044=ORIENTED_EDGE('',*,*,#3086,.T.);
#4045=ORIENTED_EDGE('',*,*,#3124,.T.);
#4046=ORIENTED_EDGE('',*,*,#3081,.T.);
#4047=ORIENTED_EDGE('',*,*,#3125,.T.);
#4048=ORIENTED_EDGE('',*,*,#3126,.F.);
#4049=ORIENTED_EDGE('',*,*,#3127,.F.);
#4050=ORIENTED_EDGE('',*,*,#3128,.F.);
#4051=ORIENTED_EDGE('',*,*,#3129,.F.);
#4052=ORIENTED_EDGE('',*,*,#3130,.F.);
#4053=ORIENTED_EDGE('',*,*,#3131,.T.);
#4054=ORIENTED_EDGE('',*,*,#3095,.T.);
#4055=ORIENTED_EDGE('',*,*,#3069,.F.);
#4056=ORIENTED_EDGE('',*,*,#3132,.F.);
#4057=ORIENTED_EDGE('',*,*,#3133,.F.);
#4058=ORIENTED_EDGE('',*,*,#3048,.F.);
#4059=ORIENTED_EDGE('',*,*,#3073,.F.);
#4060=ORIENTED_EDGE('',*,*,#3101,.T.);
#4061=ORIENTED_EDGE('',*,*,#3134,.F.);
#4062=ORIENTED_EDGE('',*,*,#3111,.T.);
#4063=ORIENTED_EDGE('',*,*,#3135,.F.);
#4064=ORIENTED_EDGE('',*,*,#3136,.T.);
#4065=ORIENTED_EDGE('',*,*,#3061,.F.);
#4066=ORIENTED_EDGE('',*,*,#3114,.T.);
#4067=ORIENTED_EDGE('',*,*,#3137,.F.);
#4068=ORIENTED_EDGE('',*,*,#3138,.T.);
#4069=ORIENTED_EDGE('',*,*,#3067,.F.);
#4070=ORIENTED_EDGE('',*,*,#2942,.F.);
#4071=ORIENTED_EDGE('',*,*,#2944,.T.);
#4072=ORIENTED_EDGE('',*,*,#2946,.F.);
#4073=ORIENTED_EDGE('',*,*,#2948,.F.);
#4074=ORIENTED_EDGE('',*,*,#3139,.F.);
#4075=ORIENTED_EDGE('',*,*,#2939,.T.);
#4076=ORIENTED_EDGE('',*,*,#2936,.F.);
#4077=ORIENTED_EDGE('',*,*,#3140,.F.);
#4078=ORIENTED_EDGE('',*,*,#2923,.F.);
#4079=ORIENTED_EDGE('',*,*,#2927,.F.);
#4080=ORIENTED_EDGE('',*,*,#2930,.F.);
#4081=ORIENTED_EDGE('',*,*,#2933,.F.);
#4082=ORIENTED_EDGE('',*,*,#2969,.F.);
#4083=ORIENTED_EDGE('',*,*,#2971,.T.);
#4084=ORIENTED_EDGE('',*,*,#2973,.F.);
#4085=ORIENTED_EDGE('',*,*,#2975,.F.);
#4086=ORIENTED_EDGE('',*,*,#3141,.F.);
#4087=ORIENTED_EDGE('',*,*,#2966,.T.);
#4088=ORIENTED_EDGE('',*,*,#2963,.F.);
#4089=ORIENTED_EDGE('',*,*,#3142,.F.);
#4090=ORIENTED_EDGE('',*,*,#2950,.F.);
#4091=ORIENTED_EDGE('',*,*,#2954,.F.);
#4092=ORIENTED_EDGE('',*,*,#2957,.F.);
#4093=ORIENTED_EDGE('',*,*,#2960,.F.);
#4094=ORIENTED_EDGE('',*,*,#2990,.F.);
#4095=ORIENTED_EDGE('',*,*,#3143,.F.);
#4096=ORIENTED_EDGE('',*,*,#2977,.F.);
#4097=ORIENTED_EDGE('',*,*,#2981,.F.);
#4098=ORIENTED_EDGE('',*,*,#2984,.F.);
#4099=ORIENTED_EDGE('',*,*,#2987,.F.);
#4100=ORIENTED_EDGE('',*,*,#3034,.F.);
#4101=ORIENTED_EDGE('',*,*,#3144,.F.);
#4102=ORIENTED_EDGE('',*,*,#3021,.F.);
#4103=ORIENTED_EDGE('',*,*,#3025,.F.);
#4104=ORIENTED_EDGE('',*,*,#3028,.F.);
#4105=ORIENTED_EDGE('',*,*,#3031,.F.);
#4106=ORIENTED_EDGE('',*,*,#2916,.F.);
#4107=ORIENTED_EDGE('',*,*,#3145,.T.);
#4108=ORIENTED_EDGE('',*,*,#3146,.T.);
#4109=ORIENTED_EDGE('',*,*,#3147,.T.);
#4110=ORIENTED_EDGE('',*,*,#2913,.F.);
#4111=ORIENTED_EDGE('',*,*,#3147,.F.);
#4112=ORIENTED_EDGE('',*,*,#3148,.T.);
#4113=ORIENTED_EDGE('',*,*,#3149,.F.);
#4114=ORIENTED_EDGE('',*,*,#2910,.F.);
#4115=ORIENTED_EDGE('',*,*,#3149,.T.);
#4116=ORIENTED_EDGE('',*,*,#3150,.T.);
#4117=ORIENTED_EDGE('',*,*,#3151,.T.);
#4118=ORIENTED_EDGE('',*,*,#2899,.F.);
#4119=ORIENTED_EDGE('',*,*,#3152,.T.);
#4120=ORIENTED_EDGE('',*,*,#3153,.T.);
#4121=ORIENTED_EDGE('',*,*,#3154,.T.);
#4122=ORIENTED_EDGE('',*,*,#2896,.F.);
#4123=ORIENTED_EDGE('',*,*,#3154,.F.);
#4124=ORIENTED_EDGE('',*,*,#3155,.T.);
#4125=ORIENTED_EDGE('',*,*,#3156,.F.);
#4126=ORIENTED_EDGE('',*,*,#2893,.F.);
#4127=ORIENTED_EDGE('',*,*,#3156,.T.);
#4128=ORIENTED_EDGE('',*,*,#3157,.T.);
#4129=ORIENTED_EDGE('',*,*,#3158,.T.);
#4130=ORIENTED_EDGE('',*,*,#3008,.F.);
#4131=ORIENTED_EDGE('',*,*,#3159,.T.);
#4132=ORIENTED_EDGE('',*,*,#3160,.T.);
#4133=ORIENTED_EDGE('',*,*,#3161,.T.);
#4134=ORIENTED_EDGE('',*,*,#3160,.F.);
#4135=ORIENTED_EDGE('',*,*,#3162,.F.);
#4136=ORIENTED_EDGE('',*,*,#3163,.F.);
#4137=ORIENTED_EDGE('',*,*,#3164,.F.);
#4138=ORIENTED_EDGE('',*,*,#3165,.F.);
#4139=ORIENTED_EDGE('',*,*,#3166,.T.);
#4140=ORIENTED_EDGE('',*,*,#3011,.F.);
#4141=ORIENTED_EDGE('',*,*,#3167,.F.);
#4142=ORIENTED_EDGE('',*,*,#3162,.T.);
#4143=ORIENTED_EDGE('',*,*,#3159,.F.);
#4144=ORIENTED_EDGE('',*,*,#3014,.F.);
#4145=ORIENTED_EDGE('',*,*,#3168,.T.);
#4146=ORIENTED_EDGE('',*,*,#3163,.T.);
#4147=ORIENTED_EDGE('',*,*,#3167,.T.);
#4148=ORIENTED_EDGE('',*,*,#2876,.F.);
#4149=ORIENTED_EDGE('',*,*,#3169,.T.);
#4150=ORIENTED_EDGE('',*,*,#3170,.T.);
#4151=ORIENTED_EDGE('',*,*,#3171,.T.);
#4152=ORIENTED_EDGE('',*,*,#3170,.F.);
#4153=ORIENTED_EDGE('',*,*,#3172,.F.);
#4154=ORIENTED_EDGE('',*,*,#3173,.F.);
#4155=ORIENTED_EDGE('',*,*,#3174,.F.);
#4156=ORIENTED_EDGE('',*,*,#3175,.F.);
#4157=ORIENTED_EDGE('',*,*,#3176,.T.);
#4158=ORIENTED_EDGE('',*,*,#2879,.F.);
#4159=ORIENTED_EDGE('',*,*,#3177,.F.);
#4160=ORIENTED_EDGE('',*,*,#3172,.T.);
#4161=ORIENTED_EDGE('',*,*,#3169,.F.);
#4162=ORIENTED_EDGE('',*,*,#2882,.F.);
#4163=ORIENTED_EDGE('',*,*,#3178,.T.);
#4164=ORIENTED_EDGE('',*,*,#3173,.T.);
#4165=ORIENTED_EDGE('',*,*,#3177,.T.);
#4166=ORIENTED_EDGE('',*,*,#3040,.F.);
#4167=ORIENTED_EDGE('',*,*,#3042,.T.);
#4168=ORIENTED_EDGE('',*,*,#3044,.F.);
#4169=ORIENTED_EDGE('',*,*,#3046,.F.);
#4170=ORIENTED_EDGE('',*,*,#3179,.F.);
#4171=ORIENTED_EDGE('',*,*,#3037,.T.);
#4172=ORIENTED_EDGE('',*,*,#2996,.F.);
#4173=ORIENTED_EDGE('',*,*,#2998,.T.);
#4174=ORIENTED_EDGE('',*,*,#3000,.F.);
#4175=ORIENTED_EDGE('',*,*,#3002,.F.);
#4176=ORIENTED_EDGE('',*,*,#3180,.F.);
#4177=ORIENTED_EDGE('',*,*,#2993,.T.);
#4178=ORIENTED_EDGE('',*,*,#2902,.F.);
#4179=ORIENTED_EDGE('',*,*,#3181,.F.);
#4180=ORIENTED_EDGE('',*,*,#3182,.T.);
#4181=ORIENTED_EDGE('',*,*,#3152,.F.);
#4182=ORIENTED_EDGE('',*,*,#2889,.F.);
#4183=ORIENTED_EDGE('',*,*,#3158,.F.);
#4184=ORIENTED_EDGE('',*,*,#3183,.F.);
#4185=ORIENTED_EDGE('',*,*,#3184,.F.);
#4186=ORIENTED_EDGE('',*,*,#3153,.F.);
#4187=ORIENTED_EDGE('',*,*,#3182,.F.);
#4188=ORIENTED_EDGE('',*,*,#3185,.F.);
#4189=ORIENTED_EDGE('',*,*,#3183,.T.);
#4190=ORIENTED_EDGE('',*,*,#3157,.F.);
#4191=ORIENTED_EDGE('',*,*,#3155,.F.);
#4192=ORIENTED_EDGE('',*,*,#2919,.F.);
#4193=ORIENTED_EDGE('',*,*,#3186,.F.);
#4194=ORIENTED_EDGE('',*,*,#3187,.T.);
#4195=ORIENTED_EDGE('',*,*,#3145,.F.);
#4196=ORIENTED_EDGE('',*,*,#2906,.F.);
#4197=ORIENTED_EDGE('',*,*,#3151,.F.);
#4198=ORIENTED_EDGE('',*,*,#3188,.F.);
#4199=ORIENTED_EDGE('',*,*,#3189,.F.);
#4200=ORIENTED_EDGE('',*,*,#3146,.F.);
#4201=ORIENTED_EDGE('',*,*,#3187,.F.);
#4202=ORIENTED_EDGE('',*,*,#3190,.F.);
#4203=ORIENTED_EDGE('',*,*,#3188,.T.);
#4204=ORIENTED_EDGE('',*,*,#3150,.F.);
#4205=ORIENTED_EDGE('',*,*,#3148,.F.);
#4206=ORIENTED_EDGE('',*,*,#3004,.F.);
#4207=ORIENTED_EDGE('',*,*,#3161,.F.);
#4208=ORIENTED_EDGE('',*,*,#3166,.F.);
#4209=ORIENTED_EDGE('',*,*,#3191,.F.);
#4210=ORIENTED_EDGE('',*,*,#3017,.F.);
#4211=ORIENTED_EDGE('',*,*,#3192,.F.);
#4212=ORIENTED_EDGE('',*,*,#3164,.T.);
#4213=ORIENTED_EDGE('',*,*,#3168,.F.);
#4214=ORIENTED_EDGE('',*,*,#2872,.F.);
#4215=ORIENTED_EDGE('',*,*,#3171,.F.);
#4216=ORIENTED_EDGE('',*,*,#3176,.F.);
#4217=ORIENTED_EDGE('',*,*,#3193,.F.);
#4218=ORIENTED_EDGE('',*,*,#2885,.F.);
#4219=ORIENTED_EDGE('',*,*,#3194,.F.);
#4220=ORIENTED_EDGE('',*,*,#3174,.T.);
#4221=ORIENTED_EDGE('',*,*,#3178,.F.);
#4222=ORIENTED_EDGE('',*,*,#3127,.T.);
#4223=ORIENTED_EDGE('',*,*,#3195,.T.);
#4224=ORIENTED_EDGE('',*,*,#3129,.T.);
#4225=ORIENTED_EDGE('',*,*,#3196,.T.);
#4226=ORIENTED_EDGE('',*,*,#3099,.T.);
#4227=ORIENTED_EDGE('',*,*,#3197,.T.);
#4228=ORIENTED_EDGE('',*,*,#3130,.T.);
#4229=ORIENTED_EDGE('',*,*,#3195,.F.);
#4230=ORIENTED_EDGE('',*,*,#3126,.T.);
#4231=ORIENTED_EDGE('',*,*,#3198,.T.);
#4232=ORIENTED_EDGE('',*,*,#3105,.T.);
#4233=ORIENTED_EDGE('',*,*,#3199,.T.);
#4234=ORIENTED_EDGE('',*,*,#3109,.T.);
#4235=ORIENTED_EDGE('',*,*,#3200,.T.);
#4236=ORIENTED_EDGE('',*,*,#3115,.T.);
#4237=ORIENTED_EDGE('',*,*,#3201,.T.);
#4238=ORIENTED_EDGE('',*,*,#3117,.T.);
#4239=ORIENTED_EDGE('',*,*,#3202,.T.);
#4240=ORIENTED_EDGE('',*,*,#3097,.T.);
#4241=ORIENTED_EDGE('',*,*,#3203,.T.);
#4242=ORIENTED_EDGE('',*,*,#3204,.T.);
#4243=ORIENTED_EDGE('',*,*,#3205,.T.);
#4244=ORIENTED_EDGE('',*,*,#3206,.T.);
#4245=ORIENTED_EDGE('',*,*,#3207,.T.);
#4246=ORIENTED_EDGE('',*,*,#3205,.F.);
#4247=ORIENTED_EDGE('',*,*,#3207,.F.);
#4248=ORIENTED_EDGE('',*,*,#3208,.T.);
#4249=ORIENTED_EDGE('',*,*,#3209,.F.);
#4250=ORIENTED_EDGE('',*,*,#3208,.F.);
#4251=ORIENTED_EDGE('',*,*,#3206,.F.);
#4252=ORIENTED_EDGE('',*,*,#3204,.F.);
#4253=ORIENTED_EDGE('',*,*,#3128,.T.);
#4254=ORIENTED_EDGE('',*,*,#3196,.F.);
#4255=ORIENTED_EDGE('',*,*,#3210,.F.);
#4256=ORIENTED_EDGE('',*,*,#3211,.T.);
#4257=ORIENTED_EDGE('',*,*,#3212,.T.);
#4258=ORIENTED_EDGE('',*,*,#3213,.F.);
#4259=ORIENTED_EDGE('',*,*,#3214,.F.);
#4260=ORIENTED_EDGE('',*,*,#3215,.T.);
#4261=ORIENTED_EDGE('',*,*,#3216,.T.);
#4262=ORIENTED_EDGE('',*,*,#3211,.F.);
#4263=ORIENTED_EDGE('',*,*,#3217,.F.);
#4264=ORIENTED_EDGE('',*,*,#3218,.T.);
#4265=ORIENTED_EDGE('',*,*,#3219,.T.);
#4266=ORIENTED_EDGE('',*,*,#3215,.F.);
#4267=ORIENTED_EDGE('',*,*,#3220,.F.);
#4268=ORIENTED_EDGE('',*,*,#3221,.T.);
#4269=ORIENTED_EDGE('',*,*,#3222,.T.);
#4270=ORIENTED_EDGE('',*,*,#3218,.F.);
#4271=ORIENTED_EDGE('',*,*,#3223,.F.);
#4272=ORIENTED_EDGE('',*,*,#3224,.T.);
#4273=ORIENTED_EDGE('',*,*,#3225,.T.);
#4274=ORIENTED_EDGE('',*,*,#3221,.F.);
#4275=ORIENTED_EDGE('',*,*,#3226,.F.);
#4276=ORIENTED_EDGE('',*,*,#3227,.T.);
#4277=ORIENTED_EDGE('',*,*,#3228,.T.);
#4278=ORIENTED_EDGE('',*,*,#3224,.F.);
#4279=ORIENTED_EDGE('',*,*,#3229,.F.);
#4280=ORIENTED_EDGE('',*,*,#3230,.T.);
#4281=ORIENTED_EDGE('',*,*,#3231,.T.);
#4282=ORIENTED_EDGE('',*,*,#3227,.F.);
#4283=ORIENTED_EDGE('',*,*,#3232,.F.);
#4284=ORIENTED_EDGE('',*,*,#3233,.T.);
#4285=ORIENTED_EDGE('',*,*,#3234,.T.);
#4286=ORIENTED_EDGE('',*,*,#3230,.F.);
#4287=ORIENTED_EDGE('',*,*,#3235,.F.);
#4288=ORIENTED_EDGE('',*,*,#3236,.T.);
#4289=ORIENTED_EDGE('',*,*,#3237,.T.);
#4290=ORIENTED_EDGE('',*,*,#3233,.F.);
#4291=ORIENTED_EDGE('',*,*,#3238,.F.);
#4292=ORIENTED_EDGE('',*,*,#3239,.T.);
#4293=ORIENTED_EDGE('',*,*,#3240,.T.);
#4294=ORIENTED_EDGE('',*,*,#3236,.F.);
#4295=ORIENTED_EDGE('',*,*,#3241,.F.);
#4296=ORIENTED_EDGE('',*,*,#3242,.T.);
#4297=ORIENTED_EDGE('',*,*,#3243,.T.);
#4298=ORIENTED_EDGE('',*,*,#3239,.F.);
#4299=ORIENTED_EDGE('',*,*,#3244,.F.);
#4300=ORIENTED_EDGE('',*,*,#3245,.T.);
#4301=ORIENTED_EDGE('',*,*,#3246,.T.);
#4302=ORIENTED_EDGE('',*,*,#3242,.F.);
#4303=ORIENTED_EDGE('',*,*,#3247,.F.);
#4304=ORIENTED_EDGE('',*,*,#3248,.T.);
#4305=ORIENTED_EDGE('',*,*,#3249,.T.);
#4306=ORIENTED_EDGE('',*,*,#3245,.F.);
#4307=ORIENTED_EDGE('',*,*,#3250,.F.);
#4308=ORIENTED_EDGE('',*,*,#3251,.T.);
#4309=ORIENTED_EDGE('',*,*,#3252,.T.);
#4310=ORIENTED_EDGE('',*,*,#3248,.F.);
#4311=ORIENTED_EDGE('',*,*,#3253,.F.);
#4312=ORIENTED_EDGE('',*,*,#3254,.T.);
#4313=ORIENTED_EDGE('',*,*,#3255,.T.);
#4314=ORIENTED_EDGE('',*,*,#3251,.F.);
#4315=ORIENTED_EDGE('',*,*,#3256,.F.);
#4316=ORIENTED_EDGE('',*,*,#3257,.T.);
#4317=ORIENTED_EDGE('',*,*,#3258,.T.);
#4318=ORIENTED_EDGE('',*,*,#3254,.F.);
#4319=ORIENTED_EDGE('',*,*,#3259,.F.);
#4320=ORIENTED_EDGE('',*,*,#3260,.T.);
#4321=ORIENTED_EDGE('',*,*,#3261,.T.);
#4322=ORIENTED_EDGE('',*,*,#3257,.F.);
#4323=ORIENTED_EDGE('',*,*,#3262,.F.);
#4324=ORIENTED_EDGE('',*,*,#3263,.T.);
#4325=ORIENTED_EDGE('',*,*,#3264,.T.);
#4326=ORIENTED_EDGE('',*,*,#3260,.F.);
#4327=ORIENTED_EDGE('',*,*,#3265,.F.);
#4328=ORIENTED_EDGE('',*,*,#3266,.T.);
#4329=ORIENTED_EDGE('',*,*,#3267,.T.);
#4330=ORIENTED_EDGE('',*,*,#3263,.F.);
#4331=ORIENTED_EDGE('',*,*,#3268,.F.);
#4332=ORIENTED_EDGE('',*,*,#3269,.T.);
#4333=ORIENTED_EDGE('',*,*,#3270,.T.);
#4334=ORIENTED_EDGE('',*,*,#3266,.F.);
#4335=ORIENTED_EDGE('',*,*,#3271,.F.);
#4336=ORIENTED_EDGE('',*,*,#3272,.T.);
#4337=ORIENTED_EDGE('',*,*,#3273,.T.);
#4338=ORIENTED_EDGE('',*,*,#3269,.F.);
#4339=ORIENTED_EDGE('',*,*,#3274,.F.);
#4340=ORIENTED_EDGE('',*,*,#3275,.T.);
#4341=ORIENTED_EDGE('',*,*,#3276,.T.);
#4342=ORIENTED_EDGE('',*,*,#3272,.F.);
#4343=ORIENTED_EDGE('',*,*,#3277,.F.);
#4344=ORIENTED_EDGE('',*,*,#3278,.T.);
#4345=ORIENTED_EDGE('',*,*,#3279,.T.);
#4346=ORIENTED_EDGE('',*,*,#3275,.F.);
#4347=ORIENTED_EDGE('',*,*,#3280,.F.);
#4348=ORIENTED_EDGE('',*,*,#3281,.T.);
#4349=ORIENTED_EDGE('',*,*,#3282,.T.);
#4350=ORIENTED_EDGE('',*,*,#3278,.F.);
#4351=ORIENTED_EDGE('',*,*,#3283,.F.);
#4352=ORIENTED_EDGE('',*,*,#3284,.T.);
#4353=ORIENTED_EDGE('',*,*,#3285,.T.);
#4354=ORIENTED_EDGE('',*,*,#3281,.F.);
#4355=ORIENTED_EDGE('',*,*,#3286,.F.);
#4356=ORIENTED_EDGE('',*,*,#3287,.T.);
#4357=ORIENTED_EDGE('',*,*,#3288,.T.);
#4358=ORIENTED_EDGE('',*,*,#3284,.F.);
#4359=ORIENTED_EDGE('',*,*,#3289,.F.);
#4360=ORIENTED_EDGE('',*,*,#3290,.T.);
#4361=ORIENTED_EDGE('',*,*,#3291,.T.);
#4362=ORIENTED_EDGE('',*,*,#3287,.F.);
#4363=ORIENTED_EDGE('',*,*,#3292,.F.);
#4364=ORIENTED_EDGE('',*,*,#3213,.T.);
#4365=ORIENTED_EDGE('',*,*,#3293,.T.);
#4366=ORIENTED_EDGE('',*,*,#3290,.F.);
#4367=ORIENTED_EDGE('',*,*,#3087,.T.);
#4368=ORIENTED_EDGE('',*,*,#3131,.F.);
#4369=ORIENTED_EDGE('',*,*,#3197,.F.);
#4370=ORIENTED_EDGE('',*,*,#3098,.T.);
#4371=ORIENTED_EDGE('',*,*,#3091,.T.);
#4372=ORIENTED_EDGE('',*,*,#3094,.T.);
#4373=ORIENTED_EDGE('',*,*,#3202,.F.);
#4374=ORIENTED_EDGE('',*,*,#3116,.T.);
#4375=ORIENTED_EDGE('',*,*,#3200,.F.);
#4376=ORIENTED_EDGE('',*,*,#3108,.T.);
#4377=ORIENTED_EDGE('',*,*,#3106,.T.);
#4378=ORIENTED_EDGE('',*,*,#3102,.T.);
#4379=ORIENTED_EDGE('',*,*,#3198,.F.);
#4380=ORIENTED_EDGE('',*,*,#3125,.F.);
#4381=ORIENTED_EDGE('',*,*,#3085,.T.);
#4382=ORIENTED_EDGE('',*,*,#3090,.T.);
#4383=ORIENTED_EDGE('',*,*,#3293,.F.);
#4384=ORIENTED_EDGE('',*,*,#3212,.F.);
#4385=ORIENTED_EDGE('',*,*,#3216,.F.);
#4386=ORIENTED_EDGE('',*,*,#3219,.F.);
#4387=ORIENTED_EDGE('',*,*,#3222,.F.);
#4388=ORIENTED_EDGE('',*,*,#3225,.F.);
#4389=ORIENTED_EDGE('',*,*,#3228,.F.);
#4390=ORIENTED_EDGE('',*,*,#3231,.F.);
#4391=ORIENTED_EDGE('',*,*,#3234,.F.);
#4392=ORIENTED_EDGE('',*,*,#3237,.F.);
#4393=ORIENTED_EDGE('',*,*,#3240,.F.);
#4394=ORIENTED_EDGE('',*,*,#3243,.F.);
#4395=ORIENTED_EDGE('',*,*,#3246,.F.);
#4396=ORIENTED_EDGE('',*,*,#3249,.F.);
#4397=ORIENTED_EDGE('',*,*,#3252,.F.);
#4398=ORIENTED_EDGE('',*,*,#3255,.F.);
#4399=ORIENTED_EDGE('',*,*,#3258,.F.);
#4400=ORIENTED_EDGE('',*,*,#3261,.F.);
#4401=ORIENTED_EDGE('',*,*,#3264,.F.);
#4402=ORIENTED_EDGE('',*,*,#3267,.F.);
#4403=ORIENTED_EDGE('',*,*,#3270,.F.);
#4404=ORIENTED_EDGE('',*,*,#3273,.F.);
#4405=ORIENTED_EDGE('',*,*,#3276,.F.);
#4406=ORIENTED_EDGE('',*,*,#3279,.F.);
#4407=ORIENTED_EDGE('',*,*,#3282,.F.);
#4408=ORIENTED_EDGE('',*,*,#3285,.F.);
#4409=ORIENTED_EDGE('',*,*,#3288,.F.);
#4410=ORIENTED_EDGE('',*,*,#3291,.F.);
#4411=ORIENTED_EDGE('',*,*,#3210,.T.);
#4412=ORIENTED_EDGE('',*,*,#3292,.T.);
#4413=ORIENTED_EDGE('',*,*,#3289,.T.);
#4414=ORIENTED_EDGE('',*,*,#3286,.T.);
#4415=ORIENTED_EDGE('',*,*,#3283,.T.);
#4416=ORIENTED_EDGE('',*,*,#3280,.T.);
#4417=ORIENTED_EDGE('',*,*,#3277,.T.);
#4418=ORIENTED_EDGE('',*,*,#3274,.T.);
#4419=ORIENTED_EDGE('',*,*,#3271,.T.);
#4420=ORIENTED_EDGE('',*,*,#3268,.T.);
#4421=ORIENTED_EDGE('',*,*,#3265,.T.);
#4422=ORIENTED_EDGE('',*,*,#3262,.T.);
#4423=ORIENTED_EDGE('',*,*,#3259,.T.);
#4424=ORIENTED_EDGE('',*,*,#3256,.T.);
#4425=ORIENTED_EDGE('',*,*,#3253,.T.);
#4426=ORIENTED_EDGE('',*,*,#3250,.T.);
#4427=ORIENTED_EDGE('',*,*,#3247,.T.);
#4428=ORIENTED_EDGE('',*,*,#3244,.T.);
#4429=ORIENTED_EDGE('',*,*,#3241,.T.);
#4430=ORIENTED_EDGE('',*,*,#3238,.T.);
#4431=ORIENTED_EDGE('',*,*,#3235,.T.);
#4432=ORIENTED_EDGE('',*,*,#3232,.T.);
#4433=ORIENTED_EDGE('',*,*,#3229,.T.);
#4434=ORIENTED_EDGE('',*,*,#3226,.T.);
#4435=ORIENTED_EDGE('',*,*,#3223,.T.);
#4436=ORIENTED_EDGE('',*,*,#3220,.T.);
#4437=ORIENTED_EDGE('',*,*,#3217,.T.);
#4438=ORIENTED_EDGE('',*,*,#3214,.T.);
#4439=ORIENTED_EDGE('',*,*,#3294,.F.);
#4440=ORIENTED_EDGE('',*,*,#3132,.T.);
#4441=ORIENTED_EDGE('',*,*,#3068,.F.);
#4442=ORIENTED_EDGE('',*,*,#3138,.F.);
#4443=ORIENTED_EDGE('',*,*,#3121,.T.);
#4444=ORIENTED_EDGE('',*,*,#3063,.F.);
#4445=ORIENTED_EDGE('',*,*,#3295,.F.);
#4446=ORIENTED_EDGE('',*,*,#3296,.F.);
#4447=ORIENTED_EDGE('',*,*,#3297,.F.);
#4448=ORIENTED_EDGE('',*,*,#3295,.T.);
#4449=ORIENTED_EDGE('',*,*,#3062,.F.);
#4450=ORIENTED_EDGE('',*,*,#3136,.F.);
#4451=ORIENTED_EDGE('',*,*,#3298,.F.);
#4452=ORIENTED_EDGE('',*,*,#3299,.T.);
#4453=ORIENTED_EDGE('',*,*,#3300,.F.);
#4454=ORIENTED_EDGE('',*,*,#3301,.F.);
#4455=ORIENTED_EDGE('',*,*,#3209,.T.);
#4456=ORIENTED_EDGE('',*,*,#3299,.F.);
#4457=ORIENTED_EDGE('',*,*,#3302,.T.);
#4458=ORIENTED_EDGE('',*,*,#3303,.F.);
#4459=ORIENTED_EDGE('',*,*,#3304,.F.);
#4460=ORIENTED_EDGE('',*,*,#3300,.T.);
#4461=ORIENTED_EDGE('',*,*,#3304,.T.);
#4462=ORIENTED_EDGE('',*,*,#3305,.F.);
#4463=ORIENTED_EDGE('',*,*,#3306,.F.);
#4464=ORIENTED_EDGE('',*,*,#3301,.T.);
#4465=ORIENTED_EDGE('',*,*,#3306,.T.);
#4466=ORIENTED_EDGE('',*,*,#3307,.F.);
#4467=ORIENTED_EDGE('',*,*,#3308,.F.);
#4468=ORIENTED_EDGE('',*,*,#3298,.T.);
#4469=ORIENTED_EDGE('',*,*,#3308,.T.);
#4470=ORIENTED_EDGE('',*,*,#3309,.F.);
#4471=ORIENTED_EDGE('',*,*,#3302,.F.);
#4472=ORIENTED_EDGE('',*,*,#3309,.T.);
#4473=ORIENTED_EDGE('',*,*,#3307,.T.);
#4474=ORIENTED_EDGE('',*,*,#3305,.T.);
#4475=ORIENTED_EDGE('',*,*,#3303,.T.);
#4476=ORIENTED_EDGE('',*,*,#3142,.T.);
#4477=ORIENTED_EDGE('',*,*,#2962,.F.);
#4478=ORIENTED_EDGE('',*,*,#2967,.T.);
#4479=ORIENTED_EDGE('',*,*,#3141,.T.);
#4480=ORIENTED_EDGE('',*,*,#2974,.T.);
#4481=ORIENTED_EDGE('',*,*,#2951,.F.);
#4482=ORIENTED_EDGE('',*,*,#3140,.T.);
#4483=ORIENTED_EDGE('',*,*,#2935,.F.);
#4484=ORIENTED_EDGE('',*,*,#2940,.T.);
#4485=ORIENTED_EDGE('',*,*,#3139,.T.);
#4486=ORIENTED_EDGE('',*,*,#2947,.T.);
#4487=ORIENTED_EDGE('',*,*,#2924,.F.);
#4488=ORIENTED_EDGE('',*,*,#3181,.T.);
#4489=ORIENTED_EDGE('',*,*,#2901,.F.);
#4490=ORIENTED_EDGE('',*,*,#2904,.T.);
#4491=ORIENTED_EDGE('',*,*,#2890,.F.);
#4492=ORIENTED_EDGE('',*,*,#3184,.T.);
#4493=ORIENTED_EDGE('',*,*,#3185,.T.);
#4494=ORIENTED_EDGE('',*,*,#3186,.T.);
#4495=ORIENTED_EDGE('',*,*,#2918,.F.);
#4496=ORIENTED_EDGE('',*,*,#2921,.T.);
#4497=ORIENTED_EDGE('',*,*,#2907,.F.);
#4498=ORIENTED_EDGE('',*,*,#3189,.T.);
#4499=ORIENTED_EDGE('',*,*,#3190,.T.);
#4500=ORIENTED_EDGE('',*,*,#3019,.T.);
#4501=ORIENTED_EDGE('',*,*,#3005,.F.);
#4502=ORIENTED_EDGE('',*,*,#3191,.T.);
#4503=ORIENTED_EDGE('',*,*,#3165,.T.);
#4504=ORIENTED_EDGE('',*,*,#3192,.T.);
#4505=ORIENTED_EDGE('',*,*,#3016,.F.);
#4506=ORIENTED_EDGE('',*,*,#2887,.T.);
#4507=ORIENTED_EDGE('',*,*,#2873,.F.);
#4508=ORIENTED_EDGE('',*,*,#3193,.T.);
#4509=ORIENTED_EDGE('',*,*,#3175,.T.);
#4510=ORIENTED_EDGE('',*,*,#3194,.T.);
#4511=ORIENTED_EDGE('',*,*,#2884,.F.);
#4512=ORIENTED_EDGE('',*,*,#3135,.T.);
#4513=ORIENTED_EDGE('',*,*,#3110,.F.);
#4514=ORIENTED_EDGE('',*,*,#3199,.F.);
#4515=ORIENTED_EDGE('',*,*,#3104,.F.);
#4516=ORIENTED_EDGE('',*,*,#3079,.T.);
#4517=ORIENTED_EDGE('',*,*,#3077,.F.);
#4518=ORIENTED_EDGE('',*,*,#3123,.T.);
#4519=ORIENTED_EDGE('',*,*,#3082,.F.);
#4520=ORIENTED_EDGE('',*,*,#3124,.F.);
#4521=ORIENTED_EDGE('',*,*,#3089,.F.);
#4522=ORIENTED_EDGE('',*,*,#3074,.T.);
#4523=ORIENTED_EDGE('',*,*,#3049,.F.);
#4524=ORIENTED_EDGE('',*,*,#3134,.T.);
#4525=ORIENTED_EDGE('',*,*,#3100,.F.);
#4526=ORIENTED_EDGE('',*,*,#3203,.F.);
#4527=ORIENTED_EDGE('',*,*,#3096,.F.);
#4528=ORIENTED_EDGE('',*,*,#3133,.T.);
#4529=ORIENTED_EDGE('',*,*,#3294,.T.);
#4530=ORIENTED_EDGE('',*,*,#3137,.T.);
#4531=ORIENTED_EDGE('',*,*,#3113,.F.);
#4532=ORIENTED_EDGE('',*,*,#3118,.F.);
#4533=ORIENTED_EDGE('',*,*,#3201,.F.);
#4534=ORIENTED_EDGE('',*,*,#3120,.F.);
#4535=ORIENTED_EDGE('',*,*,#3122,.F.);
#4536=ORIENTED_EDGE('',*,*,#3296,.T.);
#4537=ORIENTED_EDGE('',*,*,#3297,.T.);
#4538=ORIENTED_EDGE('',*,*,#2994,.T.);
#4539=ORIENTED_EDGE('',*,*,#3180,.T.);
#4540=ORIENTED_EDGE('',*,*,#3001,.T.);
#4541=ORIENTED_EDGE('',*,*,#2978,.F.);
#4542=ORIENTED_EDGE('',*,*,#3143,.T.);
#4543=ORIENTED_EDGE('',*,*,#2989,.F.);
#4544=ORIENTED_EDGE('',*,*,#3038,.T.);
#4545=ORIENTED_EDGE('',*,*,#3179,.T.);
#4546=ORIENTED_EDGE('',*,*,#3045,.T.);
#4547=ORIENTED_EDGE('',*,*,#3022,.F.);
#4548=ORIENTED_EDGE('',*,*,#3144,.T.);
#4549=ORIENTED_EDGE('',*,*,#3033,.F.);
#4550=ORIENTED_EDGE('',*,*,#3310,.T.);
#4551=ORIENTED_EDGE('',*,*,#3311,.T.);
#4552=ORIENTED_EDGE('',*,*,#3312,.T.);
#4553=ORIENTED_EDGE('',*,*,#3313,.T.);
#4554=ORIENTED_EDGE('',*,*,#3312,.F.);
#4555=ORIENTED_EDGE('',*,*,#3314,.F.);
#4556=ORIENTED_EDGE('',*,*,#3315,.F.);
#4557=ORIENTED_EDGE('',*,*,#3316,.F.);
#4558=ORIENTED_EDGE('',*,*,#3317,.F.);
#4559=ORIENTED_EDGE('',*,*,#3318,.T.);
#4560=ORIENTED_EDGE('',*,*,#3311,.F.);
#4561=ORIENTED_EDGE('',*,*,#3319,.T.);
#4562=ORIENTED_EDGE('',*,*,#3320,.F.);
#4563=ORIENTED_EDGE('',*,*,#3314,.T.);
#4564=ORIENTED_EDGE('',*,*,#3315,.T.);
#4565=ORIENTED_EDGE('',*,*,#3320,.T.);
#4566=ORIENTED_EDGE('',*,*,#3321,.T.);
#4567=ORIENTED_EDGE('',*,*,#3322,.T.);
#4568=ORIENTED_EDGE('',*,*,#3323,.T.);
#4569=ORIENTED_EDGE('',*,*,#3324,.T.);
#4570=ORIENTED_EDGE('',*,*,#3325,.T.);
#4571=ORIENTED_EDGE('',*,*,#3317,.T.);
#4572=ORIENTED_EDGE('',*,*,#3310,.F.);
#4573=ORIENTED_EDGE('',*,*,#3326,.F.);
#4574=ORIENTED_EDGE('',*,*,#3324,.F.);
#4575=ORIENTED_EDGE('',*,*,#3327,.F.);
#4576=ORIENTED_EDGE('',*,*,#3321,.F.);
#4577=ORIENTED_EDGE('',*,*,#3319,.F.);
#4578=ORIENTED_EDGE('',*,*,#3313,.F.);
#4579=ORIENTED_EDGE('',*,*,#3318,.F.);
#4580=ORIENTED_EDGE('',*,*,#3325,.F.);
#4581=ORIENTED_EDGE('',*,*,#3326,.T.);
#4582=ORIENTED_EDGE('',*,*,#3322,.F.);
#4583=ORIENTED_EDGE('',*,*,#3327,.T.);
#4584=ORIENTED_EDGE('',*,*,#3323,.F.);
#4585=ORIENTED_EDGE('',*,*,#3316,.T.);
#4586=ORIENTED_EDGE('',*,*,#3328,.T.);
#4587=ORIENTED_EDGE('',*,*,#3329,.T.);
#4588=ORIENTED_EDGE('',*,*,#3330,.T.);
#4589=ORIENTED_EDGE('',*,*,#3331,.T.);
#4590=ORIENTED_EDGE('',*,*,#3329,.F.);
#4591=ORIENTED_EDGE('',*,*,#3332,.T.);
#4592=ORIENTED_EDGE('',*,*,#3333,.F.);
#4593=ORIENTED_EDGE('',*,*,#3334,.T.);
#4594=ORIENTED_EDGE('',*,*,#3328,.F.);
#4595=ORIENTED_EDGE('',*,*,#3335,.F.);
#4596=ORIENTED_EDGE('',*,*,#3336,.F.);
#4597=ORIENTED_EDGE('',*,*,#3337,.T.);
#4598=ORIENTED_EDGE('',*,*,#3338,.F.);
#4599=ORIENTED_EDGE('',*,*,#3332,.F.);
#4600=ORIENTED_EDGE('',*,*,#3339,.T.);
#4601=ORIENTED_EDGE('',*,*,#3333,.T.);
#4602=ORIENTED_EDGE('',*,*,#3338,.T.);
#4603=ORIENTED_EDGE('',*,*,#3340,.T.);
#4604=ORIENTED_EDGE('',*,*,#3330,.F.);
#4605=ORIENTED_EDGE('',*,*,#3334,.F.);
#4606=ORIENTED_EDGE('',*,*,#3339,.F.);
#4607=ORIENTED_EDGE('',*,*,#3341,.T.);
#4608=ORIENTED_EDGE('',*,*,#3342,.F.);
#4609=ORIENTED_EDGE('',*,*,#3343,.T.);
#4610=ORIENTED_EDGE('',*,*,#3340,.F.);
#4611=ORIENTED_EDGE('',*,*,#3337,.F.);
#4612=ORIENTED_EDGE('',*,*,#3344,.F.);
#4613=ORIENTED_EDGE('',*,*,#3341,.F.);
#4614=ORIENTED_EDGE('',*,*,#3342,.T.);
#4615=ORIENTED_EDGE('',*,*,#3344,.T.);
#4616=ORIENTED_EDGE('',*,*,#3336,.T.);
#4617=ORIENTED_EDGE('',*,*,#3345,.T.);
#4618=ORIENTED_EDGE('',*,*,#3331,.F.);
#4619=ORIENTED_EDGE('',*,*,#3343,.F.);
#4620=ORIENTED_EDGE('',*,*,#3345,.F.);
#4621=ORIENTED_EDGE('',*,*,#3335,.T.);
#4622=ORIENTED_EDGE('',*,*,#3346,.T.);
#4623=ORIENTED_EDGE('',*,*,#3347,.T.);
#4624=ORIENTED_EDGE('',*,*,#3348,.T.);
#4625=ORIENTED_EDGE('',*,*,#3349,.T.);
#4626=ORIENTED_EDGE('',*,*,#3348,.F.);
#4627=ORIENTED_EDGE('',*,*,#3350,.F.);
#4628=ORIENTED_EDGE('',*,*,#3351,.F.);
#4629=ORIENTED_EDGE('',*,*,#3352,.F.);
#4630=ORIENTED_EDGE('',*,*,#3353,.F.);
#4631=ORIENTED_EDGE('',*,*,#3354,.T.);
#4632=ORIENTED_EDGE('',*,*,#3347,.F.);
#4633=ORIENTED_EDGE('',*,*,#3355,.T.);
#4634=ORIENTED_EDGE('',*,*,#3356,.F.);
#4635=ORIENTED_EDGE('',*,*,#3350,.T.);
#4636=ORIENTED_EDGE('',*,*,#3351,.T.);
#4637=ORIENTED_EDGE('',*,*,#3356,.T.);
#4638=ORIENTED_EDGE('',*,*,#3357,.T.);
#4639=ORIENTED_EDGE('',*,*,#3358,.T.);
#4640=ORIENTED_EDGE('',*,*,#3359,.T.);
#4641=ORIENTED_EDGE('',*,*,#3360,.T.);
#4642=ORIENTED_EDGE('',*,*,#3361,.T.);
#4643=ORIENTED_EDGE('',*,*,#3353,.T.);
#4644=ORIENTED_EDGE('',*,*,#3346,.F.);
#4645=ORIENTED_EDGE('',*,*,#3362,.F.);
#4646=ORIENTED_EDGE('',*,*,#3360,.F.);
#4647=ORIENTED_EDGE('',*,*,#3363,.F.);
#4648=ORIENTED_EDGE('',*,*,#3357,.F.);
#4649=ORIENTED_EDGE('',*,*,#3355,.F.);
#4650=ORIENTED_EDGE('',*,*,#3349,.F.);
#4651=ORIENTED_EDGE('',*,*,#3354,.F.);
#4652=ORIENTED_EDGE('',*,*,#3361,.F.);
#4653=ORIENTED_EDGE('',*,*,#3362,.T.);
#4654=ORIENTED_EDGE('',*,*,#3358,.F.);
#4655=ORIENTED_EDGE('',*,*,#3363,.T.);
#4656=ORIENTED_EDGE('',*,*,#3359,.F.);
#4657=ORIENTED_EDGE('',*,*,#3352,.T.);
#4658=ORIENTED_EDGE('',*,*,#3364,.T.);
#4659=ORIENTED_EDGE('',*,*,#3365,.T.);
#4660=ORIENTED_EDGE('',*,*,#3366,.T.);
#4661=ORIENTED_EDGE('',*,*,#3367,.T.);
#4662=ORIENTED_EDGE('',*,*,#3366,.F.);
#4663=ORIENTED_EDGE('',*,*,#3368,.F.);
#4664=ORIENTED_EDGE('',*,*,#3369,.F.);
#4665=ORIENTED_EDGE('',*,*,#3370,.F.);
#4666=ORIENTED_EDGE('',*,*,#3371,.F.);
#4667=ORIENTED_EDGE('',*,*,#3372,.F.);
#4668=ORIENTED_EDGE('',*,*,#3365,.F.);
#4669=ORIENTED_EDGE('',*,*,#3373,.T.);
#4670=ORIENTED_EDGE('',*,*,#3374,.F.);
#4671=ORIENTED_EDGE('',*,*,#3368,.T.);
#4672=ORIENTED_EDGE('',*,*,#3369,.T.);
#4673=ORIENTED_EDGE('',*,*,#3374,.T.);
#4674=ORIENTED_EDGE('',*,*,#3375,.T.);
#4675=ORIENTED_EDGE('',*,*,#3376,.T.);
#4676=ORIENTED_EDGE('',*,*,#3377,.T.);
#4677=ORIENTED_EDGE('',*,*,#3371,.T.);
#4678=ORIENTED_EDGE('',*,*,#3378,.T.);
#4679=ORIENTED_EDGE('',*,*,#3379,.T.);
#4680=ORIENTED_EDGE('',*,*,#3376,.F.);
#4681=ORIENTED_EDGE('',*,*,#3380,.F.);
#4682=ORIENTED_EDGE('',*,*,#3378,.F.);
#4683=ORIENTED_EDGE('',*,*,#3370,.T.);
#4684=ORIENTED_EDGE('',*,*,#3364,.F.);
#4685=ORIENTED_EDGE('',*,*,#3381,.F.);
#4686=ORIENTED_EDGE('',*,*,#3379,.F.);
#4687=ORIENTED_EDGE('',*,*,#3380,.T.);
#4688=ORIENTED_EDGE('',*,*,#3375,.F.);
#4689=ORIENTED_EDGE('',*,*,#3373,.F.);
#4690=ORIENTED_EDGE('',*,*,#3367,.F.);
#4691=ORIENTED_EDGE('',*,*,#3372,.T.);
#4692=ORIENTED_EDGE('',*,*,#3377,.F.);
#4693=ORIENTED_EDGE('',*,*,#3381,.T.);
#4694=ORIENTED_EDGE('',*,*,#3382,.T.);
#4695=ORIENTED_EDGE('',*,*,#3383,.T.);
#4696=ORIENTED_EDGE('',*,*,#3384,.T.);
#4697=ORIENTED_EDGE('',*,*,#3385,.T.);
#4698=ORIENTED_EDGE('',*,*,#3384,.F.);
#4699=ORIENTED_EDGE('',*,*,#3386,.F.);
#4700=ORIENTED_EDGE('',*,*,#3387,.F.);
#4701=ORIENTED_EDGE('',*,*,#3388,.F.);
#4702=ORIENTED_EDGE('',*,*,#3389,.F.);
#4703=ORIENTED_EDGE('',*,*,#3390,.T.);
#4704=ORIENTED_EDGE('',*,*,#3383,.F.);
#4705=ORIENTED_EDGE('',*,*,#3391,.T.);
#4706=ORIENTED_EDGE('',*,*,#3392,.F.);
#4707=ORIENTED_EDGE('',*,*,#3386,.T.);
#4708=ORIENTED_EDGE('',*,*,#3387,.T.);
#4709=ORIENTED_EDGE('',*,*,#3392,.T.);
#4710=ORIENTED_EDGE('',*,*,#3393,.T.);
#4711=ORIENTED_EDGE('',*,*,#3394,.T.);
#4712=ORIENTED_EDGE('',*,*,#3395,.T.);
#4713=ORIENTED_EDGE('',*,*,#3396,.T.);
#4714=ORIENTED_EDGE('',*,*,#3397,.T.);
#4715=ORIENTED_EDGE('',*,*,#3389,.T.);
#4716=ORIENTED_EDGE('',*,*,#3382,.F.);
#4717=ORIENTED_EDGE('',*,*,#3398,.F.);
#4718=ORIENTED_EDGE('',*,*,#3396,.F.);
#4719=ORIENTED_EDGE('',*,*,#3399,.F.);
#4720=ORIENTED_EDGE('',*,*,#3393,.F.);
#4721=ORIENTED_EDGE('',*,*,#3391,.F.);
#4722=ORIENTED_EDGE('',*,*,#3385,.F.);
#4723=ORIENTED_EDGE('',*,*,#3390,.F.);
#4724=ORIENTED_EDGE('',*,*,#3397,.F.);
#4725=ORIENTED_EDGE('',*,*,#3398,.T.);
#4726=ORIENTED_EDGE('',*,*,#3394,.F.);
#4727=ORIENTED_EDGE('',*,*,#3399,.T.);
#4728=ORIENTED_EDGE('',*,*,#3395,.F.);
#4729=ORIENTED_EDGE('',*,*,#3388,.T.);
#4730=ORIENTED_EDGE('',*,*,#3400,.T.);
#4731=ORIENTED_EDGE('',*,*,#3401,.T.);
#4732=ORIENTED_EDGE('',*,*,#3402,.T.);
#4733=ORIENTED_EDGE('',*,*,#3403,.T.);
#4734=ORIENTED_EDGE('',*,*,#3402,.F.);
#4735=ORIENTED_EDGE('',*,*,#3404,.F.);
#4736=ORIENTED_EDGE('',*,*,#3405,.F.);
#4737=ORIENTED_EDGE('',*,*,#3406,.F.);
#4738=ORIENTED_EDGE('',*,*,#3407,.F.);
#4739=ORIENTED_EDGE('',*,*,#3408,.T.);
#4740=ORIENTED_EDGE('',*,*,#3401,.F.);
#4741=ORIENTED_EDGE('',*,*,#3409,.T.);
#4742=ORIENTED_EDGE('',*,*,#3410,.F.);
#4743=ORIENTED_EDGE('',*,*,#3404,.T.);
#4744=ORIENTED_EDGE('',*,*,#3405,.T.);
#4745=ORIENTED_EDGE('',*,*,#3410,.T.);
#4746=ORIENTED_EDGE('',*,*,#3411,.T.);
#4747=ORIENTED_EDGE('',*,*,#3412,.T.);
#4748=ORIENTED_EDGE('',*,*,#3413,.T.);
#4749=ORIENTED_EDGE('',*,*,#3414,.T.);
#4750=ORIENTED_EDGE('',*,*,#3415,.T.);
#4751=ORIENTED_EDGE('',*,*,#3407,.T.);
#4752=ORIENTED_EDGE('',*,*,#3400,.F.);
#4753=ORIENTED_EDGE('',*,*,#3416,.F.);
#4754=ORIENTED_EDGE('',*,*,#3414,.F.);
#4755=ORIENTED_EDGE('',*,*,#3417,.F.);
#4756=ORIENTED_EDGE('',*,*,#3411,.F.);
#4757=ORIENTED_EDGE('',*,*,#3409,.F.);
#4758=ORIENTED_EDGE('',*,*,#3403,.F.);
#4759=ORIENTED_EDGE('',*,*,#3408,.F.);
#4760=ORIENTED_EDGE('',*,*,#3415,.F.);
#4761=ORIENTED_EDGE('',*,*,#3416,.T.);
#4762=ORIENTED_EDGE('',*,*,#3412,.F.);
#4763=ORIENTED_EDGE('',*,*,#3417,.T.);
#4764=ORIENTED_EDGE('',*,*,#3413,.F.);
#4765=ORIENTED_EDGE('',*,*,#3406,.T.);
#4766=ORIENTED_EDGE('',*,*,#3418,.T.);
#4767=ORIENTED_EDGE('',*,*,#3419,.T.);
#4768=ORIENTED_EDGE('',*,*,#3420,.T.);
#4769=ORIENTED_EDGE('',*,*,#3421,.T.);
#4770=ORIENTED_EDGE('',*,*,#3419,.F.);
#4771=ORIENTED_EDGE('',*,*,#3422,.T.);
#4772=ORIENTED_EDGE('',*,*,#3423,.F.);
#4773=ORIENTED_EDGE('',*,*,#3424,.T.);
#4774=ORIENTED_EDGE('',*,*,#3418,.F.);
#4775=ORIENTED_EDGE('',*,*,#3425,.F.);
#4776=ORIENTED_EDGE('',*,*,#3426,.T.);
#4777=ORIENTED_EDGE('',*,*,#3427,.T.);
#4778=ORIENTED_EDGE('',*,*,#3428,.T.);
#4779=ORIENTED_EDGE('',*,*,#3429,.T.);
#4780=ORIENTED_EDGE('',*,*,#3430,.T.);
#4781=ORIENTED_EDGE('',*,*,#3431,.T.);
#4782=ORIENTED_EDGE('',*,*,#3432,.F.);
#4783=ORIENTED_EDGE('',*,*,#3422,.F.);
#4784=ORIENTED_EDGE('',*,*,#3433,.T.);
#4785=ORIENTED_EDGE('',*,*,#3434,.T.);
#4786=ORIENTED_EDGE('',*,*,#3435,.T.);
#4787=ORIENTED_EDGE('',*,*,#3436,.T.);
#4788=ORIENTED_EDGE('',*,*,#3437,.T.);
#4789=ORIENTED_EDGE('',*,*,#3438,.T.);
#4790=ORIENTED_EDGE('',*,*,#3439,.T.);
#4791=ORIENTED_EDGE('',*,*,#3440,.T.);
#4792=ORIENTED_EDGE('',*,*,#3441,.T.);
#4793=ORIENTED_EDGE('',*,*,#3423,.T.);
#4794=ORIENTED_EDGE('',*,*,#3432,.T.);
#4795=ORIENTED_EDGE('',*,*,#3442,.T.);
#4796=ORIENTED_EDGE('',*,*,#3442,.F.);
#4797=ORIENTED_EDGE('',*,*,#3431,.F.);
#4798=ORIENTED_EDGE('',*,*,#3443,.F.);
#4799=ORIENTED_EDGE('',*,*,#3444,.T.);
#4800=ORIENTED_EDGE('',*,*,#3421,.F.);
#4801=ORIENTED_EDGE('',*,*,#3445,.F.);
#4802=ORIENTED_EDGE('',*,*,#3446,.F.);
#4803=ORIENTED_EDGE('',*,*,#3425,.T.);
#4804=ORIENTED_EDGE('',*,*,#3443,.T.);
#4805=ORIENTED_EDGE('',*,*,#3430,.F.);
#4806=ORIENTED_EDGE('',*,*,#3447,.T.);
#4807=ORIENTED_EDGE('',*,*,#3448,.F.);
#4808=ORIENTED_EDGE('',*,*,#3446,.T.);
#4809=ORIENTED_EDGE('',*,*,#3449,.F.);
#4810=ORIENTED_EDGE('',*,*,#3450,.T.);
#4811=ORIENTED_EDGE('',*,*,#3426,.F.);
#4812=ORIENTED_EDGE('',*,*,#3451,.T.);
#4813=ORIENTED_EDGE('',*,*,#3452,.F.);
#4814=ORIENTED_EDGE('',*,*,#3453,.F.);
#4815=ORIENTED_EDGE('',*,*,#3454,.F.);
#4816=ORIENTED_EDGE('',*,*,#3455,.F.);
#4817=ORIENTED_EDGE('',*,*,#3456,.T.);
#4818=ORIENTED_EDGE('',*,*,#3457,.F.);
#4819=ORIENTED_EDGE('',*,*,#3458,.T.);
#4820=ORIENTED_EDGE('',*,*,#3459,.F.);
#4821=ORIENTED_EDGE('',*,*,#3458,.F.);
#4822=ORIENTED_EDGE('',*,*,#3460,.F.);
#4823=ORIENTED_EDGE('',*,*,#3461,.T.);
#4824=ORIENTED_EDGE('',*,*,#3462,.T.);
#4825=ORIENTED_EDGE('',*,*,#3454,.T.);
#4826=ORIENTED_EDGE('',*,*,#3463,.F.);
#4827=ORIENTED_EDGE('',*,*,#3464,.F.);
#4828=ORIENTED_EDGE('',*,*,#3455,.T.);
#4829=ORIENTED_EDGE('',*,*,#3465,.T.);
#4830=ORIENTED_EDGE('',*,*,#3466,.T.);
#4831=ORIENTED_EDGE('',*,*,#3452,.T.);
#4832=ORIENTED_EDGE('',*,*,#3462,.F.);
#4833=ORIENTED_EDGE('',*,*,#3461,.F.);
#4834=ORIENTED_EDGE('',*,*,#3467,.T.);
#4835=ORIENTED_EDGE('',*,*,#3468,.T.);
#4836=ORIENTED_EDGE('',*,*,#3460,.T.);
#4837=ORIENTED_EDGE('',*,*,#3457,.T.);
#4838=ORIENTED_EDGE('',*,*,#3469,.T.);
#4839=ORIENTED_EDGE('',*,*,#3467,.F.);
#4840=ORIENTED_EDGE('',*,*,#3459,.T.);
#4841=ORIENTED_EDGE('',*,*,#3464,.T.);
#4842=ORIENTED_EDGE('',*,*,#3470,.F.);
#4843=ORIENTED_EDGE('',*,*,#3465,.F.);
#4844=ORIENTED_EDGE('',*,*,#3451,.F.);
#4845=ORIENTED_EDGE('',*,*,#3468,.F.);
#4846=ORIENTED_EDGE('',*,*,#3469,.F.);
#4847=ORIENTED_EDGE('',*,*,#3456,.F.);
#4848=ORIENTED_EDGE('',*,*,#3466,.F.);
#4849=ORIENTED_EDGE('',*,*,#3471,.F.);
#4850=ORIENTED_EDGE('',*,*,#3472,.T.);
#4851=ORIENTED_EDGE('',*,*,#3473,.F.);
#4852=ORIENTED_EDGE('',*,*,#3474,.F.);
#4853=ORIENTED_EDGE('',*,*,#3475,.T.);
#4854=ORIENTED_EDGE('',*,*,#3476,.F.);
#4855=ORIENTED_EDGE('',*,*,#3472,.F.);
#4856=ORIENTED_EDGE('',*,*,#3477,.T.);
#4857=ORIENTED_EDGE('',*,*,#3478,.T.);
#4858=ORIENTED_EDGE('',*,*,#3479,.T.);
#4859=ORIENTED_EDGE('',*,*,#3480,.F.);
#4860=ORIENTED_EDGE('',*,*,#3481,.T.);
#4861=ORIENTED_EDGE('',*,*,#3474,.T.);
#4862=ORIENTED_EDGE('',*,*,#3471,.T.);
#4863=ORIENTED_EDGE('',*,*,#3470,.T.);
#4864=ORIENTED_EDGE('',*,*,#3482,.T.);
#4865=ORIENTED_EDGE('',*,*,#3483,.T.);
#4866=ORIENTED_EDGE('',*,*,#3484,.T.);
#4867=ORIENTED_EDGE('',*,*,#3485,.T.);
#4868=ORIENTED_EDGE('',*,*,#3463,.T.);
#4869=ORIENTED_EDGE('',*,*,#3486,.F.);
#4870=ORIENTED_EDGE('',*,*,#3487,.F.);
#4871=ORIENTED_EDGE('',*,*,#3482,.F.);
#4872=ORIENTED_EDGE('',*,*,#3483,.F.);
#4873=ORIENTED_EDGE('',*,*,#3487,.T.);
#4874=ORIENTED_EDGE('',*,*,#3488,.F.);
#4875=ORIENTED_EDGE('',*,*,#3489,.F.);
#4876=ORIENTED_EDGE('',*,*,#3490,.T.);
#4877=ORIENTED_EDGE('',*,*,#3491,.T.);
#4878=ORIENTED_EDGE('',*,*,#3492,.T.);
#4879=ORIENTED_EDGE('',*,*,#3493,.T.);
#4880=ORIENTED_EDGE('',*,*,#3494,.T.);
#4881=ORIENTED_EDGE('',*,*,#3495,.T.);
#4882=ORIENTED_EDGE('',*,*,#3496,.T.);
#4883=ORIENTED_EDGE('',*,*,#3488,.T.);
#4884=ORIENTED_EDGE('',*,*,#3486,.T.);
#4885=ORIENTED_EDGE('',*,*,#3453,.T.);
#4886=ORIENTED_EDGE('',*,*,#3473,.T.);
#4887=ORIENTED_EDGE('',*,*,#3476,.T.);
#4888=ORIENTED_EDGE('',*,*,#3495,.F.);
#4889=ORIENTED_EDGE('',*,*,#3497,.T.);
#4890=ORIENTED_EDGE('',*,*,#3485,.F.);
#4891=ORIENTED_EDGE('',*,*,#3498,.F.);
#4892=ORIENTED_EDGE('',*,*,#3496,.F.);
#4893=ORIENTED_EDGE('',*,*,#3498,.T.);
#4894=ORIENTED_EDGE('',*,*,#3484,.F.);
#4895=ORIENTED_EDGE('',*,*,#3489,.T.);
#4896=ORIENTED_EDGE('',*,*,#3494,.F.);
#4897=ORIENTED_EDGE('',*,*,#3475,.F.);
#4898=ORIENTED_EDGE('',*,*,#3481,.F.);
#4899=ORIENTED_EDGE('',*,*,#3497,.F.);
#4900=ORIENTED_EDGE('',*,*,#3499,.F.);
#4901=ORIENTED_EDGE('',*,*,#3500,.T.);
#4902=ORIENTED_EDGE('',*,*,#3501,.F.);
#4903=ORIENTED_EDGE('',*,*,#3502,.T.);
#4904=ORIENTED_EDGE('',*,*,#3503,.T.);
#4905=ORIENTED_EDGE('',*,*,#3504,.F.);
#4906=ORIENTED_EDGE('',*,*,#3505,.T.);
#4907=ORIENTED_EDGE('',*,*,#3506,.F.);
#4908=ORIENTED_EDGE('',*,*,#3507,.T.);
#4909=ORIENTED_EDGE('',*,*,#3508,.F.);
#4910=ORIENTED_EDGE('',*,*,#3509,.T.);
#4911=ORIENTED_EDGE('',*,*,#3504,.T.);
#4912=ORIENTED_EDGE('',*,*,#3510,.F.);
#4913=ORIENTED_EDGE('',*,*,#3511,.T.);
#4914=ORIENTED_EDGE('',*,*,#3512,.T.);
#4915=ORIENTED_EDGE('',*,*,#3500,.F.);
#4916=ORIENTED_EDGE('',*,*,#3503,.F.);
#4917=ORIENTED_EDGE('',*,*,#3502,.F.);
#4918=ORIENTED_EDGE('',*,*,#3513,.F.);
#4919=ORIENTED_EDGE('',*,*,#3514,.F.);
#4920=ORIENTED_EDGE('',*,*,#3510,.T.);
#4921=ORIENTED_EDGE('',*,*,#3515,.F.);
#4922=ORIENTED_EDGE('',*,*,#3516,.F.);
#4923=ORIENTED_EDGE('',*,*,#3508,.T.);
#4924=ORIENTED_EDGE('',*,*,#3509,.F.);
#4925=ORIENTED_EDGE('',*,*,#3516,.T.);
#4926=ORIENTED_EDGE('',*,*,#3517,.F.);
#4927=ORIENTED_EDGE('',*,*,#3505,.F.);
#4928=ORIENTED_EDGE('',*,*,#3507,.F.);
#4929=ORIENTED_EDGE('',*,*,#3514,.T.);
#4930=ORIENTED_EDGE('',*,*,#3518,.F.);
#4931=ORIENTED_EDGE('',*,*,#3511,.F.);
#4932=ORIENTED_EDGE('',*,*,#3499,.T.);
#4933=ORIENTED_EDGE('',*,*,#3506,.T.);
#4934=ORIENTED_EDGE('',*,*,#3517,.T.);
#4935=ORIENTED_EDGE('',*,*,#3515,.T.);
#4936=ORIENTED_EDGE('',*,*,#3513,.T.);
#4937=ORIENTED_EDGE('',*,*,#3519,.F.);
#4938=ORIENTED_EDGE('',*,*,#3520,.F.);
#4939=ORIENTED_EDGE('',*,*,#3521,.F.);
#4940=ORIENTED_EDGE('',*,*,#3522,.F.);
#4941=ORIENTED_EDGE('',*,*,#3520,.T.);
#4942=ORIENTED_EDGE('',*,*,#3523,.F.);
#4943=ORIENTED_EDGE('',*,*,#3524,.F.);
#4944=ORIENTED_EDGE('',*,*,#3525,.T.);
#4945=ORIENTED_EDGE('',*,*,#3526,.T.);
#4946=ORIENTED_EDGE('',*,*,#3527,.T.);
#4947=ORIENTED_EDGE('',*,*,#3528,.T.);
#4948=ORIENTED_EDGE('',*,*,#3529,.T.);
#4949=ORIENTED_EDGE('',*,*,#3523,.T.);
#4950=ORIENTED_EDGE('',*,*,#3519,.T.);
#4951=ORIENTED_EDGE('',*,*,#3501,.T.);
#4952=ORIENTED_EDGE('',*,*,#3530,.T.);
#4953=ORIENTED_EDGE('',*,*,#3531,.T.);
#4954=ORIENTED_EDGE('',*,*,#3532,.T.);
#4955=ORIENTED_EDGE('',*,*,#3533,.T.);
#4956=ORIENTED_EDGE('',*,*,#3512,.F.);
#4957=ORIENTED_EDGE('',*,*,#3534,.F.);
#4958=ORIENTED_EDGE('',*,*,#3535,.T.);
#4959=ORIENTED_EDGE('',*,*,#3530,.F.);
#4960=ORIENTED_EDGE('',*,*,#3536,.F.);
#4961=ORIENTED_EDGE('',*,*,#3537,.T.);
#4962=ORIENTED_EDGE('',*,*,#3531,.F.);
#4963=ORIENTED_EDGE('',*,*,#3535,.F.);
#4964=ORIENTED_EDGE('',*,*,#3538,.T.);
#4965=ORIENTED_EDGE('',*,*,#3539,.T.);
#4966=ORIENTED_EDGE('',*,*,#3540,.T.);
#4967=ORIENTED_EDGE('',*,*,#3541,.F.);
#4968=ORIENTED_EDGE('',*,*,#3542,.T.);
#4969=ORIENTED_EDGE('',*,*,#3543,.T.);
#4970=ORIENTED_EDGE('',*,*,#3544,.T.);
#4971=ORIENTED_EDGE('',*,*,#3536,.T.);
#4972=ORIENTED_EDGE('',*,*,#3534,.T.);
#4973=ORIENTED_EDGE('',*,*,#3518,.T.);
#4974=ORIENTED_EDGE('',*,*,#3521,.T.);
#4975=ORIENTED_EDGE('',*,*,#3522,.T.);
#4976=ORIENTED_EDGE('',*,*,#3533,.F.);
#4977=ORIENTED_EDGE('',*,*,#3545,.T.);
#4978=ORIENTED_EDGE('',*,*,#3543,.F.);
#4979=ORIENTED_EDGE('',*,*,#3546,.F.);
#4980=ORIENTED_EDGE('',*,*,#3532,.F.);
#4981=ORIENTED_EDGE('',*,*,#3537,.F.);
#4982=ORIENTED_EDGE('',*,*,#3544,.F.);
#4983=ORIENTED_EDGE('',*,*,#3545,.F.);
#4984=ORIENTED_EDGE('',*,*,#3529,.F.);
#4985=ORIENTED_EDGE('',*,*,#3546,.T.);
#4986=ORIENTED_EDGE('',*,*,#3542,.F.);
#4987=ORIENTED_EDGE('',*,*,#3524,.T.);
#4988=ORIENTED_EDGE('',*,*,#3547,.T.);
#4989=ORIENTED_EDGE('',*,*,#3548,.F.);
#4990=ORIENTED_EDGE('',*,*,#3438,.F.);
#4991=ORIENTED_EDGE('',*,*,#3549,.F.);
#4992=ORIENTED_EDGE('',*,*,#3550,.F.);
#4993=ORIENTED_EDGE('',*,*,#3551,.T.);
#4994=ORIENTED_EDGE('',*,*,#3552,.F.);
#4995=ORIENTED_EDGE('',*,*,#3553,.T.);
#4996=ORIENTED_EDGE('',*,*,#3554,.F.);
#4997=ORIENTED_EDGE('',*,*,#3553,.F.);
#4998=ORIENTED_EDGE('',*,*,#3555,.F.);
#4999=ORIENTED_EDGE('',*,*,#3556,.T.);
#5000=ORIENTED_EDGE('',*,*,#3557,.T.);
#5001=ORIENTED_EDGE('',*,*,#3549,.T.);
#5002=ORIENTED_EDGE('',*,*,#3558,.F.);
#5003=ORIENTED_EDGE('',*,*,#3559,.F.);
#5004=ORIENTED_EDGE('',*,*,#3550,.T.);
#5005=ORIENTED_EDGE('',*,*,#3560,.T.);
#5006=ORIENTED_EDGE('',*,*,#3561,.T.);
#5007=ORIENTED_EDGE('',*,*,#3548,.T.);
#5008=ORIENTED_EDGE('',*,*,#3557,.F.);
#5009=ORIENTED_EDGE('',*,*,#3556,.F.);
#5010=ORIENTED_EDGE('',*,*,#3562,.T.);
#5011=ORIENTED_EDGE('',*,*,#3563,.T.);
#5012=ORIENTED_EDGE('',*,*,#3555,.T.);
#5013=ORIENTED_EDGE('',*,*,#3552,.T.);
#5014=ORIENTED_EDGE('',*,*,#3564,.T.);
#5015=ORIENTED_EDGE('',*,*,#3562,.F.);
#5016=ORIENTED_EDGE('',*,*,#3554,.T.);
#5017=ORIENTED_EDGE('',*,*,#3559,.T.);
#5018=ORIENTED_EDGE('',*,*,#3565,.F.);
#5019=ORIENTED_EDGE('',*,*,#3560,.F.);
#5020=ORIENTED_EDGE('',*,*,#3547,.F.);
#5021=ORIENTED_EDGE('',*,*,#3563,.F.);
#5022=ORIENTED_EDGE('',*,*,#3564,.F.);
#5023=ORIENTED_EDGE('',*,*,#3551,.F.);
#5024=ORIENTED_EDGE('',*,*,#3561,.F.);
#5025=ORIENTED_EDGE('',*,*,#3566,.F.);
#5026=ORIENTED_EDGE('',*,*,#3567,.T.);
#5027=ORIENTED_EDGE('',*,*,#3439,.F.);
#5028=ORIENTED_EDGE('',*,*,#3568,.F.);
#5029=ORIENTED_EDGE('',*,*,#3569,.T.);
#5030=ORIENTED_EDGE('',*,*,#3440,.F.);
#5031=ORIENTED_EDGE('',*,*,#3567,.F.);
#5032=ORIENTED_EDGE('',*,*,#3420,.F.);
#5033=ORIENTED_EDGE('',*,*,#3424,.F.);
#5034=ORIENTED_EDGE('',*,*,#3441,.F.);
#5035=ORIENTED_EDGE('',*,*,#3444,.F.);
#5036=ORIENTED_EDGE('',*,*,#3448,.T.);
#5037=ORIENTED_EDGE('',*,*,#3570,.T.);
#5038=ORIENTED_EDGE('',*,*,#3571,.F.);
#5039=ORIENTED_EDGE('',*,*,#3572,.T.);
#5040=ORIENTED_EDGE('',*,*,#3449,.T.);
#5041=ORIENTED_EDGE('',*,*,#3445,.T.);
#5042=ORIENTED_EDGE('',*,*,#3573,.T.);
#5043=ORIENTED_EDGE('',*,*,#3568,.T.);
#5044=ORIENTED_EDGE('',*,*,#3566,.T.);
#5045=ORIENTED_EDGE('',*,*,#3565,.T.);
#5046=ORIENTED_EDGE('',*,*,#3574,.T.);
#5047=ORIENTED_EDGE('',*,*,#3575,.T.);
#5048=ORIENTED_EDGE('',*,*,#3576,.T.);
#5049=ORIENTED_EDGE('',*,*,#3577,.T.);
#5050=ORIENTED_EDGE('',*,*,#3558,.T.);
#5051=ORIENTED_EDGE('',*,*,#3437,.F.);
#5052=ORIENTED_EDGE('',*,*,#3578,.F.);
#5053=ORIENTED_EDGE('',*,*,#3574,.F.);
#5054=ORIENTED_EDGE('',*,*,#3575,.F.);
#5055=ORIENTED_EDGE('',*,*,#3578,.T.);
#5056=ORIENTED_EDGE('',*,*,#3436,.F.);
#5057=ORIENTED_EDGE('',*,*,#3579,.F.);
#5058=ORIENTED_EDGE('',*,*,#3435,.F.);
#5059=ORIENTED_EDGE('',*,*,#3580,.T.);
#5060=ORIENTED_EDGE('',*,*,#3576,.F.);
#5061=ORIENTED_EDGE('',*,*,#3579,.T.);
#5062=ORIENTED_EDGE('',*,*,#3433,.F.);
#5063=ORIENTED_EDGE('',*,*,#3569,.F.);
#5064=ORIENTED_EDGE('',*,*,#3573,.F.);
#5065=ORIENTED_EDGE('',*,*,#3581,.F.);
#5066=ORIENTED_EDGE('',*,*,#3434,.F.);
#5067=ORIENTED_EDGE('',*,*,#3581,.T.);
#5068=ORIENTED_EDGE('',*,*,#3577,.F.);
#5069=ORIENTED_EDGE('',*,*,#3580,.F.);
#5070=ORIENTED_EDGE('',*,*,#3582,.F.);
#5071=ORIENTED_EDGE('',*,*,#3583,.T.);
#5072=ORIENTED_EDGE('',*,*,#3584,.F.);
#5073=ORIENTED_EDGE('',*,*,#3585,.T.);
#5074=ORIENTED_EDGE('',*,*,#3586,.T.);
#5075=ORIENTED_EDGE('',*,*,#3587,.F.);
#5076=ORIENTED_EDGE('',*,*,#3588,.T.);
#5077=ORIENTED_EDGE('',*,*,#3589,.F.);
#5078=ORIENTED_EDGE('',*,*,#3590,.T.);
#5079=ORIENTED_EDGE('',*,*,#3591,.F.);
#5080=ORIENTED_EDGE('',*,*,#3592,.T.);
#5081=ORIENTED_EDGE('',*,*,#3587,.T.);
#5082=ORIENTED_EDGE('',*,*,#3593,.F.);
#5083=ORIENTED_EDGE('',*,*,#3594,.T.);
#5084=ORIENTED_EDGE('',*,*,#3595,.T.);
#5085=ORIENTED_EDGE('',*,*,#3583,.F.);
#5086=ORIENTED_EDGE('',*,*,#3586,.F.);
#5087=ORIENTED_EDGE('',*,*,#3585,.F.);
#5088=ORIENTED_EDGE('',*,*,#3596,.F.);
#5089=ORIENTED_EDGE('',*,*,#3597,.F.);
#5090=ORIENTED_EDGE('',*,*,#3593,.T.);
#5091=ORIENTED_EDGE('',*,*,#3598,.F.);
#5092=ORIENTED_EDGE('',*,*,#3599,.F.);
#5093=ORIENTED_EDGE('',*,*,#3591,.T.);
#5094=ORIENTED_EDGE('',*,*,#3592,.F.);
#5095=ORIENTED_EDGE('',*,*,#3599,.T.);
#5096=ORIENTED_EDGE('',*,*,#3600,.F.);
#5097=ORIENTED_EDGE('',*,*,#3588,.F.);
#5098=ORIENTED_EDGE('',*,*,#3590,.F.);
#5099=ORIENTED_EDGE('',*,*,#3597,.T.);
#5100=ORIENTED_EDGE('',*,*,#3601,.F.);
#5101=ORIENTED_EDGE('',*,*,#3594,.F.);
#5102=ORIENTED_EDGE('',*,*,#3582,.T.);
#5103=ORIENTED_EDGE('',*,*,#3589,.T.);
#5104=ORIENTED_EDGE('',*,*,#3600,.T.);
#5105=ORIENTED_EDGE('',*,*,#3598,.T.);
#5106=ORIENTED_EDGE('',*,*,#3596,.T.);
#5107=ORIENTED_EDGE('',*,*,#3602,.F.);
#5108=ORIENTED_EDGE('',*,*,#3603,.F.);
#5109=ORIENTED_EDGE('',*,*,#3604,.F.);
#5110=ORIENTED_EDGE('',*,*,#3605,.F.);
#5111=ORIENTED_EDGE('',*,*,#3603,.T.);
#5112=ORIENTED_EDGE('',*,*,#3606,.F.);
#5113=ORIENTED_EDGE('',*,*,#3607,.F.);
#5114=ORIENTED_EDGE('',*,*,#3608,.T.);
#5115=ORIENTED_EDGE('',*,*,#3609,.T.);
#5116=ORIENTED_EDGE('',*,*,#3610,.T.);
#5117=ORIENTED_EDGE('',*,*,#3611,.T.);
#5118=ORIENTED_EDGE('',*,*,#3612,.T.);
#5119=ORIENTED_EDGE('',*,*,#3606,.T.);
#5120=ORIENTED_EDGE('',*,*,#3602,.T.);
#5121=ORIENTED_EDGE('',*,*,#3584,.T.);
#5122=ORIENTED_EDGE('',*,*,#3613,.T.);
#5123=ORIENTED_EDGE('',*,*,#3614,.T.);
#5124=ORIENTED_EDGE('',*,*,#3615,.T.);
#5125=ORIENTED_EDGE('',*,*,#3616,.T.);
#5126=ORIENTED_EDGE('',*,*,#3595,.F.);
#5127=ORIENTED_EDGE('',*,*,#3617,.F.);
#5128=ORIENTED_EDGE('',*,*,#3618,.T.);
#5129=ORIENTED_EDGE('',*,*,#3613,.F.);
#5130=ORIENTED_EDGE('',*,*,#3619,.F.);
#5131=ORIENTED_EDGE('',*,*,#3620,.T.);
#5132=ORIENTED_EDGE('',*,*,#3614,.F.);
#5133=ORIENTED_EDGE('',*,*,#3618,.F.);
#5134=ORIENTED_EDGE('',*,*,#3621,.T.);
#5135=ORIENTED_EDGE('',*,*,#3622,.F.);
#5136=ORIENTED_EDGE('',*,*,#3623,.T.);
#5137=ORIENTED_EDGE('',*,*,#3624,.F.);
#5138=ORIENTED_EDGE('',*,*,#3625,.T.);
#5139=ORIENTED_EDGE('',*,*,#3626,.T.);
#5140=ORIENTED_EDGE('',*,*,#3627,.T.);
#5141=ORIENTED_EDGE('',*,*,#3619,.T.);
#5142=ORIENTED_EDGE('',*,*,#3617,.T.);
#5143=ORIENTED_EDGE('',*,*,#3601,.T.);
#5144=ORIENTED_EDGE('',*,*,#3604,.T.);
#5145=ORIENTED_EDGE('',*,*,#3605,.T.);
#5146=ORIENTED_EDGE('',*,*,#3615,.F.);
#5147=ORIENTED_EDGE('',*,*,#3620,.F.);
#5148=ORIENTED_EDGE('',*,*,#3627,.F.);
#5149=ORIENTED_EDGE('',*,*,#3628,.F.);
#5150=ORIENTED_EDGE('',*,*,#3612,.F.);
#5151=ORIENTED_EDGE('',*,*,#3629,.T.);
#5152=ORIENTED_EDGE('',*,*,#3625,.F.);
#5153=ORIENTED_EDGE('',*,*,#3607,.T.);
#5154=ORIENTED_EDGE('',*,*,#3616,.F.);
#5155=ORIENTED_EDGE('',*,*,#3628,.T.);
#5156=ORIENTED_EDGE('',*,*,#3626,.F.);
#5157=ORIENTED_EDGE('',*,*,#3629,.F.);
#5158=ORIENTED_EDGE('',*,*,#3630,.F.);
#5159=ORIENTED_EDGE('',*,*,#3631,.T.);
#5160=ORIENTED_EDGE('',*,*,#3525,.F.);
#5161=ORIENTED_EDGE('',*,*,#3632,.T.);
#5162=ORIENTED_EDGE('',*,*,#3633,.T.);
#5163=ORIENTED_EDGE('',*,*,#3634,.F.);
#5164=ORIENTED_EDGE('',*,*,#3635,.T.);
#5165=ORIENTED_EDGE('',*,*,#3636,.F.);
#5166=ORIENTED_EDGE('',*,*,#3637,.T.);
#5167=ORIENTED_EDGE('',*,*,#3638,.F.);
#5168=ORIENTED_EDGE('',*,*,#3639,.T.);
#5169=ORIENTED_EDGE('',*,*,#3634,.T.);
#5170=ORIENTED_EDGE('',*,*,#3640,.F.);
#5171=ORIENTED_EDGE('',*,*,#3641,.T.);
#5172=ORIENTED_EDGE('',*,*,#3642,.F.);
#5173=ORIENTED_EDGE('',*,*,#3631,.F.);
#5174=ORIENTED_EDGE('',*,*,#3633,.F.);
#5175=ORIENTED_EDGE('',*,*,#3632,.F.);
#5176=ORIENTED_EDGE('',*,*,#3643,.F.);
#5177=ORIENTED_EDGE('',*,*,#3644,.F.);
#5178=ORIENTED_EDGE('',*,*,#3640,.T.);
#5179=ORIENTED_EDGE('',*,*,#3645,.F.);
#5180=ORIENTED_EDGE('',*,*,#3646,.F.);
#5181=ORIENTED_EDGE('',*,*,#3638,.T.);
#5182=ORIENTED_EDGE('',*,*,#3639,.F.);
#5183=ORIENTED_EDGE('',*,*,#3646,.T.);
#5184=ORIENTED_EDGE('',*,*,#3647,.F.);
#5185=ORIENTED_EDGE('',*,*,#3635,.F.);
#5186=ORIENTED_EDGE('',*,*,#3637,.F.);
#5187=ORIENTED_EDGE('',*,*,#3644,.T.);
#5188=ORIENTED_EDGE('',*,*,#3538,.F.);
#5189=ORIENTED_EDGE('',*,*,#3641,.F.);
#5190=ORIENTED_EDGE('',*,*,#3630,.T.);
#5191=ORIENTED_EDGE('',*,*,#3636,.T.);
#5192=ORIENTED_EDGE('',*,*,#3647,.T.);
#5193=ORIENTED_EDGE('',*,*,#3645,.T.);
#5194=ORIENTED_EDGE('',*,*,#3429,.F.);
#5195=ORIENTED_EDGE('',*,*,#3648,.T.);
#5196=ORIENTED_EDGE('',*,*,#3490,.F.);
#5197=ORIENTED_EDGE('',*,*,#3649,.T.);
#5198=ORIENTED_EDGE('',*,*,#3650,.F.);
#5199=ORIENTED_EDGE('',*,*,#3651,.T.);
#5200=ORIENTED_EDGE('',*,*,#3652,.F.);
#5201=ORIENTED_EDGE('',*,*,#3648,.F.);
#5202=ORIENTED_EDGE('',*,*,#3447,.F.);
#5203=ORIENTED_EDGE('',*,*,#3649,.F.);
#5204=ORIENTED_EDGE('',*,*,#3653,.F.);
#5205=ORIENTED_EDGE('',*,*,#3654,.F.);
#5206=ORIENTED_EDGE('',*,*,#3650,.T.);
#5207=ORIENTED_EDGE('',*,*,#3428,.F.);
#5208=ORIENTED_EDGE('',*,*,#3655,.F.);
#5209=ORIENTED_EDGE('',*,*,#3571,.T.);
#5210=ORIENTED_EDGE('',*,*,#3572,.F.);
#5211=ORIENTED_EDGE('',*,*,#3655,.T.);
#5212=ORIENTED_EDGE('',*,*,#3427,.F.);
#5213=ORIENTED_EDGE('',*,*,#3450,.F.);
#5214=ORIENTED_EDGE('',*,*,#3570,.F.);
#5215=ORIENTED_EDGE('',*,*,#3654,.T.);
#5216=ORIENTED_EDGE('',*,*,#3477,.F.);
#5217=ORIENTED_EDGE('',*,*,#3651,.F.);
#5218=ORIENTED_EDGE('',*,*,#3492,.F.);
#5219=ORIENTED_EDGE('',*,*,#3656,.T.);
#5220=ORIENTED_EDGE('',*,*,#3608,.F.);
#5221=ORIENTED_EDGE('',*,*,#3657,.T.);
#5222=ORIENTED_EDGE('',*,*,#3653,.T.);
#5223=ORIENTED_EDGE('',*,*,#3493,.F.);
#5224=ORIENTED_EDGE('',*,*,#3658,.T.);
#5225=ORIENTED_EDGE('',*,*,#3478,.F.);
#5226=ORIENTED_EDGE('',*,*,#3659,.F.);
#5227=ORIENTED_EDGE('',*,*,#3660,.T.);
#5228=ORIENTED_EDGE('',*,*,#3661,.F.);
#5229=ORIENTED_EDGE('',*,*,#3656,.F.);
#5230=ORIENTED_EDGE('',*,*,#3658,.F.);
#5231=ORIENTED_EDGE('',*,*,#3657,.F.);
#5232=ORIENTED_EDGE('',*,*,#3662,.F.);
#5233=ORIENTED_EDGE('',*,*,#3663,.F.);
#5234=ORIENTED_EDGE('',*,*,#3652,.T.);
#5235=ORIENTED_EDGE('',*,*,#3480,.T.);
#5236=ORIENTED_EDGE('',*,*,#3659,.T.);
#5237=ORIENTED_EDGE('',*,*,#3491,.F.);
#5238=ORIENTED_EDGE('',*,*,#3479,.F.);
#5239=ORIENTED_EDGE('',*,*,#3663,.T.);
#5240=ORIENTED_EDGE('',*,*,#3621,.F.);
#5241=ORIENTED_EDGE('',*,*,#3660,.F.);
#5242=ORIENTED_EDGE('',*,*,#3527,.F.);
#5243=ORIENTED_EDGE('',*,*,#3664,.T.);
#5244=ORIENTED_EDGE('',*,*,#3610,.F.);
#5245=ORIENTED_EDGE('',*,*,#3665,.T.);
#5246=ORIENTED_EDGE('',*,*,#3643,.T.);
#5247=ORIENTED_EDGE('',*,*,#3528,.F.);
#5248=ORIENTED_EDGE('',*,*,#3666,.T.);
#5249=ORIENTED_EDGE('',*,*,#3539,.F.);
#5250=ORIENTED_EDGE('',*,*,#3667,.F.);
#5251=ORIENTED_EDGE('',*,*,#3668,.T.);
#5252=ORIENTED_EDGE('',*,*,#3669,.F.);
#5253=ORIENTED_EDGE('',*,*,#3664,.F.);
#5254=ORIENTED_EDGE('',*,*,#3666,.F.);
#5255=ORIENTED_EDGE('',*,*,#3665,.F.);
#5256=ORIENTED_EDGE('',*,*,#3670,.F.);
#5257=ORIENTED_EDGE('',*,*,#3671,.F.);
#5258=ORIENTED_EDGE('',*,*,#3642,.T.);
#5259=ORIENTED_EDGE('',*,*,#3541,.T.);
#5260=ORIENTED_EDGE('',*,*,#3667,.T.);
#5261=ORIENTED_EDGE('',*,*,#3526,.F.);
#5262=ORIENTED_EDGE('',*,*,#3540,.F.);
#5263=ORIENTED_EDGE('',*,*,#3671,.T.);
#5264=ORIENTED_EDGE('',*,*,#3623,.F.);
#5265=ORIENTED_EDGE('',*,*,#3668,.F.);
#5266=ORIENTED_EDGE('',*,*,#3662,.T.);
#5267=ORIENTED_EDGE('',*,*,#3611,.F.);
#5268=ORIENTED_EDGE('',*,*,#3669,.T.);
#5269=ORIENTED_EDGE('',*,*,#3622,.T.);
#5270=ORIENTED_EDGE('',*,*,#3661,.T.);
#5271=ORIENTED_EDGE('',*,*,#3624,.T.);
#5272=ORIENTED_EDGE('',*,*,#3670,.T.);
#5273=ORIENTED_EDGE('',*,*,#3609,.F.);
#5274=CYLINDRICAL_SURFACE('',#5691,0.1);
#5275=CYLINDRICAL_SURFACE('',#5698,0.1);
#5276=CYLINDRICAL_SURFACE('',#5704,0.1);
#5277=CYLINDRICAL_SURFACE('',#5707,0.1);
#5278=CYLINDRICAL_SURFACE('',#5714,0.1);
#5279=CYLINDRICAL_SURFACE('',#5720,0.1);
#5280=CYLINDRICAL_SURFACE('',#5723,0.1);
#5281=CYLINDRICAL_SURFACE('',#5730,0.1);
#5282=CYLINDRICAL_SURFACE('',#5736,0.1);
#5283=CYLINDRICAL_SURFACE('',#5739,0.1);
#5284=CYLINDRICAL_SURFACE('',#5746,0.1);
#5285=CYLINDRICAL_SURFACE('',#5752,0.1);
#5286=CYLINDRICAL_SURFACE('',#5755,0.3);
#5287=CYLINDRICAL_SURFACE('',#5758,0.3);
#5288=CYLINDRICAL_SURFACE('',#5761,0.1);
#5289=CYLINDRICAL_SURFACE('',#5768,0.1);
#5290=CYLINDRICAL_SURFACE('',#5774,0.1);
#5291=CYLINDRICAL_SURFACE('',#5777,0.3);
#5292=CYLINDRICAL_SURFACE('',#5780,0.3);
#5293=CYLINDRICAL_SURFACE('',#5783,0.1);
#5294=CYLINDRICAL_SURFACE('',#5790,0.1);
#5295=CYLINDRICAL_SURFACE('',#5796,0.1);
#5296=CYLINDRICAL_SURFACE('',#5799,0.3);
#5297=CYLINDRICAL_SURFACE('',#5802,0.3);
#5298=CYLINDRICAL_SURFACE('',#5805,0.1);
#5299=CYLINDRICAL_SURFACE('',#5812,0.1);
#5300=CYLINDRICAL_SURFACE('',#5818,0.1);
#5301=CYLINDRICAL_SURFACE('',#5821,0.1);
#5302=CYLINDRICAL_SURFACE('',#5828,0.1);
#5303=CYLINDRICAL_SURFACE('',#5834,0.1);
#5304=CYLINDRICAL_SURFACE('',#5837,0.3);
#5305=CYLINDRICAL_SURFACE('',#5840,0.3);
#5306=CYLINDRICAL_SURFACE('',#5843,0.2);
#5307=CYLINDRICAL_SURFACE('',#5851,0.2);
#5308=CYLINDRICAL_SURFACE('',#5878,0.3);
#5309=CYLINDRICAL_SURFACE('',#5881,0.3);
#5310=CYLINDRICAL_SURFACE('',#5883,0.3);
#5311=CYLINDRICAL_SURFACE('',#5886,0.3);
#5312=CYLINDRICAL_SURFACE('',#5888,0.3);
#5313=CYLINDRICAL_SURFACE('',#5893,0.3);
#5314=CYLINDRICAL_SURFACE('',#5894,0.3);
#5315=CYLINDRICAL_SURFACE('',#5899,0.3);
#5316=CYLINDRICAL_SURFACE('',#5915,5.125);
#5317=CYLINDRICAL_SURFACE('',#5928,8.4);
#5318=CYLINDRICAL_SURFACE('',#5961,1.40000000000026);
#5319=CYLINDRICAL_SURFACE('',#5964,1.40000000000143);
#5320=CYLINDRICAL_SURFACE('',#5969,8.935);
#5321=CYLINDRICAL_SURFACE('',#5974,0.2);
#5322=CYLINDRICAL_SURFACE('',#5980,0.2);
#5323=CYLINDRICAL_SURFACE('',#5986,0.2);
#5324=CYLINDRICAL_SURFACE('',#5992,0.2);
#5325=CYLINDRICAL_SURFACE('',#5998,0.2);
#5326=CYLINDRICAL_SURFACE('',#6004,0.2);
#5327=CYLINDRICAL_SURFACE('',#6010,0.2);
#5328=CYLINDRICAL_SURFACE('',#6016,0.2);
#5329=CYLINDRICAL_SURFACE('',#6022,0.2);
#5330=CYLINDRICAL_SURFACE('',#6028,0.2);
#5331=CYLINDRICAL_SURFACE('',#6034,0.2);
#5332=CYLINDRICAL_SURFACE('',#6040,0.2);
#5333=CYLINDRICAL_SURFACE('',#6046,1.);
#5334=CYLINDRICAL_SURFACE('',#6052,1.);
#5335=CYLINDRICAL_SURFACE('',#6058,0.600000000000004);
#5336=CYLINDRICAL_SURFACE('',#6069,0.300000000000003);
#5337=CYLINDRICAL_SURFACE('',#6080,0.600000000000004);
#5338=CYLINDRICAL_SURFACE('',#6091,0.300000000000003);
#5339=CYLINDRICAL_SURFACE('',#6102,0.600000000000003);
#5340=CYLINDRICAL_SURFACE('',#6113,0.300000000000002);
#5341=CYLINDRICAL_SURFACE('',#6123,0.600000000000003);
#5342=CYLINDRICAL_SURFACE('',#6134,0.300000000000002);
#5343=CYLINDRICAL_SURFACE('',#6145,0.6);
#5344=CYLINDRICAL_SURFACE('',#6156,0.299999999999999);
#5345=CYLINDRICAL_SURFACE('',#6158,0.599999999999999);
#5346=CYLINDRICAL_SURFACE('',#6167,0.300000000000001);
#5347=CYLINDRICAL_SURFACE('',#6168,2.);
#5348=CYLINDRICAL_SURFACE('',#6177,1.7);
#5349=CYLINDRICAL_SURFACE('',#6178,2.);
#5350=CYLINDRICAL_SURFACE('',#6187,1.7);
#5351=ADVANCED_FACE('',(#293),#5274,.T.);
#5352=ADVANCED_FACE('',(#294),#275,.T.);
#5353=ADVANCED_FACE('',(#295),#5275,.T.);
#5354=ADVANCED_FACE('',(#296),#276,.T.);
#5355=ADVANCED_FACE('',(#297),#5276,.T.);
#5356=ADVANCED_FACE('',(#298),#51,.T.);
#5357=ADVANCED_FACE('',(#299),#5277,.T.);
#5358=ADVANCED_FACE('',(#300),#277,.T.);
#5359=ADVANCED_FACE('',(#301),#5278,.T.);
#5360=ADVANCED_FACE('',(#302),#278,.T.);
#5361=ADVANCED_FACE('',(#303),#5279,.T.);
#5362=ADVANCED_FACE('',(#304),#52,.T.);
#5363=ADVANCED_FACE('',(#305),#5280,.T.);
#5364=ADVANCED_FACE('',(#306),#279,.T.);
#5365=ADVANCED_FACE('',(#307),#5281,.T.);
#5366=ADVANCED_FACE('',(#308),#280,.T.);
#5367=ADVANCED_FACE('',(#309),#5282,.T.);
#5368=ADVANCED_FACE('',(#310),#53,.T.);
#5369=ADVANCED_FACE('',(#311),#5283,.T.);
#5370=ADVANCED_FACE('',(#312),#281,.T.);
#5371=ADVANCED_FACE('',(#313),#5284,.T.);
#5372=ADVANCED_FACE('',(#314),#282,.T.);
#5373=ADVANCED_FACE('',(#315),#5285,.T.);
#5374=ADVANCED_FACE('',(#316),#54,.F.);
#5375=ADVANCED_FACE('',(#317),#5286,.T.);
#5376=ADVANCED_FACE('',(#318),#55,.F.);
#5377=ADVANCED_FACE('',(#319),#5287,.T.);
#5378=ADVANCED_FACE('',(#320),#56,.F.);
#5379=ADVANCED_FACE('',(#321),#5288,.T.);
#5380=ADVANCED_FACE('',(#322),#283,.T.);
#5381=ADVANCED_FACE('',(#323),#5289,.T.);
#5382=ADVANCED_FACE('',(#324),#284,.T.);
#5383=ADVANCED_FACE('',(#325),#5290,.T.);
#5384=ADVANCED_FACE('',(#326),#57,.F.);
#5385=ADVANCED_FACE('',(#327),#5291,.T.);
#5386=ADVANCED_FACE('',(#328),#58,.F.);
#5387=ADVANCED_FACE('',(#329),#5292,.T.);
#5388=ADVANCED_FACE('',(#330),#59,.F.);
#5389=ADVANCED_FACE('',(#331),#5293,.T.);
#5390=ADVANCED_FACE('',(#332),#285,.T.);
#5391=ADVANCED_FACE('',(#333),#5294,.T.);
#5392=ADVANCED_FACE('',(#334),#286,.T.);
#5393=ADVANCED_FACE('',(#335),#5295,.T.);
#5394=ADVANCED_FACE('',(#336),#60,.F.);
#5395=ADVANCED_FACE('',(#337),#5296,.T.);
#5396=ADVANCED_FACE('',(#338),#61,.F.);
#5397=ADVANCED_FACE('',(#339),#5297,.T.);
#5398=ADVANCED_FACE('',(#340),#62,.F.);
#5399=ADVANCED_FACE('',(#341),#5298,.T.);
#5400=ADVANCED_FACE('',(#342),#287,.T.);
#5401=ADVANCED_FACE('',(#343),#5299,.T.);
#5402=ADVANCED_FACE('',(#344),#288,.T.);
#5403=ADVANCED_FACE('',(#345),#5300,.T.);
#5404=ADVANCED_FACE('',(#346),#63,.T.);
#5405=ADVANCED_FACE('',(#347),#5301,.T.);
#5406=ADVANCED_FACE('',(#348),#289,.T.);
#5407=ADVANCED_FACE('',(#349),#5302,.T.);
#5408=ADVANCED_FACE('',(#350),#290,.T.);
#5409=ADVANCED_FACE('',(#351),#5303,.T.);
#5410=ADVANCED_FACE('',(#352),#64,.F.);
#5411=ADVANCED_FACE('',(#353),#5304,.T.);
#5412=ADVANCED_FACE('',(#354),#65,.F.);
#5413=ADVANCED_FACE('',(#355),#5305,.T.);
#5414=ADVANCED_FACE('',(#356),#66,.F.);
#5415=ADVANCED_FACE('',(#357),#5306,.T.);
#5416=ADVANCED_FACE('',(#358),#67,.T.);
#5417=ADVANCED_FACE('',(#359),#68,.T.);
#5418=ADVANCED_FACE('',(#360),#5307,.T.);
#5419=ADVANCED_FACE('',(#361),#69,.T.);
#5420=ADVANCED_FACE('',(#362),#70,.F.);
#5421=ADVANCED_FACE('',(#363),#71,.F.);
#5422=ADVANCED_FACE('',(#364),#72,.F.);
#5423=ADVANCED_FACE('',(#365),#73,.F.);
#5424=ADVANCED_FACE('',(#366),#74,.F.);
#5425=ADVANCED_FACE('',(#367),#75,.F.);
#5426=ADVANCED_FACE('',(#368),#76,.F.);
#5427=ADVANCED_FACE('',(#369),#77,.F.);
#5428=ADVANCED_FACE('',(#370),#78,.F.);
#5429=ADVANCED_FACE('',(#371),#79,.F.);
#5430=ADVANCED_FACE('',(#372),#80,.F.);
#5431=ADVANCED_FACE('',(#373),#81,.F.);
#5432=ADVANCED_FACE('',(#374),#82,.T.);
#5433=ADVANCED_FACE('',(#375),#83,.T.);
#5434=ADVANCED_FACE('',(#376),#84,.T.);
#5435=ADVANCED_FACE('',(#377),#85,.T.);
#5436=ADVANCED_FACE('',(#378),#86,.T.);
#5437=ADVANCED_FACE('',(#379),#87,.T.);
#5438=ADVANCED_FACE('',(#380),#88,.F.);
#5439=ADVANCED_FACE('',(#381),#89,.F.);
#5440=ADVANCED_FACE('',(#382),#90,.F.);
#5441=ADVANCED_FACE('',(#383),#91,.F.);
#5442=ADVANCED_FACE('',(#384),#92,.F.);
#5443=ADVANCED_FACE('',(#385),#93,.F.);
#5444=ADVANCED_FACE('',(#386),#5308,.T.);
#5445=ADVANCED_FACE('',(#387),#94,.T.);
#5446=ADVANCED_FACE('',(#388),#5309,.T.);
#5447=ADVANCED_FACE('',(#389),#5310,.T.);
#5448=ADVANCED_FACE('',(#390),#95,.T.);
#5449=ADVANCED_FACE('',(#391),#5311,.T.);
#5450=ADVANCED_FACE('',(#392),#5312,.T.);
#5451=ADVANCED_FACE('',(#393),#96,.T.);
#5452=ADVANCED_FACE('',(#394),#97,.T.);
#5453=ADVANCED_FACE('',(#395),#5313,.T.);
#5454=ADVANCED_FACE('',(#396),#5314,.T.);
#5455=ADVANCED_FACE('',(#397),#98,.T.);
#5456=ADVANCED_FACE('',(#398),#99,.T.);
#5457=ADVANCED_FACE('',(#399),#5315,.T.);
#5458=ADVANCED_FACE('',(#400),#100,.F.);
#5459=ADVANCED_FACE('',(#401),#101,.F.);
#5460=ADVANCED_FACE('',(#402),#102,.T.);
#5461=ADVANCED_FACE('',(#403),#103,.T.);
#5462=ADVANCED_FACE('',(#404),#104,.T.);
#5463=ADVANCED_FACE('',(#405),#105,.T.);
#5464=ADVANCED_FACE('',(#406),#106,.T.);
#5465=ADVANCED_FACE('',(#407),#107,.T.);
#5466=ADVANCED_FACE('',(#408),#108,.T.);
#5467=ADVANCED_FACE('',(#409),#109,.T.);
#5468=ADVANCED_FACE('',(#410),#110,.T.);
#5469=ADVANCED_FACE('',(#411),#111,.T.);
#5470=ADVANCED_FACE('',(#412),#291,.T.);
#5471=ADVANCED_FACE('',(#413),#5316,.F.);
#5472=ADVANCED_FACE('',(#414),#292,.T.);
#5473=ADVANCED_FACE('',(#415),#5317,.T.);
#5474=ADVANCED_FACE('',(#416,#29),#112,.F.);
#5475=ADVANCED_FACE('',(#417),#113,.F.);
#5476=ADVANCED_FACE('',(#418),#114,.F.);
#5477=ADVANCED_FACE('',(#419),#115,.F.);
#5478=ADVANCED_FACE('',(#420),#116,.F.);
#5479=ADVANCED_FACE('',(#421),#117,.F.);
#5480=ADVANCED_FACE('',(#422),#118,.F.);
#5481=ADVANCED_FACE('',(#423),#119,.F.);
#5482=ADVANCED_FACE('',(#424),#120,.F.);
#5483=ADVANCED_FACE('',(#425),#121,.F.);
#5484=ADVANCED_FACE('',(#426),#122,.F.);
#5485=ADVANCED_FACE('',(#427),#123,.F.);
#5486=ADVANCED_FACE('',(#428),#124,.F.);
#5487=ADVANCED_FACE('',(#429),#125,.F.);
#5488=ADVANCED_FACE('',(#430),#126,.F.);
#5489=ADVANCED_FACE('',(#431),#127,.F.);
#5490=ADVANCED_FACE('',(#432),#128,.F.);
#5491=ADVANCED_FACE('',(#433),#129,.F.);
#5492=ADVANCED_FACE('',(#434),#130,.F.);
#5493=ADVANCED_FACE('',(#435),#131,.F.);
#5494=ADVANCED_FACE('',(#436),#132,.F.);
#5495=ADVANCED_FACE('',(#437),#133,.F.);
#5496=ADVANCED_FACE('',(#438),#134,.F.);
#5497=ADVANCED_FACE('',(#439),#135,.F.);
#5498=ADVANCED_FACE('',(#440),#136,.F.);
#5499=ADVANCED_FACE('',(#441),#137,.F.);
#5500=ADVANCED_FACE('',(#442),#138,.F.);
#5501=ADVANCED_FACE('',(#443),#139,.F.);
#5502=ADVANCED_FACE('',(#444),#140,.F.);
#5503=ADVANCED_FACE('',(#445,#30),#141,.T.);
#5504=ADVANCED_FACE('',(#446),#142,.F.);
#5505=ADVANCED_FACE('',(#447),#5318,.T.);
#5506=ADVANCED_FACE('',(#448),#143,.T.);
#5507=ADVANCED_FACE('',(#449),#5319,.T.);
#5508=ADVANCED_FACE('',(#450,#31),#144,.F.);
#5509=ADVANCED_FACE('',(#451),#145,.T.);
#5510=ADVANCED_FACE('',(#452),#5320,.T.);
#5511=ADVANCED_FACE('',(#453),#146,.T.);
#5512=ADVANCED_FACE('',(#454),#147,.T.);
#5513=ADVANCED_FACE('',(#455,#32,#33,#34,#35,#36,#37,#38,#39,#40),#148,
 .T.);
#5514=ADVANCED_FACE('',(#456),#5321,.T.);
#5515=ADVANCED_FACE('',(#457),#149,.T.);
#5516=ADVANCED_FACE('',(#458),#150,.T.);
#5517=ADVANCED_FACE('',(#459),#5322,.T.);
#5518=ADVANCED_FACE('',(#460),#151,.T.);
#5519=ADVANCED_FACE('',(#461),#152,.T.);
#5520=ADVANCED_FACE('',(#462),#153,.T.);
#5521=ADVANCED_FACE('',(#463),#154,.T.);
#5522=ADVANCED_FACE('',(#464),#5323,.T.);
#5523=ADVANCED_FACE('',(#465),#155,.T.);
#5524=ADVANCED_FACE('',(#466),#156,.T.);
#5525=ADVANCED_FACE('',(#467),#5324,.T.);
#5526=ADVANCED_FACE('',(#468),#157,.T.);
#5527=ADVANCED_FACE('',(#469),#158,.T.);
#5528=ADVANCED_FACE('',(#470),#159,.T.);
#5529=ADVANCED_FACE('',(#471),#160,.T.);
#5530=ADVANCED_FACE('',(#472),#5325,.T.);
#5531=ADVANCED_FACE('',(#473),#161,.T.);
#5532=ADVANCED_FACE('',(#474),#162,.T.);
#5533=ADVANCED_FACE('',(#475),#5326,.T.);
#5534=ADVANCED_FACE('',(#476),#163,.T.);
#5535=ADVANCED_FACE('',(#477),#164,.T.);
#5536=ADVANCED_FACE('',(#478),#165,.T.);
#5537=ADVANCED_FACE('',(#479),#166,.T.);
#5538=ADVANCED_FACE('',(#480),#5327,.T.);
#5539=ADVANCED_FACE('',(#481),#167,.T.);
#5540=ADVANCED_FACE('',(#482),#168,.T.);
#5541=ADVANCED_FACE('',(#483),#5328,.T.);
#5542=ADVANCED_FACE('',(#484),#169,.T.);
#5543=ADVANCED_FACE('',(#485),#170,.T.);
#5544=ADVANCED_FACE('',(#486),#171,.T.);
#5545=ADVANCED_FACE('',(#487),#172,.T.);
#5546=ADVANCED_FACE('',(#488),#5329,.T.);
#5547=ADVANCED_FACE('',(#489),#173,.T.);
#5548=ADVANCED_FACE('',(#490),#174,.T.);
#5549=ADVANCED_FACE('',(#491),#5330,.T.);
#5550=ADVANCED_FACE('',(#492),#175,.T.);
#5551=ADVANCED_FACE('',(#493),#176,.T.);
#5552=ADVANCED_FACE('',(#494),#177,.T.);
#5553=ADVANCED_FACE('',(#495),#178,.T.);
#5554=ADVANCED_FACE('',(#496),#5331,.T.);
#5555=ADVANCED_FACE('',(#497),#179,.T.);
#5556=ADVANCED_FACE('',(#498),#180,.T.);
#5557=ADVANCED_FACE('',(#499),#5332,.T.);
#5558=ADVANCED_FACE('',(#500),#181,.T.);
#5559=ADVANCED_FACE('',(#501),#182,.T.);
#5560=ADVANCED_FACE('',(#502),#183,.T.);
#5561=ADVANCED_FACE('',(#503),#184,.T.);
#5562=ADVANCED_FACE('',(#504),#5333,.T.);
#5563=ADVANCED_FACE('',(#505),#185,.T.);
#5564=ADVANCED_FACE('',(#506,#41),#186,.T.);
#5565=ADVANCED_FACE('',(#507),#5334,.T.);
#5566=ADVANCED_FACE('',(#508),#187,.T.);
#5567=ADVANCED_FACE('',(#509),#188,.T.);
#5568=ADVANCED_FACE('',(#510),#189,.T.);
#5569=ADVANCED_FACE('',(#511),#190,.T.);
#5570=ADVANCED_FACE('',(#512),#5335,.T.);
#5571=ADVANCED_FACE('',(#513),#191,.F.);
#5572=ADVANCED_FACE('',(#514),#192,.T.);
#5573=ADVANCED_FACE('',(#515),#193,.F.);
#5574=ADVANCED_FACE('',(#516),#194,.F.);
#5575=ADVANCED_FACE('',(#517),#195,.F.);
#5576=ADVANCED_FACE('',(#518),#196,.F.);
#5577=ADVANCED_FACE('',(#519),#5336,.F.);
#5578=ADVANCED_FACE('',(#520),#197,.F.);
#5579=ADVANCED_FACE('',(#521),#198,.T.);
#5580=ADVANCED_FACE('',(#522),#199,.T.);
#5581=ADVANCED_FACE('',(#523,#42),#200,.F.);
#5582=ADVANCED_FACE('',(#524),#201,.T.);
#5583=ADVANCED_FACE('',(#525),#202,.T.);
#5584=ADVANCED_FACE('',(#526,#43),#203,.T.);
#5585=ADVANCED_FACE('',(#527),#204,.T.);
#5586=ADVANCED_FACE('',(#528),#205,.T.);
#5587=ADVANCED_FACE('',(#529),#206,.T.);
#5588=ADVANCED_FACE('',(#530),#5337,.T.);
#5589=ADVANCED_FACE('',(#531),#207,.T.);
#5590=ADVANCED_FACE('',(#532),#208,.F.);
#5591=ADVANCED_FACE('',(#533),#209,.T.);
#5592=ADVANCED_FACE('',(#534),#210,.T.);
#5593=ADVANCED_FACE('',(#535),#211,.T.);
#5594=ADVANCED_FACE('',(#536),#212,.T.);
#5595=ADVANCED_FACE('',(#537),#5338,.F.);
#5596=ADVANCED_FACE('',(#538),#213,.T.);
#5597=ADVANCED_FACE('',(#539),#214,.F.);
#5598=ADVANCED_FACE('',(#540),#215,.F.);
#5599=ADVANCED_FACE('',(#541,#44),#216,.T.);
#5600=ADVANCED_FACE('',(#542),#217,.F.);
#5601=ADVANCED_FACE('',(#543),#218,.F.);
#5602=ADVANCED_FACE('',(#544,#45),#219,.F.);
#5603=ADVANCED_FACE('',(#545),#220,.F.);
#5604=ADVANCED_FACE('',(#546),#221,.F.);
#5605=ADVANCED_FACE('',(#547),#222,.F.);
#5606=ADVANCED_FACE('',(#548),#5339,.T.);
#5607=ADVANCED_FACE('',(#549),#223,.F.);
#5608=ADVANCED_FACE('',(#550),#224,.T.);
#5609=ADVANCED_FACE('',(#551),#225,.F.);
#5610=ADVANCED_FACE('',(#552),#226,.F.);
#5611=ADVANCED_FACE('',(#553),#227,.F.);
#5612=ADVANCED_FACE('',(#554),#228,.F.);
#5613=ADVANCED_FACE('',(#555),#5340,.F.);
#5614=ADVANCED_FACE('',(#556),#229,.F.);
#5615=ADVANCED_FACE('',(#557),#230,.T.);
#5616=ADVANCED_FACE('',(#558),#231,.T.);
#5617=ADVANCED_FACE('',(#559,#46),#232,.T.);
#5618=ADVANCED_FACE('',(#560),#233,.T.);
#5619=ADVANCED_FACE('',(#561),#234,.T.);
#5620=ADVANCED_FACE('',(#562),#235,.T.);
#5621=ADVANCED_FACE('',(#563),#236,.T.);
#5622=ADVANCED_FACE('',(#564),#237,.T.);
#5623=ADVANCED_FACE('',(#565),#5341,.T.);
#5624=ADVANCED_FACE('',(#566),#238,.T.);
#5625=ADVANCED_FACE('',(#567),#239,.F.);
#5626=ADVANCED_FACE('',(#568),#240,.T.);
#5627=ADVANCED_FACE('',(#569),#241,.T.);
#5628=ADVANCED_FACE('',(#570),#242,.T.);
#5629=ADVANCED_FACE('',(#571),#243,.T.);
#5630=ADVANCED_FACE('',(#572),#5342,.F.);
#5631=ADVANCED_FACE('',(#573),#244,.T.);
#5632=ADVANCED_FACE('',(#574),#245,.F.);
#5633=ADVANCED_FACE('',(#575),#246,.F.);
#5634=ADVANCED_FACE('',(#576,#47),#247,.T.);
#5635=ADVANCED_FACE('',(#577),#248,.F.);
#5636=ADVANCED_FACE('',(#578),#249,.F.);
#5637=ADVANCED_FACE('',(#579,#48),#250,.F.);
#5638=ADVANCED_FACE('',(#580),#251,.F.);
#5639=ADVANCED_FACE('',(#581),#252,.F.);
#5640=ADVANCED_FACE('',(#582),#253,.F.);
#5641=ADVANCED_FACE('',(#583),#5343,.T.);
#5642=ADVANCED_FACE('',(#584),#254,.T.);
#5643=ADVANCED_FACE('',(#585),#255,.F.);
#5644=ADVANCED_FACE('',(#586),#256,.T.);
#5645=ADVANCED_FACE('',(#587),#257,.T.);
#5646=ADVANCED_FACE('',(#588),#258,.T.);
#5647=ADVANCED_FACE('',(#589),#259,.T.);
#5648=ADVANCED_FACE('',(#590),#5344,.F.);
#5649=ADVANCED_FACE('',(#591),#260,.T.);
#5650=ADVANCED_FACE('',(#592),#5345,.T.);
#5651=ADVANCED_FACE('',(#593),#261,.T.);
#5652=ADVANCED_FACE('',(#594),#262,.T.);
#5653=ADVANCED_FACE('',(#595),#263,.T.);
#5654=ADVANCED_FACE('',(#596),#264,.T.);
#5655=ADVANCED_FACE('',(#597),#5346,.F.);
#5656=ADVANCED_FACE('',(#598),#5347,.T.);
#5657=ADVANCED_FACE('',(#599),#265,.T.);
#5658=ADVANCED_FACE('',(#600),#266,.T.);
#5659=ADVANCED_FACE('',(#601),#267,.T.);
#5660=ADVANCED_FACE('',(#602),#268,.T.);
#5661=ADVANCED_FACE('',(#603),#5348,.F.);
#5662=ADVANCED_FACE('',(#604),#5349,.T.);
#5663=ADVANCED_FACE('',(#605),#269,.T.);
#5664=ADVANCED_FACE('',(#606),#270,.T.);
#5665=ADVANCED_FACE('',(#607),#271,.T.);
#5666=ADVANCED_FACE('',(#608),#272,.T.);
#5667=ADVANCED_FACE('',(#609),#5350,.F.);
#5668=ADVANCED_FACE('',(#610),#273,.T.);
#5669=ADVANCED_FACE('',(#611),#274,.T.);
#5670=CLOSED_SHELL('',(#5351,#5352,#5353,#5354,#5355,#5356,#5357,#5358,
#5359,#5360,#5361,#5362,#5363,#5364,#5365,#5366,#5367,#5368,#5369,#5370,
#5371,#5372,#5373,#5374,#5375,#5376,#5377,#5378,#5379,#5380,#5381,#5382,
#5383,#5384,#5385,#5386,#5387,#5388,#5389,#5390,#5391,#5392,#5393,#5394,
#5395,#5396,#5397,#5398,#5399,#5400,#5401,#5402,#5403,#5404,#5405,#5406,
#5407,#5408,#5409,#5410,#5411,#5412,#5413,#5414,#5415,#5416,#5417,#5418,
#5419,#5420,#5421,#5422,#5423,#5424,#5425,#5426,#5427,#5428,#5429,#5430,
#5431,#5432,#5433,#5434,#5435,#5436,#5437,#5438,#5439,#5440,#5441,#5442,
#5443,#5444,#5445,#5446,#5447,#5448,#5449,#5450,#5451,#5452,#5453,#5454,
#5455,#5456,#5457,#5458,#5459,#5460,#5461,#5462,#5463,#5464,#5465,#5466,
#5467,#5468,#5469,#5470,#5471,#5472,#5473,#5474,#5475,#5476,#5477,#5478,
#5479,#5480,#5481,#5482,#5483,#5484,#5485,#5486,#5487,#5488,#5489,#5490,
#5491,#5492,#5493,#5494,#5495,#5496,#5497,#5498,#5499,#5500,#5501,#5502,
#5503,#5504,#5505,#5506,#5507,#5508,#5509,#5510,#5511,#5512,#5513));
#5671=CLOSED_SHELL('',(#5514,#5515,#5516,#5517,#5518,#5519,#5520,#5521));
#5672=CLOSED_SHELL('',(#5522,#5523,#5524,#5525,#5526,#5527,#5528,#5529));
#5673=CLOSED_SHELL('',(#5530,#5531,#5532,#5533,#5534,#5535,#5536,#5537));
#5674=CLOSED_SHELL('',(#5538,#5539,#5540,#5541,#5542,#5543,#5544,#5545));
#5675=CLOSED_SHELL('',(#5546,#5547,#5548,#5549,#5550,#5551,#5552,#5553));
#5676=CLOSED_SHELL('',(#5554,#5555,#5556,#5557,#5558,#5559,#5560,#5561));
#5677=CLOSED_SHELL('',(#5562,#5563,#5564,#5565,#5566,#5567,#5568,#5569,
#5570,#5571,#5572,#5573,#5574,#5575,#5576,#5577,#5578,#5579,#5580,#5581,
#5582,#5583,#5584,#5585,#5586,#5587,#5588,#5589,#5590,#5591,#5592,#5593,
#5594,#5595,#5596,#5597,#5598,#5599,#5600,#5601,#5602,#5603,#5604,#5605,
#5606,#5607,#5608,#5609,#5610,#5611,#5612,#5613,#5614,#5615,#5616,#5617,
#5618,#5619,#5620,#5621,#5622,#5623,#5624,#5625,#5626,#5627,#5628,#5629,
#5630,#5631,#5632,#5633,#5634,#5635,#5636,#5637,#5638,#5639,#5640,#5641,
#5642,#5643,#5644,#5645,#5646,#5647,#5648,#5649,#5650,#5651,#5652,#5653,
#5654,#5655,#5656,#5657,#5658,#5659,#5660,#5661,#5662,#5663,#5664,#5665,
#5666,#5667,#5668,#5669));
#5678=DERIVED_UNIT_ELEMENT(#5680,1.);
#5679=DERIVED_UNIT_ELEMENT(#9455,-3.);
#5680=(
MASS_UNIT()
NAMED_UNIT(*)
SI_UNIT(.KILO.,.GRAM.)
);
#5681=DERIVED_UNIT((#5678,#5679));
#5682=MEASURE_REPRESENTATION_ITEM('density measure',
POSITIVE_RATIO_MEASURE(7850.),#5681);
#5683=PROPERTY_DEFINITION_REPRESENTATION(#5688,#5685);
#5684=PROPERTY_DEFINITION_REPRESENTATION(#5689,#5686);
#5685=REPRESENTATION('material name',(#5687),#9452);
#5686=REPRESENTATION('density',(#5682),#9452);
#5687=DESCRIPTIVE_REPRESENTATION_ITEM('Steel','Steel');
#5688=PROPERTY_DEFINITION('material property','material name',#9462);
#5689=PROPERTY_DEFINITION('material property','density of part',#9462);
#5690=AXIS2_PLACEMENT_3D('',#7809,#6190,#6191);
#5691=AXIS2_PLACEMENT_3D('',#7810,#6192,#6193);
#5692=AXIS2_PLACEMENT_3D('',#7813,#6194,#6195);
#5693=AXIS2_PLACEMENT_3D('',#7817,#6197,#6198);
#5694=AXIS2_PLACEMENT_3D('',#7819,#6200,#6201);
#5695=AXIS2_PLACEMENT_3D('',#7822,#6202,#6203);
#5696=AXIS2_PLACEMENT_3D('',#7823,#6204,#6205);
#5697=AXIS2_PLACEMENT_3D('',#7824,#6206,#6207);
#5698=AXIS2_PLACEMENT_3D('',#7825,#6208,#6209);
#5699=AXIS2_PLACEMENT_3D('',#7828,#6210,#6211);
#5700=AXIS2_PLACEMENT_3D('',#7831,#6214,#6215);
#5701=AXIS2_PLACEMENT_3D('',#7834,#6216,#6217);
#5702=AXIS2_PLACEMENT_3D('',#7835,#6218,#6219);
#5703=AXIS2_PLACEMENT_3D('',#7836,#6220,#6221);
#5704=AXIS2_PLACEMENT_3D('',#7837,#6222,#6223);
#5705=AXIS2_PLACEMENT_3D('',#7840,#6224,#6225);
#5706=AXIS2_PLACEMENT_3D('',#7843,#6228,#6229);
#5707=AXIS2_PLACEMENT_3D('',#7845,#6231,#6232);
#5708=AXIS2_PLACEMENT_3D('',#7848,#6233,#6234);
#5709=AXIS2_PLACEMENT_3D('',#7852,#6236,#6237);
#5710=AXIS2_PLACEMENT_3D('',#7854,#6239,#6240);
#5711=AXIS2_PLACEMENT_3D('',#7857,#6241,#6242);
#5712=AXIS2_PLACEMENT_3D('',#7858,#6243,#6244);
#5713=AXIS2_PLACEMENT_3D('',#7859,#6245,#6246);
#5714=AXIS2_PLACEMENT_3D('',#7860,#6247,#6248);
#5715=AXIS2_PLACEMENT_3D('',#7863,#6249,#6250);
#5716=AXIS2_PLACEMENT_3D('',#7866,#6253,#6254);
#5717=AXIS2_PLACEMENT_3D('',#7869,#6255,#6256);
#5718=AXIS2_PLACEMENT_3D('',#7870,#6257,#6258);
#5719=AXIS2_PLACEMENT_3D('',#7871,#6259,#6260);
#5720=AXIS2_PLACEMENT_3D('',#7872,#6261,#6262);
#5721=AXIS2_PLACEMENT_3D('',#7875,#6263,#6264);
#5722=AXIS2_PLACEMENT_3D('',#7878,#6267,#6268);
#5723=AXIS2_PLACEMENT_3D('',#7880,#6270,#6271);
#5724=AXIS2_PLACEMENT_3D('',#7883,#6272,#6273);
#5725=AXIS2_PLACEMENT_3D('',#7887,#6275,#6276);
#5726=AXIS2_PLACEMENT_3D('',#7889,#6278,#6279);
#5727=AXIS2_PLACEMENT_3D('',#7892,#6280,#6281);
#5728=AXIS2_PLACEMENT_3D('',#7893,#6282,#6283);
#5729=AXIS2_PLACEMENT_3D('',#7894,#6284,#6285);
#5730=AXIS2_PLACEMENT_3D('',#7895,#6286,#6287);
#5731=AXIS2_PLACEMENT_3D('',#7898,#6288,#6289);
#5732=AXIS2_PLACEMENT_3D('',#7901,#6292,#6293);
#5733=AXIS2_PLACEMENT_3D('',#7904,#6294,#6295);
#5734=AXIS2_PLACEMENT_3D('',#7905,#6296,#6297);
#5735=AXIS2_PLACEMENT_3D('',#7906,#6298,#6299);
#5736=AXIS2_PLACEMENT_3D('',#7907,#6300,#6301);
#5737=AXIS2_PLACEMENT_3D('',#7910,#6302,#6303);
#5738=AXIS2_PLACEMENT_3D('',#7913,#6306,#6307);
#5739=AXIS2_PLACEMENT_3D('',#7915,#6309,#6310);
#5740=AXIS2_PLACEMENT_3D('',#7918,#6311,#6312);
#5741=AXIS2_PLACEMENT_3D('',#7922,#6314,#6315);
#5742=AXIS2_PLACEMENT_3D('',#7924,#6317,#6318);
#5743=AXIS2_PLACEMENT_3D('',#7927,#6319,#6320);
#5744=AXIS2_PLACEMENT_3D('',#7928,#6321,#6322);
#5745=AXIS2_PLACEMENT_3D('',#7929,#6323,#6324);
#5746=AXIS2_PLACEMENT_3D('',#7930,#6325,#6326);
#5747=AXIS2_PLACEMENT_3D('',#7933,#6327,#6328);
#5748=AXIS2_PLACEMENT_3D('',#7936,#6331,#6332);
#5749=AXIS2_PLACEMENT_3D('',#7939,#6333,#6334);
#5750=AXIS2_PLACEMENT_3D('',#7940,#6335,#6336);
#5751=AXIS2_PLACEMENT_3D('',#7941,#6337,#6338);
#5752=AXIS2_PLACEMENT_3D('',#7942,#6339,#6340);
#5753=AXIS2_PLACEMENT_3D('',#7945,#6341,#6342);
#5754=AXIS2_PLACEMENT_3D('',#7948,#6345,#6346);
#5755=AXIS2_PLACEMENT_3D('',#7954,#6350,#6351);
#5756=AXIS2_PLACEMENT_3D('',#7957,#6353,#6354);
#5757=AXIS2_PLACEMENT_3D('',#7958,#6355,#6356);
#5758=AXIS2_PLACEMENT_3D('',#7962,#6359,#6360);
#5759=AXIS2_PLACEMENT_3D('',#7965,#6362,#6363);
#5760=AXIS2_PLACEMENT_3D('',#7966,#6364,#6365);
#5761=AXIS2_PLACEMENT_3D('',#7970,#6368,#6369);
#5762=AXIS2_PLACEMENT_3D('',#7973,#6370,#6371);
#5763=AXIS2_PLACEMENT_3D('',#7977,#6373,#6374);
#5764=AXIS2_PLACEMENT_3D('',#7979,#6376,#6377);
#5765=AXIS2_PLACEMENT_3D('',#7982,#6378,#6379);
#5766=AXIS2_PLACEMENT_3D('',#7983,#6380,#6381);
#5767=AXIS2_PLACEMENT_3D('',#7984,#6382,#6383);
#5768=AXIS2_PLACEMENT_3D('',#7985,#6384,#6385);
#5769=AXIS2_PLACEMENT_3D('',#7988,#6386,#6387);
#5770=AXIS2_PLACEMENT_3D('',#7991,#6390,#6391);
#5771=AXIS2_PLACEMENT_3D('',#7994,#6392,#6393);
#5772=AXIS2_PLACEMENT_3D('',#7995,#6394,#6395);
#5773=AXIS2_PLACEMENT_3D('',#7996,#6396,#6397);
#5774=AXIS2_PLACEMENT_3D('',#7997,#6398,#6399);
#5775=AXIS2_PLACEMENT_3D('',#8000,#6400,#6401);
#5776=AXIS2_PLACEMENT_3D('',#8003,#6404,#6405);
#5777=AXIS2_PLACEMENT_3D('',#8009,#6409,#6410);
#5778=AXIS2_PLACEMENT_3D('',#8012,#6412,#6413);
#5779=AXIS2_PLACEMENT_3D('',#8013,#6414,#6415);
#5780=AXIS2_PLACEMENT_3D('',#8017,#6418,#6419);
#5781=AXIS2_PLACEMENT_3D('',#8020,#6421,#6422);
#5782=AXIS2_PLACEMENT_3D('',#8021,#6423,#6424);
#5783=AXIS2_PLACEMENT_3D('',#8025,#6427,#6428);
#5784=AXIS2_PLACEMENT_3D('',#8028,#6429,#6430);
#5785=AXIS2_PLACEMENT_3D('',#8032,#6432,#6433);
#5786=AXIS2_PLACEMENT_3D('',#8034,#6435,#6436);
#5787=AXIS2_PLACEMENT_3D('',#8037,#6437,#6438);
#5788=AXIS2_PLACEMENT_3D('',#8038,#6439,#6440);
#5789=AXIS2_PLACEMENT_3D('',#8039,#6441,#6442);
#5790=AXIS2_PLACEMENT_3D('',#8040,#6443,#6444);
#5791=AXIS2_PLACEMENT_3D('',#8043,#6445,#6446);
#5792=AXIS2_PLACEMENT_3D('',#8046,#6449,#6450);
#5793=AXIS2_PLACEMENT_3D('',#8049,#6451,#6452);
#5794=AXIS2_PLACEMENT_3D('',#8050,#6453,#6454);
#5795=AXIS2_PLACEMENT_3D('',#8051,#6455,#6456);
#5796=AXIS2_PLACEMENT_3D('',#8052,#6457,#6458);
#5797=AXIS2_PLACEMENT_3D('',#8055,#6459,#6460);
#5798=AXIS2_PLACEMENT_3D('',#8058,#6463,#6464);
#5799=AXIS2_PLACEMENT_3D('',#8064,#6468,#6469);
#5800=AXIS2_PLACEMENT_3D('',#8067,#6471,#6472);
#5801=AXIS2_PLACEMENT_3D('',#8068,#6473,#6474);
#5802=AXIS2_PLACEMENT_3D('',#8072,#6477,#6478);
#5803=AXIS2_PLACEMENT_3D('',#8075,#6480,#6481);
#5804=AXIS2_PLACEMENT_3D('',#8076,#6482,#6483);
#5805=AXIS2_PLACEMENT_3D('',#8080,#6486,#6487);
#5806=AXIS2_PLACEMENT_3D('',#8083,#6488,#6489);
#5807=AXIS2_PLACEMENT_3D('',#8087,#6491,#6492);
#5808=AXIS2_PLACEMENT_3D('',#8089,#6494,#6495);
#5809=AXIS2_PLACEMENT_3D('',#8092,#6496,#6497);
#5810=AXIS2_PLACEMENT_3D('',#8093,#6498,#6499);
#5811=AXIS2_PLACEMENT_3D('',#8094,#6500,#6501);
#5812=AXIS2_PLACEMENT_3D('',#8095,#6502,#6503);
#5813=AXIS2_PLACEMENT_3D('',#8098,#6504,#6505);
#5814=AXIS2_PLACEMENT_3D('',#8101,#6508,#6509);
#5815=AXIS2_PLACEMENT_3D('',#8104,#6510,#6511);
#5816=AXIS2_PLACEMENT_3D('',#8105,#6512,#6513);
#5817=AXIS2_PLACEMENT_3D('',#8106,#6514,#6515);
#5818=AXIS2_PLACEMENT_3D('',#8107,#6516,#6517);
#5819=AXIS2_PLACEMENT_3D('',#8110,#6518,#6519);
#5820=AXIS2_PLACEMENT_3D('',#8113,#6522,#6523);
#5821=AXIS2_PLACEMENT_3D('',#8115,#6525,#6526);
#5822=AXIS2_PLACEMENT_3D('',#8118,#6527,#6528);
#5823=AXIS2_PLACEMENT_3D('',#8122,#6530,#6531);
#5824=AXIS2_PLACEMENT_3D('',#8124,#6533,#6534);
#5825=AXIS2_PLACEMENT_3D('',#8127,#6535,#6536);
#5826=AXIS2_PLACEMENT_3D('',#8128,#6537,#6538);
#5827=AXIS2_PLACEMENT_3D('',#8129,#6539,#6540);
#5828=AXIS2_PLACEMENT_3D('',#8130,#6541,#6542);
#5829=AXIS2_PLACEMENT_3D('',#8133,#6543,#6544);
#5830=AXIS2_PLACEMENT_3D('',#8136,#6547,#6548);
#5831=AXIS2_PLACEMENT_3D('',#8139,#6549,#6550);
#5832=AXIS2_PLACEMENT_3D('',#8140,#6551,#6552);
#5833=AXIS2_PLACEMENT_3D('',#8141,#6553,#6554);
#5834=AXIS2_PLACEMENT_3D('',#8142,#6555,#6556);
#5835=AXIS2_PLACEMENT_3D('',#8145,#6557,#6558);
#5836=AXIS2_PLACEMENT_3D('',#8148,#6561,#6562);
#5837=AXIS2_PLACEMENT_3D('',#8154,#6566,#6567);
#5838=AXIS2_PLACEMENT_3D('',#8157,#6569,#6570);
#5839=AXIS2_PLACEMENT_3D('',#8158,#6571,#6572);
#5840=AXIS2_PLACEMENT_3D('',#8162,#6575,#6576);
#5841=AXIS2_PLACEMENT_3D('',#8165,#6578,#6579);
#5842=AXIS2_PLACEMENT_3D('',#8166,#6580,#6581);
#5843=AXIS2_PLACEMENT_3D('',#8170,#6584,#6585);
#5844=AXIS2_PLACEMENT_3D('',#8173,#6586,#6587);
#5845=AXIS2_PLACEMENT_3D('',#8177,#6589,#6590);
#5846=AXIS2_PLACEMENT_3D('',#8179,#6592,#6593);
#5847=AXIS2_PLACEMENT_3D('',#8191,#6599,#6600);
#5848=AXIS2_PLACEMENT_3D('',#8203,#6606,#6607);
#5849=AXIS2_PLACEMENT_3D('',#8215,#6613,#6614);
#5850=AXIS2_PLACEMENT_3D('',#8225,#6620,#6621);
#5851=AXIS2_PLACEMENT_3D('',#8229,#6624,#6625);
#5852=AXIS2_PLACEMENT_3D('',#8233,#6627,#6628);
#5853=AXIS2_PLACEMENT_3D('',#8235,#6630,#6631);
#5854=AXIS2_PLACEMENT_3D('',#8239,#6634,#6635);
#5855=AXIS2_PLACEMENT_3D('',#8249,#6641,#6642);
#5856=AXIS2_PLACEMENT_3D('',#8257,#6647,#6648);
#5857=AXIS2_PLACEMENT_3D('',#8259,#6650,#6651);
#5858=AXIS2_PLACEMENT_3D('',#8265,#6655,#6656);
#5859=AXIS2_PLACEMENT_3D('',#8273,#6661,#6662);
#5860=AXIS2_PLACEMENT_3D('',#8281,#6667,#6668);
#5861=AXIS2_PLACEMENT_3D('',#8289,#6673,#6674);
#5862=AXIS2_PLACEMENT_3D('',#8293,#6677,#6678);
#5863=AXIS2_PLACEMENT_3D('',#8301,#6683,#6684);
#5864=AXIS2_PLACEMENT_3D('',#8307,#6688,#6689);
#5865=AXIS2_PLACEMENT_3D('',#8319,#6696,#6697);
#5866=AXIS2_PLACEMENT_3D('',#8323,#6700,#6701);
#5867=AXIS2_PLACEMENT_3D('',#8325,#6703,#6704);
#5868=AXIS2_PLACEMENT_3D('',#8358,#6711,#6712);
#5869=AXIS2_PLACEMENT_3D('',#8362,#6715,#6716);
#5870=AXIS2_PLACEMENT_3D('',#8364,#6718,#6719);
#5871=AXIS2_PLACEMENT_3D('',#8368,#6722,#6723);
#5872=AXIS2_PLACEMENT_3D('',#8372,#6726,#6727);
#5873=AXIS2_PLACEMENT_3D('',#8374,#6729,#6730);
#5874=AXIS2_PLACEMENT_3D('',#8376,#6732,#6733);
#5875=AXIS2_PLACEMENT_3D('',#8378,#6735,#6736);
#5876=AXIS2_PLACEMENT_3D('',#8380,#6738,#6739);
#5877=AXIS2_PLACEMENT_3D('',#8382,#6741,#6742);
#5878=AXIS2_PLACEMENT_3D('',#8384,#6744,#6745);
#5879=AXIS2_PLACEMENT_3D('',#8388,#6747,#6748);
#5880=AXIS2_PLACEMENT_3D('',#8390,#6750,#6751);
#5881=AXIS2_PLACEMENT_3D('',#8394,#6754,#6755);
#5882=AXIS2_PLACEMENT_3D('',#8396,#6756,#6757);
#5883=AXIS2_PLACEMENT_3D('',#8398,#6759,#6760);
#5884=AXIS2_PLACEMENT_3D('',#8402,#6762,#6763);
#5885=AXIS2_PLACEMENT_3D('',#8404,#6765,#6766);
#5886=AXIS2_PLACEMENT_3D('',#8408,#6769,#6770);
#5887=AXIS2_PLACEMENT_3D('',#8410,#6771,#6772);
#5888=AXIS2_PLACEMENT_3D('',#8412,#6774,#6775);
#5889=AXIS2_PLACEMENT_3D('',#8416,#6777,#6778);
#5890=AXIS2_PLACEMENT_3D('',#8418,#6780,#6781);
#5891=AXIS2_PLACEMENT_3D('',#8422,#6783,#6784);
#5892=AXIS2_PLACEMENT_3D('',#8428,#6788,#6789);
#5893=AXIS2_PLACEMENT_3D('',#8430,#6791,#6792);
#5894=AXIS2_PLACEMENT_3D('',#8432,#6794,#6795);
#5895=AXIS2_PLACEMENT_3D('',#8436,#6797,#6798);
#5896=AXIS2_PLACEMENT_3D('',#8438,#6800,#6801);
#5897=AXIS2_PLACEMENT_3D('',#8442,#6803,#6804);
#5898=AXIS2_PLACEMENT_3D('',#8448,#6808,#6809);
#5899=AXIS2_PLACEMENT_3D('',#8450,#6811,#6812);
#5900=AXIS2_PLACEMENT_3D('',#8452,#6814,#6815);
#5901=AXIS2_PLACEMENT_3D('',#8454,#6817,#6818);
#5902=AXIS2_PLACEMENT_3D('',#8456,#6820,#6821);
#5903=AXIS2_PLACEMENT_3D('',#8460,#6824,#6825);
#5904=AXIS2_PLACEMENT_3D('',#8464,#6828,#6829);
#5905=AXIS2_PLACEMENT_3D('',#8466,#6831,#6832);
#5906=AXIS2_PLACEMENT_3D('',#8470,#6835,#6836);
#5907=AXIS2_PLACEMENT_3D('',#8474,#6839,#6840);
#5908=AXIS2_PLACEMENT_3D('',#8476,#6842,#6843);
#5909=AXIS2_PLACEMENT_3D('',#8478,#6845,#6846);
#5910=AXIS2_PLACEMENT_3D('',#8480,#6848,#6849);
#5911=AXIS2_PLACEMENT_3D('',#8482,#6851,#6852);
#5912=AXIS2_PLACEMENT_3D('',#8484,#6854,#6855);
#5913=AXIS2_PLACEMENT_3D('',#8485,#6856,#6857);
#5914=AXIS2_PLACEMENT_3D('',#8486,#6858,#6859);
#5915=AXIS2_PLACEMENT_3D('',#8487,#6860,#6861);
#5916=AXIS2_PLACEMENT_3D('',#8488,#6862,#6863);
#5917=AXIS2_PLACEMENT_3D('',#8489,#6864,#6865);
#5918=AXIS2_PLACEMENT_3D('',#8490,#6866,#6867);
#5919=AXIS2_PLACEMENT_3D('',#8491,#6868,#6869);
#5920=AXIS2_PLACEMENT_3D('',#8492,#6870,#6871);
#5921=AXIS2_PLACEMENT_3D('',#8493,#6872,#6873);
#5922=AXIS2_PLACEMENT_3D('',#8494,#6874,#6875);
#5923=AXIS2_PLACEMENT_3D('',#8495,#6876,#6877);
#5924=AXIS2_PLACEMENT_3D('',#8497,#6878,#6879);
#5925=AXIS2_PLACEMENT_3D('',#8499,#6880,#6881);
#5926=AXIS2_PLACEMENT_3D('',#8501,#6882,#6883);
#5927=AXIS2_PLACEMENT_3D('',#8502,#6884,#6885);
#5928=AXIS2_PLACEMENT_3D('',#8503,#6886,#6887);
#5929=AXIS2_PLACEMENT_3D('',#8506,#6889,#6890);
#5930=AXIS2_PLACEMENT_3D('',#8507,#6891,#6892);
#5931=AXIS2_PLACEMENT_3D('',#8508,#6893,#6894);
#5932=AXIS2_PLACEMENT_3D('',#8517,#6899,#6900);
#5933=AXIS2_PLACEMENT_3D('',#8523,#6904,#6905);
#5934=AXIS2_PLACEMENT_3D('',#8529,#6909,#6910);
#5935=AXIS2_PLACEMENT_3D('',#8535,#6914,#6915);
#5936=AXIS2_PLACEMENT_3D('',#8541,#6919,#6920);
#5937=AXIS2_PLACEMENT_3D('',#8547,#6924,#6925);
#5938=AXIS2_PLACEMENT_3D('',#8553,#6929,#6930);
#5939=AXIS2_PLACEMENT_3D('',#8559,#6934,#6935);
#5940=AXIS2_PLACEMENT_3D('',#8565,#6939,#6940);
#5941=AXIS2_PLACEMENT_3D('',#8571,#6944,#6945);
#5942=AXIS2_PLACEMENT_3D('',#8577,#6949,#6950);
#5943=AXIS2_PLACEMENT_3D('',#8583,#6954,#6955);
#5944=AXIS2_PLACEMENT_3D('',#8589,#6959,#6960);
#5945=AXIS2_PLACEMENT_3D('',#8595,#6964,#6965);
#5946=AXIS2_PLACEMENT_3D('',#8601,#6969,#6970);
#5947=AXIS2_PLACEMENT_3D('',#8607,#6974,#6975);
#5948=AXIS2_PLACEMENT_3D('',#8613,#6979,#6980);
#5949=AXIS2_PLACEMENT_3D('',#8619,#6984,#6985);
#5950=AXIS2_PLACEMENT_3D('',#8625,#6989,#6990);
#5951=AXIS2_PLACEMENT_3D('',#8631,#6994,#6995);
#5952=AXIS2_PLACEMENT_3D('',#8637,#6999,#7000);
#5953=AXIS2_PLACEMENT_3D('',#8643,#7004,#7005);
#5954=AXIS2_PLACEMENT_3D('',#8649,#7009,#7010);
#5955=AXIS2_PLACEMENT_3D('',#8655,#7014,#7015);
#5956=AXIS2_PLACEMENT_3D('',#8661,#7019,#7020);
#5957=AXIS2_PLACEMENT_3D('',#8667,#7024,#7025);
#5958=AXIS2_PLACEMENT_3D('',#8673,#7029,#7030);
#5959=AXIS2_PLACEMENT_3D('',#8676,#7033,#7034);
#5960=AXIS2_PLACEMENT_3D('',#8677,#7035,#7036);
#5961=AXIS2_PLACEMENT_3D('',#8678,#7037,#7038);
#5962=AXIS2_PLACEMENT_3D('',#8679,#7039,#7040);
#5963=AXIS2_PLACEMENT_3D('',#8680,#7041,#7042);
#5964=AXIS2_PLACEMENT_3D('',#8684,#7045,#7046);
#5965=AXIS2_PLACEMENT_3D('',#8685,#7047,#7048);
#5966=AXIS2_PLACEMENT_3D('',#8686,#7049,#7050);
#5967=AXIS2_PLACEMENT_3D('',#8693,#7053,#7054);
#5968=AXIS2_PLACEMENT_3D('',#8695,#7056,#7057);
#5969=AXIS2_PLACEMENT_3D('',#8701,#7061,#7062);
#5970=AXIS2_PLACEMENT_3D('',#8703,#7063,#7064);
#5971=AXIS2_PLACEMENT_3D('',#8705,#7066,#7067);
#5972=AXIS2_PLACEMENT_3D('',#8709,#7070,#7071);
#5973=AXIS2_PLACEMENT_3D('',#8711,#7073,#7074);
#5974=AXIS2_PLACEMENT_3D('',#8712,#7075,#7076);
#5975=AXIS2_PLACEMENT_3D('',#8715,#7077,#7078);
#5976=AXIS2_PLACEMENT_3D('',#8719,#7080,#7081);
#5977=AXIS2_PLACEMENT_3D('',#8721,#7083,#7084);
#5978=AXIS2_PLACEMENT_3D('',#8725,#7086,#7087);
#5979=AXIS2_PLACEMENT_3D('',#8731,#7091,#7092);
#5980=AXIS2_PLACEMENT_3D('',#8735,#7095,#7096);
#5981=AXIS2_PLACEMENT_3D('',#8737,#7097,#7098);
#5982=AXIS2_PLACEMENT_3D('',#8739,#7100,#7101);
#5983=AXIS2_PLACEMENT_3D('',#8745,#7105,#7106);
#5984=AXIS2_PLACEMENT_3D('',#8748,#7109,#7110);
#5985=AXIS2_PLACEMENT_3D('',#8749,#7111,#7112);
#5986=AXIS2_PLACEMENT_3D('',#8750,#7113,#7114);
#5987=AXIS2_PLACEMENT_3D('',#8753,#7115,#7116);
#5988=AXIS2_PLACEMENT_3D('',#8757,#7118,#7119);
#5989=AXIS2_PLACEMENT_3D('',#8759,#7121,#7122);
#5990=AXIS2_PLACEMENT_3D('',#8765,#7126,#7127);
#5991=AXIS2_PLACEMENT_3D('',#8772,#7131,#7132);
#5992=AXIS2_PLACEMENT_3D('',#8773,#7133,#7134);
#5993=AXIS2_PLACEMENT_3D('',#8775,#7135,#7136);
#5994=AXIS2_PLACEMENT_3D('',#8777,#7138,#7139);
#5995=AXIS2_PLACEMENT_3D('',#8783,#7143,#7144);
#5996=AXIS2_PLACEMENT_3D('',#8785,#7146,#7147);
#5997=AXIS2_PLACEMENT_3D('',#8787,#7149,#7150);
#5998=AXIS2_PLACEMENT_3D('',#8788,#7151,#7152);
#5999=AXIS2_PLACEMENT_3D('',#8791,#7153,#7154);
#6000=AXIS2_PLACEMENT_3D('',#8795,#7156,#7157);
#6001=AXIS2_PLACEMENT_3D('',#8797,#7159,#7160);
#6002=AXIS2_PLACEMENT_3D('',#8801,#7162,#7163);
#6003=AXIS2_PLACEMENT_3D('',#8807,#7167,#7168);
#6004=AXIS2_PLACEMENT_3D('',#8811,#7171,#7172);
#6005=AXIS2_PLACEMENT_3D('',#8813,#7173,#7174);
#6006=AXIS2_PLACEMENT_3D('',#8815,#7176,#7177);
#6007=AXIS2_PLACEMENT_3D('',#8821,#7181,#7182);
#6008=AXIS2_PLACEMENT_3D('',#8824,#7185,#7186);
#6009=AXIS2_PLACEMENT_3D('',#8825,#7187,#7188);
#6010=AXIS2_PLACEMENT_3D('',#8826,#7189,#7190);
#6011=AXIS2_PLACEMENT_3D('',#8829,#7191,#7192);
#6012=AXIS2_PLACEMENT_3D('',#8833,#7194,#7195);
#6013=AXIS2_PLACEMENT_3D('',#8835,#7197,#7198);
#6014=AXIS2_PLACEMENT_3D('',#8839,#7200,#7201);
#6015=AXIS2_PLACEMENT_3D('',#8845,#7205,#7206);
#6016=AXIS2_PLACEMENT_3D('',#8849,#7209,#7210);
#6017=AXIS2_PLACEMENT_3D('',#8851,#7211,#7212);
#6018=AXIS2_PLACEMENT_3D('',#8853,#7214,#7215);
#6019=AXIS2_PLACEMENT_3D('',#8859,#7219,#7220);
#6020=AXIS2_PLACEMENT_3D('',#8861,#7222,#7223);
#6021=AXIS2_PLACEMENT_3D('',#8863,#7225,#7226);
#6022=AXIS2_PLACEMENT_3D('',#8864,#7227,#7228);
#6023=AXIS2_PLACEMENT_3D('',#8867,#7229,#7230);
#6024=AXIS2_PLACEMENT_3D('',#8871,#7232,#7233);
#6025=AXIS2_PLACEMENT_3D('',#8873,#7235,#7236);
#6026=AXIS2_PLACEMENT_3D('',#8877,#7238,#7239);
#6027=AXIS2_PLACEMENT_3D('',#8883,#7243,#7244);
#6028=AXIS2_PLACEMENT_3D('',#8887,#7247,#7248);
#6029=AXIS2_PLACEMENT_3D('',#8889,#7249,#7250);
#6030=AXIS2_PLACEMENT_3D('',#8891,#7252,#7253);
#6031=AXIS2_PLACEMENT_3D('',#8897,#7257,#7258);
#6032=AXIS2_PLACEMENT_3D('',#8900,#7261,#7262);
#6033=AXIS2_PLACEMENT_3D('',#8901,#7263,#7264);
#6034=AXIS2_PLACEMENT_3D('',#8902,#7265,#7266);
#6035=AXIS2_PLACEMENT_3D('',#8905,#7267,#7268);
#6036=AXIS2_PLACEMENT_3D('',#8909,#7270,#7271);
#6037=AXIS2_PLACEMENT_3D('',#8911,#7273,#7274);
#6038=AXIS2_PLACEMENT_3D('',#8915,#7276,#7277);
#6039=AXIS2_PLACEMENT_3D('',#8921,#7281,#7282);
#6040=AXIS2_PLACEMENT_3D('',#8925,#7285,#7286);
#6041=AXIS2_PLACEMENT_3D('',#8927,#7287,#7288);
#6042=AXIS2_PLACEMENT_3D('',#8929,#7290,#7291);
#6043=AXIS2_PLACEMENT_3D('',#8935,#7295,#7296);
#6044=AXIS2_PLACEMENT_3D('',#8938,#7299,#7300);
#6045=AXIS2_PLACEMENT_3D('',#8939,#7301,#7302);
#6046=AXIS2_PLACEMENT_3D('',#8940,#7303,#7304);
#6047=AXIS2_PLACEMENT_3D('',#8943,#7305,#7306);
#6048=AXIS2_PLACEMENT_3D('',#8947,#7308,#7309);
#6049=AXIS2_PLACEMENT_3D('',#8949,#7311,#7312);
#6050=AXIS2_PLACEMENT_3D('',#8955,#7316,#7317);
#6051=AXIS2_PLACEMENT_3D('',#8970,#7325,#7326);
#6052=AXIS2_PLACEMENT_3D('',#8987,#7335,#7336);
#6053=AXIS2_PLACEMENT_3D('',#8989,#7337,#7338);
#6054=AXIS2_PLACEMENT_3D('',#8991,#7340,#7341);
#6055=AXIS2_PLACEMENT_3D('',#8995,#7344,#7345);
#6056=AXIS2_PLACEMENT_3D('',#8999,#7348,#7349);
#6057=AXIS2_PLACEMENT_3D('',#9003,#7352,#7353);
#6058=AXIS2_PLACEMENT_3D('',#9007,#7356,#7357);
#6059=AXIS2_PLACEMENT_3D('',#9012,#7359,#7360);
#6060=AXIS2_PLACEMENT_3D('',#9015,#7362,#7363);
#6061=AXIS2_PLACEMENT_3D('',#9016,#7364,#7365);
#6062=AXIS2_PLACEMENT_3D('',#9024,#7370,#7371);
#6063=AXIS2_PLACEMENT_3D('',#9030,#7375,#7376);
#6064=AXIS2_PLACEMENT_3D('',#9034,#7379,#7380);
#6065=AXIS2_PLACEMENT_3D('',#9035,#7381,#7382);
#6066=AXIS2_PLACEMENT_3D('',#9037,#7383,#7384);
#6067=AXIS2_PLACEMENT_3D('',#9039,#7386,#7387);
#6068=AXIS2_PLACEMENT_3D('',#9043,#7390,#7391);
#6069=AXIS2_PLACEMENT_3D('',#9045,#7393,#7394);
#6070=AXIS2_PLACEMENT_3D('',#9047,#7396,#7397);
#6071=AXIS2_PLACEMENT_3D('',#9048,#7398,#7399);
#6072=AXIS2_PLACEMENT_3D('',#9054,#7403,#7404);
#6073=AXIS2_PLACEMENT_3D('',#9060,#7408,#7409);
#6074=AXIS2_PLACEMENT_3D('',#9078,#7419,#7420);
#6075=AXIS2_PLACEMENT_3D('',#9082,#7423,#7424);
#6076=AXIS2_PLACEMENT_3D('',#9086,#7427,#7428);
#6077=AXIS2_PLACEMENT_3D('',#9100,#7436,#7437);
#6078=AXIS2_PLACEMENT_3D('',#9103,#7440,#7441);
#6079=AXIS2_PLACEMENT_3D('',#9104,#7442,#7443);
#6080=AXIS2_PLACEMENT_3D('',#9105,#7444,#7445);
#6081=AXIS2_PLACEMENT_3D('',#9110,#7447,#7448);
#6082=AXIS2_PLACEMENT_3D('',#9113,#7450,#7451);
#6083=AXIS2_PLACEMENT_3D('',#9114,#7452,#7453);
#6084=AXIS2_PLACEMENT_3D('',#9122,#7458,#7459);
#6085=AXIS2_PLACEMENT_3D('',#9128,#7463,#7464);
#6086=AXIS2_PLACEMENT_3D('',#9131,#7466,#7467);
#6087=AXIS2_PLACEMENT_3D('',#9133,#7469,#7470);
#6088=AXIS2_PLACEMENT_3D('',#9136,#7472,#7473);
#6089=AXIS2_PLACEMENT_3D('',#9137,#7474,#7475);
#6090=AXIS2_PLACEMENT_3D('',#9141,#7478,#7479);
#6091=AXIS2_PLACEMENT_3D('',#9143,#7481,#7482);
#6092=AXIS2_PLACEMENT_3D('',#9145,#7484,#7485);
#6093=AXIS2_PLACEMENT_3D('',#9146,#7486,#7487);
#6094=AXIS2_PLACEMENT_3D('',#9152,#7491,#7492);
#6095=AXIS2_PLACEMENT_3D('',#9158,#7496,#7497);
#6096=AXIS2_PLACEMENT_3D('',#9176,#7507,#7508);
#6097=AXIS2_PLACEMENT_3D('',#9180,#7511,#7512);
#6098=AXIS2_PLACEMENT_3D('',#9184,#7515,#7516);
#6099=AXIS2_PLACEMENT_3D('',#9198,#7524,#7525);
#6100=AXIS2_PLACEMENT_3D('',#9201,#7528,#7529);
#6101=AXIS2_PLACEMENT_3D('',#9202,#7530,#7531);
#6102=AXIS2_PLACEMENT_3D('',#9203,#7532,#7533);
#6103=AXIS2_PLACEMENT_3D('',#9207,#7535,#7536);
#6104=AXIS2_PLACEMENT_3D('',#9208,#7537,#7538);
#6105=AXIS2_PLACEMENT_3D('',#9209,#7539,#7540);
#6106=AXIS2_PLACEMENT_3D('',#9217,#7545,#7546);
#6107=AXIS2_PLACEMENT_3D('',#9223,#7550,#7551);
#6108=AXIS2_PLACEMENT_3D('',#9227,#7554,#7555);
#6109=AXIS2_PLACEMENT_3D('',#9228,#7556,#7557);
#6110=AXIS2_PLACEMENT_3D('',#9230,#7558,#7559);
#6111=AXIS2_PLACEMENT_3D('',#9232,#7561,#7562);
#6112=AXIS2_PLACEMENT_3D('',#9236,#7565,#7566);
#6113=AXIS2_PLACEMENT_3D('',#9238,#7568,#7569);
#6114=AXIS2_PLACEMENT_3D('',#9240,#7571,#7572);
#6115=AXIS2_PLACEMENT_3D('',#9241,#7573,#7574);
#6116=AXIS2_PLACEMENT_3D('',#9245,#7577,#7578);
#6117=AXIS2_PLACEMENT_3D('',#9249,#7581,#7582);
#6118=AXIS2_PLACEMENT_3D('',#9264,#7591,#7592);
#6119=AXIS2_PLACEMENT_3D('',#9266,#7594,#7595);
#6120=AXIS2_PLACEMENT_3D('',#9268,#7597,#7598);
#6121=AXIS2_PLACEMENT_3D('',#9270,#7600,#7601);
#6122=AXIS2_PLACEMENT_3D('',#9272,#7603,#7604);
#6123=AXIS2_PLACEMENT_3D('',#9273,#7605,#7606);
#6124=AXIS2_PLACEMENT_3D('',#9278,#7608,#7609);
#6125=AXIS2_PLACEMENT_3D('',#9281,#7611,#7612);
#6126=AXIS2_PLACEMENT_3D('',#9282,#7613,#7614);
#6127=AXIS2_PLACEMENT_3D('',#9290,#7619,#7620);
#6128=AXIS2_PLACEMENT_3D('',#9296,#7624,#7625);
#6129=AXIS2_PLACEMENT_3D('',#9299,#7627,#7628);
#6130=AXIS2_PLACEMENT_3D('',#9301,#7630,#7631);
#6131=AXIS2_PLACEMENT_3D('',#9304,#7633,#7634);
#6132=AXIS2_PLACEMENT_3D('',#9305,#7635,#7636);
#6133=AXIS2_PLACEMENT_3D('',#9309,#7639,#7640);
#6134=AXIS2_PLACEMENT_3D('',#9311,#7642,#7643);
#6135=AXIS2_PLACEMENT_3D('',#9313,#7645,#7646);
#6136=AXIS2_PLACEMENT_3D('',#9314,#7647,#7648);
#6137=AXIS2_PLACEMENT_3D('',#9320,#7652,#7653);
#6138=AXIS2_PLACEMENT_3D('',#9326,#7657,#7658);
#6139=AXIS2_PLACEMENT_3D('',#9344,#7668,#7669);
#6140=AXIS2_PLACEMENT_3D('',#9348,#7672,#7673);
#6141=AXIS2_PLACEMENT_3D('',#9352,#7676,#7677);
#6142=AXIS2_PLACEMENT_3D('',#9366,#7685,#7686);
#6143=AXIS2_PLACEMENT_3D('',#9368,#7688,#7689);
#6144=AXIS2_PLACEMENT_3D('',#9370,#7691,#7692);
#6145=AXIS2_PLACEMENT_3D('',#9371,#7693,#7694);
#6146=AXIS2_PLACEMENT_3D('',#9375,#7696,#7697);
#6147=AXIS2_PLACEMENT_3D('',#9376,#7698,#7699);
#6148=AXIS2_PLACEMENT_3D('',#9377,#7700,#7701);
#6149=AXIS2_PLACEMENT_3D('',#9385,#7706,#7707);
#6150=AXIS2_PLACEMENT_3D('',#9391,#7711,#7712);
#6151=AXIS2_PLACEMENT_3D('',#9393,#7714,#7715);
#6152=AXIS2_PLACEMENT_3D('',#9395,#7717,#7718);
#6153=AXIS2_PLACEMENT_3D('',#9397,#7720,#7721);
#6154=AXIS2_PLACEMENT_3D('',#9398,#7722,#7723);
#6155=AXIS2_PLACEMENT_3D('',#9402,#7726,#7727);
#6156=AXIS2_PLACEMENT_3D('',#9404,#7729,#7730);
#6157=AXIS2_PLACEMENT_3D('',#9405,#7731,#7732);
#6158=AXIS2_PLACEMENT_3D('',#9406,#7733,#7734);
#6159=AXIS2_PLACEMENT_3D('',#9407,#7735,#7736);
#6160=AXIS2_PLACEMENT_3D('',#9408,#7737,#7738);
#6161=AXIS2_PLACEMENT_3D('',#9409,#7739,#7740);
#6162=AXIS2_PLACEMENT_3D('',#9411,#7742,#7743);
#6163=AXIS2_PLACEMENT_3D('',#9413,#7745,#7746);
#6164=AXIS2_PLACEMENT_3D('',#9415,#7748,#7749);
#6165=AXIS2_PLACEMENT_3D('',#9416,#7750,#7751);
#6166=AXIS2_PLACEMENT_3D('',#9418,#7753,#7754);
#6167=AXIS2_PLACEMENT_3D('',#9419,#7755,#7756);
#6168=AXIS2_PLACEMENT_3D('',#9420,#7757,#7758);
#6169=AXIS2_PLACEMENT_3D('',#9421,#7759,#7760);
#6170=AXIS2_PLACEMENT_3D('',#9422,#7761,#7762);
#6171=AXIS2_PLACEMENT_3D('',#9423,#7763,#7764);
#6172=AXIS2_PLACEMENT_3D('',#9425,#7766,#7767);
#6173=AXIS2_PLACEMENT_3D('',#9427,#7769,#7770);
#6174=AXIS2_PLACEMENT_3D('',#9429,#7772,#7773);
#6175=AXIS2_PLACEMENT_3D('',#9431,#7775,#7776);
#6176=AXIS2_PLACEMENT_3D('',#9432,#7777,#7778);
#6177=AXIS2_PLACEMENT_3D('',#9433,#7779,#7780);
#6178=AXIS2_PLACEMENT_3D('',#9434,#7781,#7782);
#6179=AXIS2_PLACEMENT_3D('',#9435,#7783,#7784);
#6180=AXIS2_PLACEMENT_3D('',#9436,#7785,#7786);
#6181=AXIS2_PLACEMENT_3D('',#9437,#7787,#7788);
#6182=AXIS2_PLACEMENT_3D('',#9439,#7790,#7791);
#6183=AXIS2_PLACEMENT_3D('',#9441,#7793,#7794);
#6184=AXIS2_PLACEMENT_3D('',#9443,#7796,#7797);
#6185=AXIS2_PLACEMENT_3D('',#9445,#7799,#7800);
#6186=AXIS2_PLACEMENT_3D('',#9446,#7801,#7802);
#6187=AXIS2_PLACEMENT_3D('',#9447,#7803,#7804);
#6188=AXIS2_PLACEMENT_3D('',#9448,#7805,#7806);
#6189=AXIS2_PLACEMENT_3D('',#9449,#7807,#7808);
#6190=DIRECTION('axis',(0.,0.,1.));
#6191=DIRECTION('refdir',(1.,0.,0.));
#6192=DIRECTION('center_axis',(-2.54426109809932E-15,2.22044604925031E-16,
-1.));
#6193=DIRECTION('ref_axis',(-0.707106781186549,0.707106781186546,1.95607352144354E-15));
#6194=DIRECTION('center_axis',(2.54426109809932E-15,-2.22044604925031E-16,
1.));
#6195=DIRECTION('ref_axis',(-2.54426109809932E-15,1.,2.22044604925038E-16));
#6196=DIRECTION('',(2.54426109809932E-15,-2.22044604925031E-16,1.));
#6197=DIRECTION('center_axis',(2.54426109809932E-15,-2.22044604925031E-16,
1.));
#6198=DIRECTION('ref_axis',(-0.707106781186549,0.707106781186546,1.95607352144354E-15));
#6199=DIRECTION('',(-2.54426109809932E-15,2.22044604925031E-16,-1.));
#6200=DIRECTION('center_axis',(2.54426109809932E-15,-1.,-2.22044604925038E-16));
#6201=DIRECTION('ref_axis',(-1.,-2.96059473233375E-15,0.));
#6202=DIRECTION('center_axis',(-1.,-2.54426109809932E-15,2.54426109809932E-15));
#6203=DIRECTION('ref_axis',(-2.54426109809932E-15,1.,2.22044604925038E-16));
#6204=DIRECTION('center_axis',(-2.54426109809932E-15,1.,2.22044604925038E-16));
#6205=DIRECTION('ref_axis',(-0.70710678118655,-1.64205502970678E-15,-0.707106781186545));
#6206=DIRECTION('center_axis',(2.54426109809932E-15,-1.,-2.22044604925038E-16));
#6207=DIRECTION('ref_axis',(-0.70710678118655,-1.64205502970678E-15,-0.707106781186545));
#6208=DIRECTION('center_axis',(1.,2.54426109809932E-15,-2.54426109809932E-15));
#6209=DIRECTION('ref_axis',(-3.59812855115032E-15,0.707106781186548,-0.707106781186547));
#6210=DIRECTION('center_axis',(-1.,-2.54426109809932E-15,2.54426109809932E-15));
#6211=DIRECTION('ref_axis',(-2.54426109809932E-15,1.,2.22044604925038E-16));
#6212=DIRECTION('',(-1.,-2.54426109809932E-15,2.54426109809932E-15));
#6213=DIRECTION('',(1.,2.54426109809932E-15,-2.54426109809932E-15));
#6214=DIRECTION('center_axis',(2.54426109809932E-15,-1.,-2.22044604925038E-16));
#6215=DIRECTION('ref_axis',(-1.,-2.96059473233375E-15,0.));
#6216=DIRECTION('center_axis',(-2.54426109809932E-15,2.22044604925031E-16,
-1.));
#6217=DIRECTION('ref_axis',(-2.54426109809932E-15,1.,2.22044604925038E-16));
#6218=DIRECTION('center_axis',(-2.54426109809932E-15,1.,2.22044604925038E-16));
#6219=DIRECTION('ref_axis',(0.707106781186546,1.95607352144354E-15,-0.707106781186549));
#6220=DIRECTION('center_axis',(2.54426109809932E-15,-1.,-2.22044604925038E-16));
#6221=DIRECTION('ref_axis',(0.707106781186546,1.95607352144354E-15,-0.707106781186549));
#6222=DIRECTION('center_axis',(-2.54426109809932E-15,2.22044604925031E-16,
-1.));
#6223=DIRECTION('ref_axis',(0.707106781186546,0.707106781186549,-1.64205502970678E-15));
#6224=DIRECTION('center_axis',(2.54426109809932E-15,-2.22044604925031E-16,
1.));
#6225=DIRECTION('ref_axis',(0.707106781186546,0.707106781186549,-1.64205502970678E-15));
#6226=DIRECTION('',(-2.54426109809932E-15,2.22044604925031E-16,-1.));
#6227=DIRECTION('',(2.54426109809932E-15,-2.22044604925031E-16,1.));
#6228=DIRECTION('center_axis',(-2.54426109809932E-15,1.,2.22044604925038E-16));
#6229=DIRECTION('ref_axis',(1.,2.54426109809932E-15,-2.54426109809932E-15));
#6230=DIRECTION('',(-1.,-2.54426109809932E-15,2.54426109809932E-15));
#6231=DIRECTION('center_axis',(-2.54426109809932E-15,2.22044604925031E-16,
-1.));
#6232=DIRECTION('ref_axis',(0.707106781186546,0.707106781186549,-1.64205502970678E-15));
#6233=DIRECTION('center_axis',(2.54426109809932E-15,-2.22044604925031E-16,
1.));
#6234=DIRECTION('ref_axis',(1.,2.54426109809932E-15,-2.54426109809932E-15));
#6235=DIRECTION('',(2.54426109809932E-15,-2.22044604925031E-16,1.));
#6236=DIRECTION('center_axis',(2.54426109809932E-15,-2.22044604925031E-16,
1.));
#6237=DIRECTION('ref_axis',(0.707106781186546,0.707106781186549,-1.64205502970678E-15));
#6238=DIRECTION('',(-2.54426109809932E-15,2.22044604925031E-16,-1.));
#6239=DIRECTION('center_axis',(-1.,-2.54426109809932E-15,2.54426109809932E-15));
#6240=DIRECTION('ref_axis',(-2.96059473233375E-15,1.,0.));
#6241=DIRECTION('center_axis',(-2.54426109809932E-15,1.,2.22044604925038E-16));
#6242=DIRECTION('ref_axis',(1.,2.54426109809932E-15,-2.54426109809932E-15));
#6243=DIRECTION('center_axis',(1.,2.54426109809932E-15,-2.54426109809932E-15));
#6244=DIRECTION('ref_axis',(-3.59812855115032E-15,0.707106781186548,-0.707106781186547));
#6245=DIRECTION('center_axis',(-1.,-2.54426109809932E-15,2.54426109809932E-15));
#6246=DIRECTION('ref_axis',(-3.59812855115032E-15,0.707106781186548,-0.707106781186547));
#6247=DIRECTION('center_axis',(2.54426109809932E-15,-1.,-2.22044604925038E-16));
#6248=DIRECTION('ref_axis',(0.707106781186546,1.95607352144354E-15,-0.707106781186549));
#6249=DIRECTION('center_axis',(-2.54426109809932E-15,1.,2.22044604925038E-16));
#6250=DIRECTION('ref_axis',(1.,2.54426109809932E-15,-2.54426109809932E-15));
#6251=DIRECTION('',(-2.54426109809932E-15,1.,2.22044604925038E-16));
#6252=DIRECTION('',(2.54426109809932E-15,-1.,-2.22044604925038E-16));
#6253=DIRECTION('center_axis',(-1.,-2.54426109809932E-15,2.54426109809932E-15));
#6254=DIRECTION('ref_axis',(-2.96059473233375E-15,1.,0.));
#6255=DIRECTION('center_axis',(-2.54426109809932E-15,2.22044604925031E-16,
-1.));
#6256=DIRECTION('ref_axis',(1.,2.54426109809932E-15,-2.54426109809932E-15));
#6257=DIRECTION('center_axis',(1.,2.54426109809932E-15,-2.54426109809932E-15));
#6258=DIRECTION('ref_axis',(2.25975780141436E-30,-0.707106781186548,-0.707106781186547));
#6259=DIRECTION('center_axis',(-1.,-2.54426109809932E-15,2.54426109809932E-15));
#6260=DIRECTION('ref_axis',(2.1570415377137E-30,-0.707106781186548,-0.707106781186547));
#6261=DIRECTION('center_axis',(-2.54426109809932E-15,2.22044604925031E-16,
-1.));
#6262=DIRECTION('ref_axis',(0.707106781186549,-0.707106781186546,-1.95607352144354E-15));
#6263=DIRECTION('center_axis',(2.54426109809932E-15,-2.22044604925031E-16,
1.));
#6264=DIRECTION('ref_axis',(0.707106781186549,-0.707106781186546,-1.95607352144354E-15));
#6265=DIRECTION('',(-2.54426109809932E-15,2.22044604925031E-16,-1.));
#6266=DIRECTION('',(2.54426109809932E-15,-2.22044604925031E-16,1.));
#6267=DIRECTION('center_axis',(1.,2.54426109809932E-15,-2.54426109809932E-15));
#6268=DIRECTION('ref_axis',(2.54426109809932E-15,-1.,-2.22044604925038E-16));
#6269=DIRECTION('',(-2.54426109809932E-15,1.,2.22044604925038E-16));
#6270=DIRECTION('center_axis',(-2.54426109809932E-15,2.22044604925031E-16,
-1.));
#6271=DIRECTION('ref_axis',(0.707106781186546,0.707106781186549,-1.64205502970678E-15));
#6272=DIRECTION('center_axis',(2.54426109809932E-15,-2.22044604925031E-16,
1.));
#6273=DIRECTION('ref_axis',(1.,2.54426109809932E-15,-2.54426109809932E-15));
#6274=DIRECTION('',(2.54426109809932E-15,-2.22044604925031E-16,1.));
#6275=DIRECTION('center_axis',(2.54426109809932E-15,-2.22044604925031E-16,
1.));
#6276=DIRECTION('ref_axis',(0.707106781186546,0.707106781186549,-1.64205502970678E-15));
#6277=DIRECTION('',(-2.54426109809932E-15,2.22044604925031E-16,-1.));
#6278=DIRECTION('center_axis',(-1.,-2.54426109809932E-15,2.54426109809932E-15));
#6279=DIRECTION('ref_axis',(-2.96059473233375E-15,1.,0.));
#6280=DIRECTION('center_axis',(-2.54426109809932E-15,1.,-2.55351295663787E-15));
#6281=DIRECTION('ref_axis',(1.,2.54426109809932E-15,-2.54426109809932E-15));
#6282=DIRECTION('center_axis',(1.,2.54426109809932E-15,-2.54426109809932E-15));
#6283=DIRECTION('ref_axis',(-3.59812855115032E-15,0.707106781186547,-0.707106781186548));
#6284=DIRECTION('center_axis',(-1.,-2.54426109809932E-15,2.54426109809932E-15));
#6285=DIRECTION('ref_axis',(-3.59812855115032E-15,0.707106781186547,-0.707106781186548));
#6286=DIRECTION('center_axis',(2.54426109809932E-15,-1.,-2.22044604925038E-16));
#6287=DIRECTION('ref_axis',(0.707106781186546,1.95607352144354E-15,-0.707106781186549));
#6288=DIRECTION('center_axis',(-2.54426109809932E-15,1.,2.22044604925038E-16));
#6289=DIRECTION('ref_axis',(1.,2.54426109809932E-15,-2.54426109809932E-15));
#6290=DIRECTION('',(-2.54426109809932E-15,1.,2.22044604925038E-16));
#6291=DIRECTION('',(2.54426109809932E-15,-1.,-2.22044604925038E-16));
#6292=DIRECTION('center_axis',(-1.,-2.54426109809932E-15,2.54426109809932E-15));
#6293=DIRECTION('ref_axis',(-2.96059473233375E-15,1.,0.));
#6294=DIRECTION('center_axis',(-2.54426109809932E-15,2.22044604925031E-16,
-1.));
#6295=DIRECTION('ref_axis',(1.,2.54426109809932E-15,-2.54426109809932E-15));
#6296=DIRECTION('center_axis',(1.,2.54426109809932E-15,-2.54426109809932E-15));
#6297=DIRECTION('ref_axis',(-4.1086505480261E-31,-0.707106781186547,-0.707106781186548));
#6298=DIRECTION('center_axis',(-1.,-2.54426109809932E-15,2.54426109809932E-15));
#6299=DIRECTION('ref_axis',(-3.08148791101958E-31,-0.707106781186547,-0.707106781186548));
#6300=DIRECTION('center_axis',(-2.54426109809932E-15,2.22044604925031E-16,
-1.));
#6301=DIRECTION('ref_axis',(0.707106781186549,-0.707106781186546,-1.95607352144354E-15));
#6302=DIRECTION('center_axis',(2.54426109809932E-15,-2.22044604925031E-16,
1.));
#6303=DIRECTION('ref_axis',(0.707106781186549,-0.707106781186546,-1.95607352144354E-15));
#6304=DIRECTION('',(-2.54426109809932E-15,2.22044604925031E-16,-1.));
#6305=DIRECTION('',(2.54426109809932E-15,-2.22044604925031E-16,1.));
#6306=DIRECTION('center_axis',(1.,2.54426109809932E-15,-2.54426109809932E-15));
#6307=DIRECTION('ref_axis',(2.54426109809932E-15,-1.,-2.22044604925038E-16));
#6308=DIRECTION('',(-2.54426109809932E-15,1.,2.22044604925038E-16));
#6309=DIRECTION('center_axis',(-2.54426109809932E-15,2.22044604925031E-16,
-1.));
#6310=DIRECTION('ref_axis',(-0.707106781186538,-0.707106781186557,1.64205502970676E-15));
#6311=DIRECTION('center_axis',(2.54426109809932E-15,-2.22044604925031E-16,
1.));
#6312=DIRECTION('ref_axis',(-1.,-2.54426109809932E-15,2.54426109809932E-15));
#6313=DIRECTION('',(2.54426109809932E-15,-2.22044604925031E-16,1.));
#6314=DIRECTION('center_axis',(2.54426109809932E-15,-2.22044604925031E-16,
1.));
#6315=DIRECTION('ref_axis',(-0.707106781186538,-0.707106781186557,1.64205502970676E-15));
#6316=DIRECTION('',(-2.54426109809932E-15,2.22044604925031E-16,-1.));
#6317=DIRECTION('center_axis',(-2.54426109809932E-15,1.,2.22044604925038E-16));
#6318=DIRECTION('ref_axis',(1.,2.96059473233375E-15,0.));
#6319=DIRECTION('center_axis',(-1.,-2.54426109809932E-15,2.54426109809932E-15));
#6320=DIRECTION('ref_axis',(-2.54426109809932E-15,2.22044604925031E-16,
-1.));
#6321=DIRECTION('center_axis',(-2.54426109809932E-15,1.,2.22044604925038E-16));
#6322=DIRECTION('ref_axis',(-0.707106781186549,-1.64205502970678E-15,-0.707106781186546));
#6323=DIRECTION('center_axis',(2.54426109809932E-15,-1.,-2.22044604925038E-16));
#6324=DIRECTION('ref_axis',(-0.707106781186549,-1.64205502970678E-15,-0.707106781186546));
#6325=DIRECTION('center_axis',(1.,2.54426109809932E-15,-2.54426109809932E-15));
#6326=DIRECTION('ref_axis',(3.97511940521525E-29,-0.707106781186555,-0.70710678118654));
#6327=DIRECTION('center_axis',(-1.,-2.54426109809932E-15,2.54426109809932E-15));
#6328=DIRECTION('ref_axis',(-2.54426109809932E-15,2.22044604925031E-16,
-1.));
#6329=DIRECTION('',(-1.,-2.54426109809932E-15,2.54426109809932E-15));
#6330=DIRECTION('',(1.,2.54426109809932E-15,-2.54426109809932E-15));
#6331=DIRECTION('center_axis',(-2.54426109809932E-15,1.,2.22044604925038E-16));
#6332=DIRECTION('ref_axis',(1.,2.96059473233375E-15,0.));
#6333=DIRECTION('center_axis',(-2.54426109809932E-15,2.22044604925031E-16,
-1.));
#6334=DIRECTION('ref_axis',(1.,2.54426109809932E-15,-2.54426109809932E-15));
#6335=DIRECTION('center_axis',(-2.54426109809932E-15,1.,2.22044604925038E-16));
#6336=DIRECTION('ref_axis',(0.707106781186546,1.95607352144354E-15,-0.707106781186549));
#6337=DIRECTION('center_axis',(2.54426109809932E-15,-1.,-2.22044604925038E-16));
#6338=DIRECTION('ref_axis',(0.707106781186546,1.95607352144354E-15,-0.707106781186549));
#6339=DIRECTION('center_axis',(-2.54426109809932E-15,2.22044604925031E-16,
-1.));
#6340=DIRECTION('ref_axis',(0.707106781186549,-0.707106781186546,-1.95607352144354E-15));
#6341=DIRECTION('center_axis',(2.54426109809932E-15,-2.22044604925031E-16,
1.));
#6342=DIRECTION('ref_axis',(0.707106781186549,-0.707106781186546,-1.95607352144354E-15));
#6343=DIRECTION('',(-2.54426109809932E-15,2.22044604925031E-16,-1.));
#6344=DIRECTION('',(2.54426109809932E-15,-2.22044604925031E-16,1.));
#6345=DIRECTION('center_axis',(-1.,-2.54426109809932E-15,2.54426109809932E-15));
#6346=DIRECTION('ref_axis',(-2.54426109809932E-15,1.,2.22044604925038E-16));
#6347=DIRECTION('',(2.54426109809932E-15,-1.,-2.22044604925038E-16));
#6348=DIRECTION('',(-2.54426109809932E-15,2.22044604925031E-16,-1.));
#6349=DIRECTION('',(-2.54426109809932E-15,1.,2.22044604925038E-16));
#6350=DIRECTION('center_axis',(-2.54426109809932E-15,1.,2.22044604925038E-16));
#6351=DIRECTION('ref_axis',(0.707106781186546,1.95607352144354E-15,-0.707106781186549));
#6352=DIRECTION('',(-2.54426109809932E-15,1.,2.22044604925038E-16));
#6353=DIRECTION('center_axis',(2.54426109809932E-15,-1.,-2.22044604925038E-16));
#6354=DIRECTION('ref_axis',(0.707106781186546,1.95607352144354E-15,-0.707106781186549));
#6355=DIRECTION('center_axis',(2.54426109809932E-15,-2.22044604925031E-16,
1.));
#6356=DIRECTION('ref_axis',(2.54426109809932E-15,-1.,-2.22044604925038E-16));
#6357=DIRECTION('',(3.00685402502647E-15,-1.,-2.22044604925039E-16));
#6358=DIRECTION('',(-1.,-2.54426109809932E-15,2.54426109809932E-15));
#6359=DIRECTION('center_axis',(3.00685402502647E-15,-1.,-2.22044604925039E-16));
#6360=DIRECTION('ref_axis',(-0.707106781186549,-1.64205502970678E-15,-0.707106781186546));
#6361=DIRECTION('',(-3.00685402502647E-15,1.,2.22044604925039E-16));
#6362=DIRECTION('center_axis',(2.54426109809932E-15,-1.,-2.22044604925038E-16));
#6363=DIRECTION('ref_axis',(-0.707106781186549,-1.64205502970678E-15,-0.707106781186546));
#6364=DIRECTION('center_axis',(1.,3.00685402502647E-15,-2.54426109809932E-15));
#6365=DIRECTION('ref_axis',(3.00685402502647E-15,-1.,-2.22044604925039E-16));
#6366=DIRECTION('',(3.00685402502647E-15,-1.,-2.22044604925039E-16));
#6367=DIRECTION('',(-2.54426109809932E-15,2.22044604925031E-16,-1.));
#6368=DIRECTION('center_axis',(-2.54426109809932E-15,2.22044604925031E-16,
-1.));
#6369=DIRECTION('ref_axis',(-0.707106781186538,-0.707106781186557,1.64205502970676E-15));
#6370=DIRECTION('center_axis',(2.54426109809932E-15,-2.22044604925031E-16,
1.));
#6371=DIRECTION('ref_axis',(-1.,-2.54426109809932E-15,2.54426109809932E-15));
#6372=DIRECTION('',(2.54426109809932E-15,-2.22044604925031E-16,1.));
#6373=DIRECTION('center_axis',(2.54426109809932E-15,-2.22044604925031E-16,
1.));
#6374=DIRECTION('ref_axis',(-0.707106781186538,-0.707106781186557,1.64205502970676E-15));
#6375=DIRECTION('',(-2.54426109809932E-15,2.22044604925031E-16,-1.));
#6376=DIRECTION('center_axis',(-2.54426109809932E-15,1.,2.22044604925038E-16));
#6377=DIRECTION('ref_axis',(1.,2.96059473233375E-15,0.));
#6378=DIRECTION('center_axis',(-1.,-2.54426109809932E-15,2.54426109809932E-15));
#6379=DIRECTION('ref_axis',(-2.54426109809932E-15,2.22044604925031E-16,
-1.));
#6380=DIRECTION('center_axis',(-2.54426109809932E-15,1.,2.22044604925038E-16));
#6381=DIRECTION('ref_axis',(-0.707106781186549,-1.64205502970678E-15,-0.707106781186546));
#6382=DIRECTION('center_axis',(2.54426109809932E-15,-1.,-2.22044604925038E-16));
#6383=DIRECTION('ref_axis',(-0.707106781186549,-1.64205502970678E-15,-0.707106781186546));
#6384=DIRECTION('center_axis',(1.,2.54426109809932E-15,-2.54426109809932E-15));
#6385=DIRECTION('ref_axis',(3.97511940521525E-29,-0.707106781186555,-0.70710678118654));
#6386=DIRECTION('center_axis',(-1.,-2.54426109809932E-15,2.54426109809932E-15));
#6387=DIRECTION('ref_axis',(-2.54426109809932E-15,2.22044604925031E-16,
-1.));
#6388=DIRECTION('',(-1.,-2.54426109809932E-15,2.54426109809932E-15));
#6389=DIRECTION('',(1.,2.54426109809932E-15,-2.54426109809932E-15));
#6390=DIRECTION('center_axis',(-2.54426109809932E-15,1.,2.22044604925038E-16));
#6391=DIRECTION('ref_axis',(1.,2.96059473233375E-15,0.));
#6392=DIRECTION('center_axis',(-2.54426109809932E-15,2.22044604925031E-16,
-1.));
#6393=DIRECTION('ref_axis',(1.,2.54426109809932E-15,-2.54426109809932E-15));
#6394=DIRECTION('center_axis',(-2.54426109809932E-15,1.,2.22044604925038E-16));
#6395=DIRECTION('ref_axis',(0.707106781186545,1.95607352144354E-15,-0.70710678118655));
#6396=DIRECTION('center_axis',(2.54426109809932E-15,-1.,-2.22044604925038E-16));
#6397=DIRECTION('ref_axis',(0.707106781186545,1.95607352144354E-15,-0.70710678118655));
#6398=DIRECTION('center_axis',(-2.54426109809932E-15,2.22044604925031E-16,
-1.));
#6399=DIRECTION('ref_axis',(0.707106781186551,-0.707106781186544,-1.95607352144355E-15));
#6400=DIRECTION('center_axis',(2.54426109809932E-15,-2.22044604925031E-16,
1.));
#6401=DIRECTION('ref_axis',(0.707106781186551,-0.707106781186544,-1.95607352144355E-15));
#6402=DIRECTION('',(-2.54426109809932E-15,2.22044604925031E-16,-1.));
#6403=DIRECTION('',(2.54426109809932E-15,-2.22044604925031E-16,1.));
#6404=DIRECTION('center_axis',(-1.,-3.00685402502647E-15,2.54426109809932E-15));
#6405=DIRECTION('ref_axis',(-3.00685402502646E-15,1.,8.76038267740272E-16));
#6406=DIRECTION('',(3.00685402502647E-15,-1.,-2.22044604925039E-16));
#6407=DIRECTION('',(-2.54426109809932E-15,2.22044604925031E-16,-1.));
#6408=DIRECTION('',(-3.00685402502647E-15,1.,2.22044604925039E-16));
#6409=DIRECTION('center_axis',(-3.00685402502647E-15,1.,2.22044604925039E-16));
#6410=DIRECTION('ref_axis',(0.707106781186545,1.95607352144354E-15,-0.70710678118655));
#6411=DIRECTION('',(-3.00685402502647E-15,1.,2.22044604925039E-16));
#6412=DIRECTION('center_axis',(2.54426109809932E-15,-1.,-2.22044604925038E-16));
#6413=DIRECTION('ref_axis',(0.707106781186545,1.95607352144354E-15,-0.70710678118655));
#6414=DIRECTION('center_axis',(2.54426109809932E-15,-2.22044604925031E-16,
1.));
#6415=DIRECTION('ref_axis',(2.54426109809932E-15,-1.,-2.22044604925038E-16));
#6416=DIRECTION('',(2.54426109809932E-15,-1.,-2.22044604925038E-16));
#6417=DIRECTION('',(-1.,-2.54426109809932E-15,2.15186490041018E-15));
#6418=DIRECTION('center_axis',(2.54426109809932E-15,-1.,-2.22044604925038E-16));
#6419=DIRECTION('ref_axis',(-0.707106781186549,-1.64205502970678E-15,-0.707106781186546));
#6420=DIRECTION('',(-2.54426109809932E-15,1.,2.22044604925038E-16));
#6421=DIRECTION('center_axis',(2.54426109809932E-15,-1.,-2.22044604925038E-16));
#6422=DIRECTION('ref_axis',(-0.707106781186549,-1.64205502970678E-15,-0.707106781186546));
#6423=DIRECTION('center_axis',(1.,2.54426109809932E-15,-2.54426109809932E-15));
#6424=DIRECTION('ref_axis',(2.54426109809932E-15,-1.,-2.22044604925038E-16));
#6425=DIRECTION('',(2.54426109809932E-15,-1.,-2.22044604925038E-16));
#6426=DIRECTION('',(-2.54426109809932E-15,2.22044604925031E-16,-1.));
#6427=DIRECTION('center_axis',(-2.54426109809932E-15,2.22044604925031E-16,
-1.));
#6428=DIRECTION('ref_axis',(-0.707106781186549,0.707106781186546,1.95607352144354E-15));
#6429=DIRECTION('center_axis',(2.54426109809932E-15,-2.22044604925031E-16,
1.));
#6430=DIRECTION('ref_axis',(-2.54426109809932E-15,1.,2.22044604925038E-16));
#6431=DIRECTION('',(2.54426109809932E-15,-2.22044604925031E-16,1.));
#6432=DIRECTION('center_axis',(2.54426109809932E-15,-2.22044604925031E-16,
1.));
#6433=DIRECTION('ref_axis',(-0.707106781186549,0.707106781186546,1.95607352144354E-15));
#6434=DIRECTION('',(-2.54426109809932E-15,2.22044604925031E-16,-1.));
#6435=DIRECTION('center_axis',(1.,2.98178741322253E-15,-2.54426109809932E-15));
#6436=DIRECTION('ref_axis',(2.96059473233375E-15,-1.,0.));
#6437=DIRECTION('center_axis',(-2.54426109809932E-15,1.,2.22044604925038E-16));
#6438=DIRECTION('ref_axis',(-2.54426109809932E-15,2.22044604925031E-16,
-1.));
#6439=DIRECTION('center_axis',(1.,2.98178741322253E-15,-2.54426109809932E-15));
#6440=DIRECTION('ref_axis',(-3.90750637552151E-15,0.707106781186547,-0.707106781186548));
#6441=DIRECTION('center_axis',(-1.,-2.98178741322253E-15,2.54426109809932E-15));
#6442=DIRECTION('ref_axis',(-3.88724913047979E-15,0.707106781186547,-0.707106781186548));
#6443=DIRECTION('center_axis',(2.98178741322253E-15,-1.,-2.22044604925039E-16));
#6444=DIRECTION('ref_axis',(-0.707106781186549,-1.64205502970678E-15,-0.707106781186546));
#6445=DIRECTION('center_axis',(-2.54426109809932E-15,1.,2.22044604925038E-16));
#6446=DIRECTION('ref_axis',(-2.54426109809932E-15,2.22044604925031E-16,
-1.));
#6447=DIRECTION('',(-2.98178741322253E-15,1.,2.22044604925039E-16));
#6448=DIRECTION('',(2.98178741322253E-15,-1.,-2.22044604925039E-16));
#6449=DIRECTION('center_axis',(1.,2.98178741322253E-15,-2.54426109809932E-15));
#6450=DIRECTION('ref_axis',(2.96059473233375E-15,-1.,0.));
#6451=DIRECTION('center_axis',(-2.54426109809932E-15,2.22044604925031E-16,
-1.));
#6452=DIRECTION('ref_axis',(2.54426109809932E-15,-1.,-2.22044604925038E-16));
#6453=DIRECTION('center_axis',(1.,2.98178741322253E-15,-2.54426109809932E-15));
#6454=DIRECTION('ref_axis',(3.09377824371187E-16,-0.707106781186547,-0.707106781186548));
#6455=DIRECTION('center_axis',(-1.,-2.98178741322253E-15,2.54426109809932E-15));
#6456=DIRECTION('ref_axis',(2.89120579329468E-16,-0.707106781186547,-0.707106781186548));
#6457=DIRECTION('center_axis',(-2.54426109809932E-15,2.22044604925031E-16,
-1.));
#6458=DIRECTION('ref_axis',(-0.707106781186546,-0.707106781186549,1.64205502970678E-15));
#6459=DIRECTION('center_axis',(2.54426109809932E-15,-2.22044604925031E-16,
1.));
#6460=DIRECTION('ref_axis',(-0.707106781186546,-0.707106781186549,1.64205502970678E-15));
#6461=DIRECTION('',(-2.54426109809932E-15,2.22044604925031E-16,-1.));
#6462=DIRECTION('',(2.54426109809932E-15,-2.22044604925031E-16,1.));
#6463=DIRECTION('center_axis',(-2.98178741322253E-15,1.,2.22044604925039E-16));
#6464=DIRECTION('ref_axis',(1.,2.98178741322253E-15,-2.54426109809932E-15));
#6465=DIRECTION('',(-1.,-2.98178741322253E-15,2.54426109809932E-15));
#6466=DIRECTION('',(-2.54426109809932E-15,2.22044604925031E-16,-1.));
#6467=DIRECTION('',(1.,2.98178741322253E-15,-2.54426109809932E-15));
#6468=DIRECTION('center_axis',(1.,2.98178741322253E-15,-2.54426109809932E-15));
#6469=DIRECTION('ref_axis',(-2.05432527401305E-31,-0.707106781186547,-0.707106781186548));
#6470=DIRECTION('',(1.,2.98178741322253E-15,-2.54426109809932E-15));
#6471=DIRECTION('center_axis',(-1.,-2.98178741322253E-15,2.54426109809932E-15));
#6472=DIRECTION('ref_axis',(-2.05432527401305E-31,-0.707106781186547,-0.707106781186548));
#6473=DIRECTION('center_axis',(2.54426109809932E-15,-2.22044604925031E-16,
1.));
#6474=DIRECTION('ref_axis',(-2.98178741322253E-15,1.,2.22044604925039E-16));
#6475=DIRECTION('',(-1.,-2.98178741322253E-15,2.54426109809932E-15));
#6476=DIRECTION('',(-2.98178741322253E-15,1.,2.22044604925039E-16));
#6477=DIRECTION('center_axis',(-1.,-2.98178741322253E-15,2.54426109809932E-15));
#6478=DIRECTION('ref_axis',(-3.59812855115032E-15,0.707106781186547,-0.707106781186548));
#6479=DIRECTION('',(1.,2.98178741322253E-15,-2.54426109809932E-15));
#6480=DIRECTION('center_axis',(-1.,-2.98178741322253E-15,2.54426109809932E-15));
#6481=DIRECTION('ref_axis',(-3.59812855115032E-15,0.707106781186547,-0.707106781186548));
#6482=DIRECTION('center_axis',(2.98178741322253E-15,-1.,-2.22044604925039E-16));
#6483=DIRECTION('ref_axis',(-1.,-2.98178741322253E-15,2.54426109809932E-15));
#6484=DIRECTION('',(-1.,-2.98178741322253E-15,2.54426109809932E-15));
#6485=DIRECTION('',(-2.54426109809932E-15,2.22044604925031E-16,-1.));
#6486=DIRECTION('center_axis',(-2.54426109809932E-15,2.22044604925031E-16,
-1.));
#6487=DIRECTION('ref_axis',(-0.707106781186549,0.707106781186546,1.95607352144354E-15));
#6488=DIRECTION('center_axis',(2.54426109809932E-15,-2.22044604925031E-16,
1.));
#6489=DIRECTION('ref_axis',(-2.54426109809932E-15,1.,2.22044604925038E-16));
#6490=DIRECTION('',(2.54426109809932E-15,-2.22044604925031E-16,1.));
#6491=DIRECTION('center_axis',(2.54426109809932E-15,-2.22044604925031E-16,
1.));
#6492=DIRECTION('ref_axis',(-0.707106781186549,0.707106781186546,1.95607352144354E-15));
#6493=DIRECTION('',(-2.54426109809932E-15,2.22044604925031E-16,-1.));
#6494=DIRECTION('center_axis',(2.54426109809932E-15,-1.,-2.22044604925038E-16));
#6495=DIRECTION('ref_axis',(-1.,-2.96059473233375E-15,0.));
#6496=DIRECTION('center_axis',(-1.,-2.54426109809932E-15,2.54426109809932E-15));
#6497=DIRECTION('ref_axis',(-2.54426109809932E-15,1.,2.22044604925038E-16));
#6498=DIRECTION('center_axis',(-2.54426109809932E-15,1.,2.22044604925038E-16));
#6499=DIRECTION('ref_axis',(-0.707106781186549,-1.64205502970678E-15,-0.707106781186546));
#6500=DIRECTION('center_axis',(2.54426109809932E-15,-1.,-2.22044604925038E-16));
#6501=DIRECTION('ref_axis',(-0.707106781186549,-1.64205502970678E-15,-0.707106781186546));
#6502=DIRECTION('center_axis',(1.,2.54426109809932E-15,-2.54426109809932E-15));
#6503=DIRECTION('ref_axis',(-3.59812855115032E-15,0.707106781186548,-0.707106781186547));
#6504=DIRECTION('center_axis',(-1.,-2.54426109809932E-15,2.54426109809932E-15));
#6505=DIRECTION('ref_axis',(-2.54426109809932E-15,1.,2.22044604925038E-16));
#6506=DIRECTION('',(-1.,-2.54426109809932E-15,2.54426109809932E-15));
#6507=DIRECTION('',(1.,2.54426109809932E-15,-2.54426109809932E-15));
#6508=DIRECTION('center_axis',(2.54426109809932E-15,-1.,-2.22044604925038E-16));
#6509=DIRECTION('ref_axis',(-1.,-2.96059473233375E-15,0.));
#6510=DIRECTION('center_axis',(-2.54426109809932E-15,2.22044604925031E-16,
-1.));
#6511=DIRECTION('ref_axis',(-2.54426109809932E-15,1.,2.22044604925038E-16));
#6512=DIRECTION('center_axis',(-2.54426109809932E-15,1.,2.22044604925038E-16));
#6513=DIRECTION('ref_axis',(0.707106781186546,1.95607352144354E-15,-0.707106781186549));
#6514=DIRECTION('center_axis',(2.54426109809932E-15,-1.,-2.22044604925038E-16));
#6515=DIRECTION('ref_axis',(0.707106781186546,1.95607352144354E-15,-0.707106781186549));
#6516=DIRECTION('center_axis',(-2.54426109809932E-15,2.22044604925031E-16,
-1.));
#6517=DIRECTION('ref_axis',(0.707106781186546,0.707106781186549,-1.64205502970678E-15));
#6518=DIRECTION('center_axis',(2.54426109809932E-15,-2.22044604925031E-16,
1.));
#6519=DIRECTION('ref_axis',(0.707106781186546,0.707106781186549,-1.64205502970678E-15));
#6520=DIRECTION('',(-2.54426109809932E-15,2.22044604925031E-16,-1.));
#6521=DIRECTION('',(2.54426109809932E-15,-2.22044604925031E-16,1.));
#6522=DIRECTION('center_axis',(-2.54426109809932E-15,1.,2.22044604925038E-16));
#6523=DIRECTION('ref_axis',(1.,2.54426109809932E-15,-2.54426109809932E-15));
#6524=DIRECTION('',(-1.,-2.54426109809932E-15,2.54426109809932E-15));
#6525=DIRECTION('center_axis',(-2.54426109809932E-15,2.22044604925031E-16,
-1.));
#6526=DIRECTION('ref_axis',(-0.707106781186549,0.707106781186546,1.95607352144354E-15));
#6527=DIRECTION('center_axis',(2.54426109809932E-15,-2.22044604925031E-16,
1.));
#6528=DIRECTION('ref_axis',(-2.54426109809932E-15,1.,2.22044604925038E-16));
#6529=DIRECTION('',(2.54426109809932E-15,-2.22044604925031E-16,1.));
#6530=DIRECTION('center_axis',(2.54426109809932E-15,-2.22044604925031E-16,
1.));
#6531=DIRECTION('ref_axis',(-0.707106781186549,0.707106781186546,1.95607352144354E-15));
#6532=DIRECTION('',(-2.54426109809932E-15,2.22044604925031E-16,-1.));
#6533=DIRECTION('center_axis',(1.,2.98178741322253E-15,-2.54426109809932E-15));
#6534=DIRECTION('ref_axis',(2.96059473233375E-15,-1.,0.));
#6535=DIRECTION('center_axis',(-2.54426109809932E-15,1.,2.22044604925038E-16));
#6536=DIRECTION('ref_axis',(-2.54426109809932E-15,2.22044604925031E-16,
-1.));
#6537=DIRECTION('center_axis',(1.,2.98178741322253E-15,-2.54426109809932E-15));
#6538=DIRECTION('ref_axis',(-3.9075063755215E-15,0.707106781186547,-0.707106781186548));
#6539=DIRECTION('center_axis',(-1.,-2.98178741322253E-15,2.54426109809932E-15));
#6540=DIRECTION('ref_axis',(-3.88724913047979E-15,0.707106781186547,-0.707106781186548));
#6541=DIRECTION('center_axis',(2.98178741322253E-15,-1.,-2.22044604925039E-16));
#6542=DIRECTION('ref_axis',(-0.707106781186549,-1.64205502970678E-15,-0.707106781186546));
#6543=DIRECTION('center_axis',(-2.54426109809932E-15,1.,2.22044604925038E-16));
#6544=DIRECTION('ref_axis',(-2.54426109809932E-15,2.22044604925031E-16,
-1.));
#6545=DIRECTION('',(-2.98178741322253E-15,1.,2.22044604925039E-16));
#6546=DIRECTION('',(2.98178741322253E-15,-1.,-2.22044604925039E-16));
#6547=DIRECTION('center_axis',(1.,2.98178741322253E-15,-2.54426109809932E-15));
#6548=DIRECTION('ref_axis',(2.96059473233375E-15,-1.,0.));
#6549=DIRECTION('center_axis',(-2.54426109809932E-15,2.22044604925031E-16,
-1.));
#6550=DIRECTION('ref_axis',(2.54426109809932E-15,-1.,-2.22044604925038E-16));
#6551=DIRECTION('center_axis',(1.,2.98178741322253E-15,-2.54426109809932E-15));
#6552=DIRECTION('ref_axis',(3.09377824371189E-16,-0.707106781186548,-0.707106781186547));
#6553=DIRECTION('center_axis',(-1.,-2.98178741322253E-15,2.54426109809932E-15));
#6554=DIRECTION('ref_axis',(2.89120579329469E-16,-0.707106781186548,-0.707106781186547));
#6555=DIRECTION('center_axis',(-2.54426109809932E-15,2.22044604925031E-16,
-1.));
#6556=DIRECTION('ref_axis',(-0.707106781186546,-0.707106781186549,1.64205502970678E-15));
#6557=DIRECTION('center_axis',(2.54426109809932E-15,-2.22044604925031E-16,
1.));
#6558=DIRECTION('ref_axis',(-0.707106781186546,-0.707106781186549,1.64205502970678E-15));
#6559=DIRECTION('',(-2.54426109809932E-15,2.22044604925031E-16,-1.));
#6560=DIRECTION('',(2.54426109809932E-15,-2.22044604925031E-16,1.));
#6561=DIRECTION('center_axis',(-2.98178741322253E-15,1.,2.22044604925039E-16));
#6562=DIRECTION('ref_axis',(1.,2.98178741322253E-15,-2.54426109809932E-15));
#6563=DIRECTION('',(-1.,-2.98178741322253E-15,2.54426109809932E-15));
#6564=DIRECTION('',(-2.54426109809932E-15,2.22044604925031E-16,-1.));
#6565=DIRECTION('',(1.,2.98178741322253E-15,-2.54426109809932E-15));
#6566=DIRECTION('center_axis',(1.,2.98178741322253E-15,-2.54426109809932E-15));
#6567=DIRECTION('ref_axis',(-2.05432527401305E-31,-0.707106781186547,-0.707106781186548));
#6568=DIRECTION('',(1.,2.98178741322253E-15,-2.54426109809932E-15));
#6569=DIRECTION('center_axis',(-1.,-2.98178741322253E-15,2.54426109809932E-15));
#6570=DIRECTION('ref_axis',(-2.05432527401305E-31,-0.707106781186547,-0.707106781186548));
#6571=DIRECTION('center_axis',(2.54426109809932E-15,-2.22044604925031E-16,
1.));
#6572=DIRECTION('ref_axis',(-2.98178741322253E-15,1.,2.22044604925039E-16));
#6573=DIRECTION('',(-1.,-2.98178741322253E-15,2.54426109809932E-15));
#6574=DIRECTION('',(-2.98178741322253E-15,1.,2.22044604925039E-16));
#6575=DIRECTION('center_axis',(-1.,-2.98178741322253E-15,2.54426109809932E-15));
#6576=DIRECTION('ref_axis',(-3.59812855115032E-15,0.707106781186549,-0.707106781186546));
#6577=DIRECTION('',(1.,2.98178741322253E-15,-2.54426109809932E-15));
#6578=DIRECTION('center_axis',(-1.,-2.98178741322253E-15,2.54426109809932E-15));
#6579=DIRECTION('ref_axis',(-3.59812855115032E-15,0.707106781186549,-0.707106781186546));
#6580=DIRECTION('center_axis',(2.98178741322253E-15,-1.,-2.22044604925039E-16));
#6581=DIRECTION('ref_axis',(-1.,-2.98178741322253E-15,2.54426109809932E-15));
#6582=DIRECTION('',(-1.,-2.98178741322253E-15,2.54426109809932E-15));
#6583=DIRECTION('',(-2.54426109809932E-15,2.22044604925031E-16,-1.));
#6584=DIRECTION('center_axis',(-2.54426109809932E-15,2.22044604925031E-16,
-1.));
#6585=DIRECTION('ref_axis',(-0.707106781186549,0.707106781186546,1.95607352144354E-15));
#6586=DIRECTION('center_axis',(2.54426109809932E-15,-2.22044604925031E-16,
1.));
#6587=DIRECTION('ref_axis',(-0.707106781186549,0.707106781186546,1.95607352144354E-15));
#6588=DIRECTION('',(2.54426109809932E-15,-2.22044604925031E-16,1.));
#6589=DIRECTION('center_axis',(2.54426109809932E-15,-2.22044604925031E-16,
1.));
#6590=DIRECTION('ref_axis',(-0.707106781186549,0.707106781186546,1.95607352144354E-15));
#6591=DIRECTION('',(-2.54426109809932E-15,2.22044604925031E-16,-1.));
#6592=DIRECTION('center_axis',(-2.54426109809932E-15,2.22044604925031E-16,
-1.));
#6593=DIRECTION('ref_axis',(-1.,-2.54426109809932E-15,2.54426109809932E-15));
#6594=DIRECTION('',(1.,2.54426109809932E-15,-2.54426109809932E-15));
#6595=DIRECTION('',(2.54426109809932E-15,-1.,-2.22044604925038E-16));
#6596=DIRECTION('',(1.,2.54426109809932E-15,-2.54426109809932E-15));
#6597=DIRECTION('',(-2.54426109809932E-15,1.,2.22044604925038E-16));
#6598=DIRECTION('',(1.,2.54426109809932E-15,-2.54426109809932E-15));
#6599=DIRECTION('center_axis',(2.54426109809932E-15,-2.22044604925031E-16,
1.));
#6600=DIRECTION('ref_axis',(0.707106781186546,0.707106781186549,-1.64205502970678E-15));
#6601=DIRECTION('',(2.54426109809932E-15,-1.,-2.22044604925038E-16));
#6602=DIRECTION('',(-1.,-2.54426109809932E-15,2.54426109809932E-15));
#6603=DIRECTION('',(2.54426109809932E-15,-1.,-2.22044604925038E-16));
#6604=DIRECTION('',(1.,2.54426109809932E-15,-2.54426109809932E-15));
#6605=DIRECTION('',(2.54426109809932E-15,-1.,-2.22044604925038E-16));
#6606=DIRECTION('center_axis',(-2.54426109809932E-15,2.22044604925031E-16,
-1.));
#6607=DIRECTION('ref_axis',(0.999999999998981,-1.42777268602443E-6,-2.54426141512595E-15));
#6608=DIRECTION('',(-1.,-2.78301863171149E-15,2.54426109809932E-15));
#6609=DIRECTION('',(4.9636221059281E-14,1.,2.22044604924905E-16));
#6610=DIRECTION('',(-1.,-2.54426109809932E-15,2.54426109809932E-15));
#6611=DIRECTION('',(6.01370805005293E-15,-1.,-2.22044604925047E-16));
#6612=DIRECTION('',(-1.,-2.78301863171149E-15,2.54426109809932E-15));
#6613=DIRECTION('center_axis',(-2.54426109809932E-15,2.22044604925031E-16,
-1.));
#6614=DIRECTION('ref_axis',(-6.05616868393639E-7,-0.999999999999817,-2.22043064077552E-16));
#6615=DIRECTION('',(-2.54426109809932E-15,1.,2.22044604925038E-16));
#6616=DIRECTION('',(1.,5.92320073826265E-15,-2.54426109809932E-15));
#6617=DIRECTION('',(-2.54426109809932E-15,1.,2.22044604925038E-16));
#6618=DIRECTION('',(-1.,3.12753044074659E-15,2.54426109809932E-15));
#6619=DIRECTION('',(-2.54426109809932E-15,1.,2.22044604925038E-16));
#6620=DIRECTION('center_axis',(-2.54426109809932E-15,1.,2.22044604925038E-16));
#6621=DIRECTION('ref_axis',(1.,2.54426109809932E-15,-2.54426109809932E-15));
#6622=DIRECTION('',(-1.,-2.54426109809932E-15,2.54426109809932E-15));
#6623=DIRECTION('',(-2.54426109809932E-15,2.22044604925031E-16,-1.));
#6624=DIRECTION('center_axis',(-2.54426109809932E-15,2.22044604925031E-16,
-1.));
#6625=DIRECTION('ref_axis',(0.707106781186546,0.707106781186549,-1.64205502970678E-15));
#6626=DIRECTION('',(2.54426109809932E-15,-2.22044604925031E-16,1.));
#6627=DIRECTION('center_axis',(2.54426109809932E-15,-2.22044604925031E-16,
1.));
#6628=DIRECTION('ref_axis',(0.707106781186546,0.707106781186549,-1.64205502970678E-15));
#6629=DIRECTION('',(-2.54426109809932E-15,2.22044604925031E-16,-1.));
#6630=DIRECTION('center_axis',(1.,2.54426109809932E-15,-2.54426109809932E-15));
#6631=DIRECTION('ref_axis',(2.54426109809932E-15,-1.,-2.22044604925038E-16));
#6632=DIRECTION('',(-2.54426109809932E-15,1.,2.22044604925038E-16));
#6633=DIRECTION('',(-2.54426109809932E-15,2.22044604925031E-16,-1.));
#6634=DIRECTION('center_axis',(1.,2.54426109809932E-15,-2.54426109809932E-15));
#6635=DIRECTION('ref_axis',(-2.54426109809932E-15,1.,2.22044604925038E-16));
#6636=DIRECTION('',(-2.54426109809932E-15,2.22044604925031E-16,-1.));
#6637=DIRECTION('',(-2.54426109809932E-15,1.,2.22044604925038E-16));
#6638=DIRECTION('',(2.54426109809932E-15,-2.22044604925031E-16,1.));
#6639=DIRECTION('',(2.54426109809932E-15,-2.22044604925031E-16,1.));
#6640=DIRECTION('',(2.54426109809932E-15,-1.,-2.22044604925038E-16));
#6641=DIRECTION('center_axis',(-1.,-2.54426109809932E-15,2.54426109809932E-15));
#6642=DIRECTION('ref_axis',(2.54426109809932E-15,-1.,-2.22044604925038E-16));
#6643=DIRECTION('',(2.54426109809932E-15,-2.22044604925031E-16,1.));
#6644=DIRECTION('',(-2.54426109809932E-15,1.,2.22044604925038E-16));
#6645=DIRECTION('',(2.54426109809932E-15,-2.22044604925031E-16,1.));
#6646=DIRECTION('',(2.54426109809932E-15,-1.,-2.22044604925038E-16));
#6647=DIRECTION('center_axis',(2.54426109809932E-15,-1.,-2.22044604925038E-16));
#6648=DIRECTION('ref_axis',(1.,2.54426109809932E-15,-2.54426109809932E-15));
#6649=DIRECTION('',(-1.,-2.54426109809932E-15,2.54426109809932E-15));
#6650=DIRECTION('center_axis',(1.,2.54426109809932E-15,-2.54426109809932E-15));
#6651=DIRECTION('ref_axis',(-2.54426109809932E-15,1.,2.22044604925038E-16));
#6652=DIRECTION('',(2.54426109809932E-15,-1.,-2.22044604925038E-16));
#6653=DIRECTION('',(2.54426109809932E-15,-2.22044604925031E-16,1.));
#6654=DIRECTION('',(2.54426109809932E-15,-2.22044604925031E-16,1.));
#6655=DIRECTION('center_axis',(5.92320073826265E-15,-1.,-2.22044604925046E-16));
#6656=DIRECTION('ref_axis',(1.,5.92320073826265E-15,-2.54426109809932E-15));
#6657=DIRECTION('',(-1.,-5.92320073826265E-15,2.54426109809932E-15));
#6658=DIRECTION('',(-2.54426109809932E-15,2.22044604925031E-16,-1.));
#6659=DIRECTION('',(1.,5.92320073826265E-15,-2.54426109809932E-15));
#6660=DIRECTION('',(2.54426109809932E-15,-2.22044604925031E-16,1.));
#6661=DIRECTION('center_axis',(3.12753044074659E-15,1.,2.22044604925023E-16));
#6662=DIRECTION('ref_axis',(-1.,3.12753044074659E-15,2.54426109809932E-15));
#6663=DIRECTION('',(1.,-3.12753044074659E-15,-2.54426109809932E-15));
#6664=DIRECTION('',(-2.54426109809932E-15,2.22044604925031E-16,-1.));
#6665=DIRECTION('',(-1.,3.12753044074659E-15,2.54426109809932E-15));
#6666=DIRECTION('',(2.54426109809932E-15,-2.22044604925031E-16,1.));
#6667=DIRECTION('center_axis',(-2.54426109809932E-15,1.,2.22044604925038E-16));
#6668=DIRECTION('ref_axis',(-1.,-2.54426109809932E-15,2.54426109809932E-15));
#6669=DIRECTION('',(1.,2.54426109809932E-15,-2.54426109809932E-15));
#6670=DIRECTION('',(2.54426109809932E-15,-2.22044604925031E-16,1.));
#6671=DIRECTION('',(-1.,-2.54426109809932E-15,2.54426109809932E-15));
#6672=DIRECTION('',(2.54426109809932E-15,-2.22044604925031E-16,1.));
#6673=DIRECTION('center_axis',(-1.,-2.54426109809932E-15,2.54426109809932E-15));
#6674=DIRECTION('ref_axis',(2.54426109809932E-15,-1.,-2.22044604925038E-16));
#6675=DIRECTION('',(-2.54426109809932E-15,1.,2.22044604925038E-16));
#6676=DIRECTION('',(2.54426109809932E-15,-2.22044604925031E-16,1.));
#6677=DIRECTION('center_axis',(2.54426109809932E-15,-1.,-2.22044604925038E-16));
#6678=DIRECTION('ref_axis',(1.,2.54426109809932E-15,-2.54426109809932E-15));
#6679=DIRECTION('',(-1.,-2.54426109809932E-15,2.54426109809932E-15));
#6680=DIRECTION('',(-2.54426109809932E-15,2.22044604925031E-16,-1.));
#6681=DIRECTION('',(1.,2.54426109809932E-15,-2.54426109809932E-15));
#6682=DIRECTION('',(2.54426109809932E-15,-2.22044604925031E-16,1.));
#6683=DIRECTION('center_axis',(-1.,-6.01370805005293E-15,2.54426109809932E-15));
#6684=DIRECTION('ref_axis',(6.01370805005293E-15,-1.,-2.22044604925047E-16));
#6685=DIRECTION('',(2.54426109809932E-15,-2.22044604925031E-16,1.));
#6686=DIRECTION('',(6.01370805005293E-15,-1.,-2.22044604925047E-16));
#6687=DIRECTION('',(2.54426109809932E-15,-2.22044604925031E-16,1.));
#6688=DIRECTION('center_axis',(-2.54426109809932E-15,1.,2.22044604925038E-16));
#6689=DIRECTION('ref_axis',(-1.,-2.54426109809932E-15,2.54426109809932E-15));
#6690=DIRECTION('',(2.54426109809932E-15,-2.22044604925031E-16,1.));
#6691=DIRECTION('',(1.,2.54426109809932E-15,-2.54426109809932E-15));
#6692=DIRECTION('',(-2.54426109809932E-15,2.22044604925031E-16,-1.));
#6693=DIRECTION('',(-1.,-2.54426109809932E-15,2.54426109809932E-15));
#6694=DIRECTION('',(2.54426109809932E-15,-2.22044604925031E-16,1.));
#6695=DIRECTION('',(-1.,-2.54426109809932E-15,2.54426109809932E-15));
#6696=DIRECTION('center_axis',(1.,-4.9636221059281E-14,-2.54426109809933E-15));
#6697=DIRECTION('ref_axis',(4.9636221059281E-14,1.,2.22044604924905E-16));
#6698=DIRECTION('',(-2.54426109809932E-15,2.22044604925031E-16,-1.));
#6699=DIRECTION('',(4.9636221059281E-14,1.,2.22044604924905E-16));
#6700=DIRECTION('center_axis',(-2.54426109809932E-15,1.,2.22044604925038E-16));
#6701=DIRECTION('ref_axis',(1.,2.54426109809932E-15,-2.54426109809932E-15));
#6702=DIRECTION('',(-1.,-2.54426109809932E-15,2.54426109809932E-15));
#6703=DIRECTION('center_axis',(2.54426109809932E-15,-1.,-2.22044604925038E-16));
#6704=DIRECTION('ref_axis',(1.,2.54426109809932E-15,-2.54426109809932E-15));
#6705=DIRECTION('',(1.,2.54426109809932E-15,-2.54426109809932E-15));
#6706=DIRECTION('',(1.,2.39103576360277E-15,-2.54426109809932E-15));
#6707=DIRECTION('',(-2.54426109809932E-15,2.22044604925031E-16,-1.));
#6708=DIRECTION('',(1.,2.54426109809932E-15,-2.54426109809932E-15));
#6709=DIRECTION('',(2.54426109809932E-15,-2.22044604925031E-16,1.));
#6710=DIRECTION('',(1.,2.39103576360277E-15,-2.54426109809932E-15));
#6711=DIRECTION('center_axis',(-1.,-2.54426109809932E-15,2.54426109809932E-15));
#6712=DIRECTION('ref_axis',(-2.54426109809932E-15,1.,2.22044604925038E-16));
#6713=DIRECTION('',(-2.54426109809932E-15,2.22044604925031E-16,-1.));
#6714=DIRECTION('',(2.54426109809932E-15,-1.,-2.22044604925038E-16));
#6715=DIRECTION('center_axis',(-1.,-2.54426109809932E-15,2.54426109809932E-15));
#6716=DIRECTION('ref_axis',(-2.54426109809932E-15,1.,2.22044604925038E-16));
#6717=DIRECTION('',(2.54426109809932E-15,-1.,-2.22044604925038E-16));
#6718=DIRECTION('center_axis',(1.,2.54426109809932E-15,-2.54426109809932E-15));
#6719=DIRECTION('ref_axis',(2.54426109809932E-15,-1.,-2.22044604925038E-16));
#6720=DIRECTION('',(-2.54426109809932E-15,1.,2.22044604925038E-16));
#6721=DIRECTION('',(-2.54426109809932E-15,2.22044604925031E-16,-1.));
#6722=DIRECTION('center_axis',(2.78301863171149E-15,-1.,-2.22044604925038E-16));
#6723=DIRECTION('ref_axis',(-1.,-2.78301863171149E-15,2.54426109809932E-15));
#6724=DIRECTION('',(1.,2.78301863171149E-15,-2.54426109809932E-15));
#6725=DIRECTION('',(-2.54426109809932E-15,2.22044604925031E-16,-1.));
#6726=DIRECTION('center_axis',(2.54426109809932E-15,-1.,-2.22044604925038E-16));
#6727=DIRECTION('ref_axis',(-1.,-2.54426109809932E-15,2.54426109809932E-15));
#6728=DIRECTION('',(-1.,-2.54426109809932E-15,2.54426109809932E-15));
#6729=DIRECTION('center_axis',(-2.54426109809932E-15,1.,2.22044604925038E-16));
#6730=DIRECTION('ref_axis',(1.,2.54426109809932E-15,-2.54426109809932E-15));
#6731=DIRECTION('',(1.,2.54426109809932E-15,-2.54426109809932E-15));
#6732=DIRECTION('center_axis',(2.54426109809932E-15,-1.,-2.22044604925038E-16));
#6733=DIRECTION('ref_axis',(-1.,-2.54426109809932E-15,2.15186490041018E-15));
#6734=DIRECTION('',(-1.,-2.54426109809932E-15,2.54426109809932E-15));
#6735=DIRECTION('center_axis',(-2.54426109809932E-15,1.,2.22044604925038E-16));
#6736=DIRECTION('ref_axis',(1.,2.54426109809932E-15,-2.54426109809932E-15));
#6737=DIRECTION('',(1.,2.54426109809932E-15,-2.54426109809932E-15));
#6738=DIRECTION('center_axis',(1.,2.98178741322253E-15,-2.54426109809932E-15));
#6739=DIRECTION('ref_axis',(2.98178741322253E-15,-1.,-2.22044604925039E-16));
#6740=DIRECTION('',(2.98178741322253E-15,-1.,-2.22044604925039E-16));
#6741=DIRECTION('center_axis',(1.,2.98178741322253E-15,-2.54426109809932E-15));
#6742=DIRECTION('ref_axis',(2.98178741322253E-15,-1.,-2.22044604925039E-16));
#6743=DIRECTION('',(2.98178741322253E-15,-1.,-2.22044604925039E-16));
#6744=DIRECTION('center_axis',(-1.,-2.54426109809932E-15,2.54426109809932E-15));
#6745=DIRECTION('ref_axis',(-2.05432527401305E-31,-0.707106781186547,-0.707106781186548));
#6746=DIRECTION('',(-1.,-2.54426109809932E-15,2.54426109809932E-15));
#6747=DIRECTION('center_axis',(1.,2.54426109809932E-15,-2.54426109809932E-15));
#6748=DIRECTION('ref_axis',(-2.05432527401305E-31,-0.707106781186547,-0.707106781186548));
#6749=DIRECTION('',(1.,2.54426109809932E-15,-2.54426109809932E-15));
#6750=DIRECTION('center_axis',(-2.54426109809932E-15,2.22044604925031E-16,
-1.));
#6751=DIRECTION('ref_axis',(-2.54426109809932E-15,1.,2.22044604925038E-16));
#6752=DIRECTION('',(-2.54426109809932E-15,1.,2.22044604925038E-16));
#6753=DIRECTION('',(-1.,-2.54426109809932E-15,2.54426109809932E-15));
#6754=DIRECTION('center_axis',(1.,2.54426109809932E-15,-2.54426109809932E-15));
#6755=DIRECTION('ref_axis',(-3.59812855115032E-15,0.707106781186547,-0.707106781186548));
#6756=DIRECTION('center_axis',(1.,2.54426109809932E-15,-2.54426109809932E-15));
#6757=DIRECTION('ref_axis',(-3.59812855115032E-15,0.707106781186547,-0.707106781186548));
#6758=DIRECTION('',(1.,2.54426109809932E-15,-2.54426109809932E-15));
#6759=DIRECTION('center_axis',(-1.,-2.54426109809932E-15,2.54426109809932E-15));
#6760=DIRECTION('ref_axis',(-2.05432527401305E-31,-0.707106781186547,-0.707106781186548));
#6761=DIRECTION('',(-1.,-2.54426109809932E-15,2.54426109809932E-15));
#6762=DIRECTION('center_axis',(1.,2.54426109809932E-15,-2.54426109809932E-15));
#6763=DIRECTION('ref_axis',(-2.05432527401305E-31,-0.707106781186547,-0.707106781186548));
#6764=DIRECTION('',(1.,2.54426109809932E-15,-2.54426109809932E-15));
#6765=DIRECTION('center_axis',(-2.54426109809932E-15,2.22044604925031E-16,
-1.));
#6766=DIRECTION('ref_axis',(-2.54426109809932E-15,1.,2.22044604925038E-16));
#6767=DIRECTION('',(-2.54426109809932E-15,1.,2.22044604925038E-16));
#6768=DIRECTION('',(-1.,-2.54426109809932E-15,2.54426109809932E-15));
#6769=DIRECTION('center_axis',(1.,2.54426109809932E-15,-2.54426109809932E-15));
#6770=DIRECTION('ref_axis',(-3.59812855115032E-15,0.707106781186548,-0.707106781186547));
#6771=DIRECTION('center_axis',(1.,2.54426109809932E-15,-2.54426109809932E-15));
#6772=DIRECTION('ref_axis',(-3.59812855115032E-15,0.707106781186548,-0.707106781186547));
#6773=DIRECTION('',(1.,2.54426109809932E-15,-2.54426109809932E-15));
#6774=DIRECTION('center_axis',(-2.54426109809932E-15,1.,2.22044604925038E-16));
#6775=DIRECTION('ref_axis',(-0.707106781186549,-1.64205502970678E-15,-0.707106781186546));
#6776=DIRECTION('',(2.54426109809932E-15,-1.,-2.22044604925038E-16));
#6777=DIRECTION('center_axis',(-2.54426109809932E-15,1.,2.22044604925038E-16));
#6778=DIRECTION('ref_axis',(-0.707106781186549,-1.64205502970678E-15,-0.707106781186546));
#6779=DIRECTION('',(-2.54426109809932E-15,1.,2.22044604925038E-16));
#6780=DIRECTION('center_axis',(2.54426109809932E-15,-1.,-2.22044604925038E-16));
#6781=DIRECTION('ref_axis',(-1.,-2.54426109809932E-15,2.15186490041018E-15));
#6782=DIRECTION('',(-1.,-2.54426109809932E-15,2.15186490041018E-15));
#6783=DIRECTION('center_axis',(-2.54426109809932E-15,1.,2.22044604925038E-16));
#6784=DIRECTION('ref_axis',(0.707106781186546,1.95607352144354E-15,-0.707106781186549));
#6785=DIRECTION('',(-2.54426109809932E-15,2.22044604925031E-16,-1.));
#6786=DIRECTION('',(1.,2.54426109809932E-15,-2.54426109809932E-15));
#6787=DIRECTION('',(-2.54426109809932E-15,2.22044604925031E-16,-1.));
#6788=DIRECTION('center_axis',(-2.54426109809932E-15,2.22044604925031E-16,
-1.));
#6789=DIRECTION('ref_axis',(-2.54426109809932E-15,1.,2.22044604925038E-16));
#6790=DIRECTION('',(-2.08166817117217E-15,1.,2.22044604925037E-16));
#6791=DIRECTION('center_axis',(2.08166817117217E-15,-1.,-2.22044604925037E-16));
#6792=DIRECTION('ref_axis',(0.707106781186546,1.95607352144354E-15,-0.707106781186549));
#6793=DIRECTION('',(2.08166817117217E-15,-1.,-2.22044604925037E-16));
#6794=DIRECTION('center_axis',(-2.08166817117217E-15,1.,2.22044604925037E-16));
#6795=DIRECTION('ref_axis',(-0.707106781186549,-1.64205502970678E-15,-0.707106781186546));
#6796=DIRECTION('',(2.08166817117217E-15,-1.,-2.22044604925037E-16));
#6797=DIRECTION('center_axis',(-2.54426109809932E-15,1.,2.22044604925038E-16));
#6798=DIRECTION('ref_axis',(-0.707106781186549,-1.64205502970678E-15,-0.707106781186546));
#6799=DIRECTION('',(-2.08166817117217E-15,1.,2.22044604925037E-16));
#6800=DIRECTION('center_axis',(2.54426109809932E-15,-1.,-2.22044604925038E-16));
#6801=DIRECTION('ref_axis',(-1.,-2.54426109809932E-15,2.54426109809932E-15));
#6802=DIRECTION('',(-1.,-2.54426109809932E-15,2.54426109809932E-15));
#6803=DIRECTION('center_axis',(-2.54426109809932E-15,1.,2.22044604925038E-16));
#6804=DIRECTION('ref_axis',(0.707106781186546,1.95607352144354E-15,-0.707106781186549));
#6805=DIRECTION('',(-2.54426109809932E-15,2.22044604925031E-16,-1.));
#6806=DIRECTION('',(1.,2.54426109809932E-15,-2.54426109809932E-15));
#6807=DIRECTION('',(-2.54426109809932E-15,2.22044604925031E-16,-1.));
#6808=DIRECTION('center_axis',(-2.54426109809932E-15,2.22044604925031E-16,
-1.));
#6809=DIRECTION('ref_axis',(-2.54426109809932E-15,1.,2.22044604925038E-16));
#6810=DIRECTION('',(-2.54426109809932E-15,1.,2.22044604925038E-16));
#6811=DIRECTION('center_axis',(2.54426109809932E-15,-1.,-2.22044604925038E-16));
#6812=DIRECTION('ref_axis',(0.707106781186546,1.95607352144354E-15,-0.707106781186549));
#6813=DIRECTION('',(2.54426109809932E-15,-1.,-2.22044604925038E-16));
#6814=DIRECTION('center_axis',(-1.,-2.98178741322253E-15,2.54426109809932E-15));
#6815=DIRECTION('ref_axis',(-2.98178741322253E-15,1.,2.22044604925039E-16));
#6816=DIRECTION('',(-2.98178741322253E-15,1.,2.22044604925039E-16));
#6817=DIRECTION('center_axis',(-1.,-2.98178741322253E-15,2.54426109809932E-15));
#6818=DIRECTION('ref_axis',(-2.98178741322253E-15,1.,2.22044604925039E-16));
#6819=DIRECTION('',(-2.98178741322253E-15,1.,2.22044604925039E-16));
#6820=DIRECTION('center_axis',(2.54426109809932E-15,-1.,-2.22044604925038E-16));
#6821=DIRECTION('ref_axis',(-1.,-2.54426109809932E-15,2.54426109809932E-15));
#6822=DIRECTION('',(1.,2.54426109809932E-15,-2.54426109809932E-15));
#6823=DIRECTION('',(-2.54426109809932E-15,2.22044604925031E-16,-1.));
#6824=DIRECTION('center_axis',(-2.54426109809932E-15,1.,2.22044604925038E-16));
#6825=DIRECTION('ref_axis',(1.,2.54426109809932E-15,-2.54426109809932E-15));
#6826=DIRECTION('',(-2.54426109809932E-15,2.22044604925031E-16,-1.));
#6827=DIRECTION('',(-1.,-2.54426109809932E-15,2.54426109809932E-15));
#6828=DIRECTION('center_axis',(-1.,-2.54426109809932E-15,2.54426109809932E-15));
#6829=DIRECTION('ref_axis',(-2.54426109809932E-15,1.,2.22044604925038E-16));
#6830=DIRECTION('',(2.54426109809932E-15,-1.,-2.22044604925038E-16));
#6831=DIRECTION('center_axis',(2.54426109809932E-15,-1.,-2.22044604925038E-16));
#6832=DIRECTION('ref_axis',(-1.,-2.54426109809932E-15,2.54426109809932E-15));
#6833=DIRECTION('',(1.,2.54426109809932E-15,-2.54426109809932E-15));
#6834=DIRECTION('',(-2.54426109809932E-15,2.22044604925031E-16,-1.));
#6835=DIRECTION('center_axis',(-2.54426109809932E-15,1.,2.22044604925038E-16));
#6836=DIRECTION('ref_axis',(1.,2.54426109809932E-15,-2.54426109809932E-15));
#6837=DIRECTION('',(-2.54426109809932E-15,2.22044604925031E-16,-1.));
#6838=DIRECTION('',(-1.,-2.54426109809932E-15,2.54426109809932E-15));
#6839=DIRECTION('center_axis',(-1.,-2.54426109809932E-15,2.54426109809932E-15));
#6840=DIRECTION('ref_axis',(-2.54426109809932E-15,1.,2.22044604925038E-16));
#6841=DIRECTION('',(2.54426109809932E-15,-1.,-2.22044604925038E-16));
#6842=DIRECTION('center_axis',(-1.,-2.54426109809932E-15,2.54426109809932E-15));
#6843=DIRECTION('ref_axis',(-2.54426109809932E-15,1.,2.22044604925038E-16));
#6844=DIRECTION('',(2.54426109809932E-15,-1.,-2.22044604925038E-16));
#6845=DIRECTION('center_axis',(1.,2.08166817117217E-15,-2.54426109809932E-15));
#6846=DIRECTION('ref_axis',(2.08166817117217E-15,-1.,4.31949057890196E-16));
#6847=DIRECTION('',(-2.08166817117217E-15,1.,2.22044604925037E-16));
#6848=DIRECTION('center_axis',(-1.,-2.08166817117217E-15,2.54426109809932E-15));
#6849=DIRECTION('ref_axis',(-2.08166817117217E-15,1.,2.22044604925037E-16));
#6850=DIRECTION('',(2.08166817117217E-15,-1.,-2.22044604925037E-16));
#6851=DIRECTION('center_axis',(1.,2.54426109809932E-15,-2.54426109809932E-15));
#6852=DIRECTION('ref_axis',(2.54426109809932E-15,-1.,-2.22044604925038E-16));
#6853=DIRECTION('',(-2.54426109809932E-15,1.,2.22044604925038E-16));
#6854=DIRECTION('center_axis',(-2.54426109809932E-15,2.22044604925031E-16,
-1.));
#6855=DIRECTION('ref_axis',(2.66667768256379E-15,-1.,-3.27439048737373E-16));
#6856=DIRECTION('center_axis',(-2.54426109809932E-15,2.22044604925031E-16,
-1.));
#6857=DIRECTION('ref_axis',(2.43594665667247E-15,-1.,-2.22044604925037E-16));
#6858=DIRECTION('center_axis',(2.54426109809932E-15,-2.22044604925031E-16,
1.));
#6859=DIRECTION('ref_axis',(2.43594665667247E-15,-1.,-2.22044604925038E-16));
#6860=DIRECTION('center_axis',(2.54426109809932E-15,-2.22044604925031E-16,
1.));
#6861=DIRECTION('ref_axis',(2.27460326996373E-15,-1.,-2.22044604925037E-16));
#6862=DIRECTION('center_axis',(-2.54426109809932E-15,2.22044604925031E-16,
-1.));
#6863=DIRECTION('ref_axis',(-0.706896426643389,0.70731707317073,1.95558501876312E-15));
#6864=DIRECTION('center_axis',(-2.54426109809932E-15,2.22044604925031E-16,
-1.));
#6865=DIRECTION('ref_axis',(-0.706896426643389,0.70731707317073,1.95558501876312E-15));
#6866=DIRECTION('center_axis',(-2.54426109809932E-15,2.22044604925031E-16,
-1.));
#6867=DIRECTION('ref_axis',(0.706896426643385,0.707317073170733,-1.64147313862526E-15));
#6868=DIRECTION('center_axis',(-2.54426109809932E-15,2.22044604925031E-16,
-1.));
#6869=DIRECTION('ref_axis',(-0.706896426643389,0.70731707317073,1.95558501876312E-15));
#6870=DIRECTION('center_axis',(-2.54426109809932E-15,2.22044604925031E-16,
-1.));
#6871=DIRECTION('ref_axis',(0.706896426643385,0.707317073170733,-1.64147313862526E-15));
#6872=DIRECTION('center_axis',(-2.54426109809932E-15,2.22044604925031E-16,
-1.));
#6873=DIRECTION('ref_axis',(-0.706896426643389,0.70731707317073,1.95558501876312E-15));
#6874=DIRECTION('center_axis',(-2.54426109809932E-15,2.22044604925031E-16,
-1.));
#6875=DIRECTION('ref_axis',(0.706896426643385,0.707317073170733,-1.64147313862526E-15));
#6876=DIRECTION('center_axis',(2.54426109809932E-15,-2.22044604925031E-16,
1.));
#6877=DIRECTION('ref_axis',(2.54426109809932E-15,-1.,-2.11471052309554E-16));
#6878=DIRECTION('center_axis',(-2.54426109809932E-15,2.22044604925031E-16,
-1.));
#6879=DIRECTION('ref_axis',(1.,2.54426109809932E-15,-2.54426109809932E-15));
#6880=DIRECTION('center_axis',(-1.,-2.66675012925274E-15,2.54426109809932E-15));
#6881=DIRECTION('ref_axis',(-2.66675012925274E-15,1.,2.64338815386942E-16));
#6882=DIRECTION('center_axis',(2.54426109809932E-15,-2.22044604925031E-16,
1.));
#6883=DIRECTION('ref_axis',(1.,2.54426109809932E-15,-2.54426109809932E-15));
#6884=DIRECTION('center_axis',(2.54426109809932E-15,-2.22044604925031E-16,
1.));
#6885=DIRECTION('ref_axis',(1.,2.54426109809932E-15,-2.54426109809932E-15));
#6886=DIRECTION('center_axis',(2.54426109809932E-15,-2.22044604925031E-16,
1.));
#6887=DIRECTION('ref_axis',(1.,2.54426109809932E-15,-2.54426109809932E-15));
#6888=DIRECTION('',(-2.54426109809932E-15,2.22044604925031E-16,-1.));
#6889=DIRECTION('center_axis',(-2.54426109809932E-15,2.22044604925031E-16,
-1.));
#6890=DIRECTION('ref_axis',(1.,2.54426109809932E-15,-2.54426109809932E-15));
#6891=DIRECTION('center_axis',(-2.54426109809932E-15,2.22044604925031E-16,
-1.));
#6892=DIRECTION('ref_axis',(1.,2.54426109809932E-15,-2.54426109809932E-15));
#6893=DIRECTION('center_axis',(3.15950969091242E-13,-1.,-2.22044604925835E-16));
#6894=DIRECTION('ref_axis',(-1.,-3.15950969091242E-13,2.54426109809925E-15));
#6895=DIRECTION('',(-1.,-3.15950969091242E-13,2.54426109809925E-15));
#6896=DIRECTION('',(-2.54426109809932E-15,2.22044604925031E-16,-1.));
#6897=DIRECTION('',(-1.,-3.15950969091242E-13,2.54426109809925E-15));
#6898=DIRECTION('',(-2.54426109809932E-15,2.22044604925031E-16,-1.));
#6899=DIRECTION('center_axis',(1.,3.75102525530059E-15,-2.54426109809932E-15));
#6900=DIRECTION('ref_axis',(3.75102525530059E-15,-1.,-2.22044604925041E-16));
#6901=DIRECTION('',(3.75102525530059E-15,-1.,-2.22044604925041E-16));
#6902=DIRECTION('',(-2.54426109809932E-15,2.22044604925031E-16,-1.));
#6903=DIRECTION('',(3.75102525530059E-15,-1.,-2.22044604925041E-16));
#6904=DIRECTION('center_axis',(-4.99952333960504E-13,-1.,-2.22044604923759E-16));
#6905=DIRECTION('ref_axis',(-1.,4.99952333960504E-13,2.54426109809943E-15));
#6906=DIRECTION('',(-1.,4.99952333960504E-13,2.54426109809943E-15));
#6907=DIRECTION('',(-2.54426109809932E-15,2.22044604925031E-16,-1.));
#6908=DIRECTION('',(-1.,4.99952333960504E-13,2.54426109809943E-15));
#6909=DIRECTION('center_axis',(-1.,-4.05271629461355E-15,2.54426109809932E-15));
#6910=DIRECTION('ref_axis',(-4.05271629461355E-15,1.,2.22044604925042E-16));
#6911=DIRECTION('',(-4.05271629461355E-15,1.,2.22044604925042E-16));
#6912=DIRECTION('',(-2.54426109809932E-15,2.22044604925031E-16,-1.));
#6913=DIRECTION('',(-4.05271629461355E-15,1.,2.22044604925042E-16));
#6914=DIRECTION('center_axis',(3.15950969091243E-13,-1.,-2.22044604925835E-16));
#6915=DIRECTION('ref_axis',(-1.,-3.15950969091243E-13,2.54426109809925E-15));
#6916=DIRECTION('',(-1.,-3.15950969091243E-13,2.54426109809925E-15));
#6917=DIRECTION('',(-2.54426109809932E-15,2.22044604925031E-16,-1.));
#6918=DIRECTION('',(-1.,-3.15950969091243E-13,2.54426109809925E-15));
#6919=DIRECTION('center_axis',(1.,4.05271629460089E-15,-2.54426109809932E-15));
#6920=DIRECTION('ref_axis',(4.05271629460089E-15,-1.,-2.22044604925042E-16));
#6921=DIRECTION('',(4.05271629460089E-15,-1.,-2.22044604925042E-16));
#6922=DIRECTION('',(-2.54426109809932E-15,2.22044604925031E-16,-1.));
#6923=DIRECTION('',(4.05271629460089E-15,-1.,-2.22044604925042E-16));
#6924=DIRECTION('center_axis',(-4.99952333960504E-13,-1.,-2.22044604923759E-16));
#6925=DIRECTION('ref_axis',(-1.,4.99952333960504E-13,2.54426109809943E-15));
#6926=DIRECTION('',(-1.,4.99952333960504E-13,2.54426109809943E-15));
#6927=DIRECTION('',(-2.54426109809932E-15,2.22044604925031E-16,-1.));
#6928=DIRECTION('',(-1.,4.99952333960504E-13,2.54426109809943E-15));
#6929=DIRECTION('center_axis',(-1.,-3.75102525531071E-15,2.54426109809932E-15));
#6930=DIRECTION('ref_axis',(-3.75102525531071E-15,1.,2.22044604925041E-16));
#6931=DIRECTION('',(-3.75102525531071E-15,1.,2.22044604925041E-16));
#6932=DIRECTION('',(-2.54426109809932E-15,2.22044604925031E-16,-1.));
#6933=DIRECTION('',(-3.75102525531071E-15,1.,2.22044604925041E-16));
#6934=DIRECTION('center_axis',(3.15950969091242E-13,-1.,-2.22044604925835E-16));
#6935=DIRECTION('ref_axis',(-1.,-3.15950969091242E-13,2.54426109809925E-15));
#6936=DIRECTION('',(-1.,-3.15950969091242E-13,2.54426109809925E-15));
#6937=DIRECTION('',(-2.54426109809932E-15,2.22044604925031E-16,-1.));
#6938=DIRECTION('',(-1.,-3.15950969091242E-13,2.54426109809925E-15));
#6939=DIRECTION('center_axis',(1.,2.54426109809932E-15,-2.54426109809932E-15));
#6940=DIRECTION('ref_axis',(2.54426109809932E-15,-1.,-2.22044604925038E-16));
#6941=DIRECTION('',(2.54426109809932E-15,-1.,-2.22044604925038E-16));
#6942=DIRECTION('',(-2.54426109809932E-15,2.22044604925031E-16,-1.));
#6943=DIRECTION('',(2.54426109809932E-15,-1.,-2.22044604925038E-16));
#6944=DIRECTION('center_axis',(2.54426109809932E-15,-1.,-2.22044604925038E-16));
#6945=DIRECTION('ref_axis',(-1.,-2.54426109809932E-15,2.54426109809932E-15));
#6946=DIRECTION('',(-1.,-2.54426109809932E-15,2.54426109809932E-15));
#6947=DIRECTION('',(-2.54426109809932E-15,2.22044604925031E-16,-1.));
#6948=DIRECTION('',(-1.,-2.54426109809932E-15,2.54426109809932E-15));
#6949=DIRECTION('center_axis',(-1.,-2.54426109809932E-15,2.54426109809932E-15));
#6950=DIRECTION('ref_axis',(-2.54426109809932E-15,1.,2.22044604925038E-16));
#6951=DIRECTION('',(-2.54426109809932E-15,1.,2.22044604925038E-16));
#6952=DIRECTION('',(-2.54426109809932E-15,2.22044604925031E-16,-1.));
#6953=DIRECTION('',(-2.54426109809932E-15,1.,2.22044604925038E-16));
#6954=DIRECTION('center_axis',(-1.7074304932881E-12,1.,2.22044604929375E-16));
#6955=DIRECTION('ref_axis',(1.,1.7074304932881E-12,-2.54426109809894E-15));
#6956=DIRECTION('',(1.,1.7074304932881E-12,-2.54426109809894E-15));
#6957=DIRECTION('',(-2.54426109809932E-15,2.22044604925031E-16,-1.));
#6958=DIRECTION('',(1.,1.7074304932881E-12,-2.54426109809894E-15));
#6959=DIRECTION('center_axis',(1.,2.54426109809932E-15,-2.54426109809932E-15));
#6960=DIRECTION('ref_axis',(2.54426109809932E-15,-1.,-2.22044604925038E-16));
#6961=DIRECTION('',(2.54426109809932E-15,-1.,-2.22044604925038E-16));
#6962=DIRECTION('',(-2.54426109809932E-15,2.22044604925031E-16,-1.));
#6963=DIRECTION('',(2.54426109809932E-15,-1.,-2.22044604925038E-16));
#6964=DIRECTION('center_axis',(-3.53316912763783E-12,1.,2.22044604934021E-16));
#6965=DIRECTION('ref_axis',(1.,3.53316912763783E-12,-2.54426109809853E-15));
#6966=DIRECTION('',(1.,3.53316912763783E-12,-2.54426109809853E-15));
#6967=DIRECTION('',(-2.54426109809932E-15,2.22044604925031E-16,-1.));
#6968=DIRECTION('',(1.,3.53316912763783E-12,-2.54426109809853E-15));
#6969=DIRECTION('center_axis',(-1.,-3.75102525531071E-15,2.54426109809932E-15));
#6970=DIRECTION('ref_axis',(-3.75102525531071E-15,1.,2.22044604925041E-16));
#6971=DIRECTION('',(-3.75102525531071E-15,1.,2.22044604925041E-16));
#6972=DIRECTION('',(-2.54426109809932E-15,2.22044604925031E-16,-1.));
#6973=DIRECTION('',(-3.75102525531071E-15,1.,2.22044604925041E-16));
#6974=DIRECTION('center_axis',(7.7434033420414E-14,1.,2.22044604924834E-16));
#6975=DIRECTION('ref_axis',(1.,-7.7434033420414E-14,-2.54426109809933E-15));
#6976=DIRECTION('',(1.,-7.7434033420414E-14,-2.54426109809933E-15));
#6977=DIRECTION('',(-2.54426109809932E-15,2.22044604925031E-16,-1.));
#6978=DIRECTION('',(1.,-7.7434033420414E-14,-2.54426109809933E-15));
#6979=DIRECTION('center_axis',(1.,4.05271629460089E-15,-2.54426109809932E-15));
#6980=DIRECTION('ref_axis',(4.05271629460089E-15,-1.,-2.22044604925042E-16));
#6981=DIRECTION('',(4.05271629460089E-15,-1.,-2.22044604925042E-16));
#6982=DIRECTION('',(-2.54426109809932E-15,2.22044604925031E-16,-1.));
#6983=DIRECTION('',(4.05271629460089E-15,-1.,-2.22044604925042E-16));
#6984=DIRECTION('center_axis',(-3.5330534794061E-12,1.,2.2204460493402E-16));
#6985=DIRECTION('ref_axis',(1.,3.5330534794061E-12,-2.54426109809853E-15));
#6986=DIRECTION('',(1.,3.5330534794061E-12,-2.54426109809853E-15));
#6987=DIRECTION('',(-2.54426109809932E-15,2.22044604925031E-16,-1.));
#6988=DIRECTION('',(1.,3.5330534794061E-12,-2.54426109809853E-15));
#6989=DIRECTION('center_axis',(-1.,-4.05271629461355E-15,2.54426109809932E-15));
#6990=DIRECTION('ref_axis',(-4.05271629461355E-15,1.,2.22044604925042E-16));
#6991=DIRECTION('',(-4.05271629461355E-15,1.,2.22044604925042E-16));
#6992=DIRECTION('',(-2.54426109809932E-15,2.22044604925031E-16,-1.));
#6993=DIRECTION('',(-4.05271629461355E-15,1.,2.22044604925042E-16));
#6994=DIRECTION('center_axis',(7.7434033420414E-14,1.,2.22044604924834E-16));
#6995=DIRECTION('ref_axis',(1.,-7.7434033420414E-14,-2.54426109809933E-15));
#6996=DIRECTION('',(1.,-7.7434033420414E-14,-2.54426109809933E-15));
#6997=DIRECTION('',(-2.54426109809932E-15,2.22044604925031E-16,-1.));
#6998=DIRECTION('',(1.,-7.7434033420414E-14,-2.54426109809933E-15));
#6999=DIRECTION('center_axis',(1.,3.75102525530059E-15,-2.54426109809932E-15));
#7000=DIRECTION('ref_axis',(3.75102525530059E-15,-1.,-2.22044604925041E-16));
#7001=DIRECTION('',(3.75102525530059E-15,-1.,-2.22044604925041E-16));
#7002=DIRECTION('',(-2.54426109809932E-15,2.22044604925031E-16,-1.));
#7003=DIRECTION('',(3.75102525530059E-15,-1.,-2.22044604925041E-16));
#7004=DIRECTION('center_axis',(-3.53316912763783E-12,1.,2.22044604934021E-16));
#7005=DIRECTION('ref_axis',(1.,3.53316912763783E-12,-2.54426109809853E-15));
#7006=DIRECTION('',(1.,3.53316912763783E-12,-2.54426109809853E-15));
#7007=DIRECTION('',(-2.54426109809932E-15,2.22044604925031E-16,-1.));
#7008=DIRECTION('',(1.,3.53316912763783E-12,-2.54426109809853E-15));
#7009=DIRECTION('center_axis',(-1.,-2.54426109809932E-15,2.54426109809932E-15));
#7010=DIRECTION('ref_axis',(-2.54426109809932E-15,1.,2.22044604925038E-16));
#7011=DIRECTION('',(-2.54426109809932E-15,1.,2.22044604925038E-16));
#7012=DIRECTION('',(-2.54426109809932E-15,2.22044604925031E-16,-1.));
#7013=DIRECTION('',(-2.54426109809932E-15,1.,2.22044604925038E-16));
#7014=DIRECTION('center_axis',(-2.54426109809932E-15,1.,2.22044604925038E-16));
#7015=DIRECTION('ref_axis',(1.,2.54426109809932E-15,-2.54426109809932E-15));
#7016=DIRECTION('',(1.,2.54426109809932E-15,-2.54426109809932E-15));
#7017=DIRECTION('',(-2.54426109809932E-15,2.22044604925031E-16,-1.));
#7018=DIRECTION('',(1.,2.54426109809932E-15,-2.54426109809932E-15));
#7019=DIRECTION('center_axis',(1.,2.54426109809932E-15,-2.54426109809932E-15));
#7020=DIRECTION('ref_axis',(2.54426109809932E-15,-1.,-2.22044604925038E-16));
#7021=DIRECTION('',(2.54426109809932E-15,-1.,-2.22044604925038E-16));
#7022=DIRECTION('',(-2.54426109809932E-15,2.22044604925031E-16,-1.));
#7023=DIRECTION('',(2.54426109809932E-15,-1.,-2.22044604925038E-16));
#7024=DIRECTION('center_axis',(2.54426109809932E-15,-1.,-2.22044604925038E-16));
#7025=DIRECTION('ref_axis',(-1.,-2.54426109809932E-15,2.54426109809932E-15));
#7026=DIRECTION('',(-1.,-2.54426109809932E-15,2.54426109809932E-15));
#7027=DIRECTION('',(-2.54426109809932E-15,2.22044604925031E-16,-1.));
#7028=DIRECTION('',(-1.,-2.54426109809932E-15,2.54426109809932E-15));
#7029=DIRECTION('center_axis',(-1.,-2.54426109809932E-15,2.54426109809932E-15));
#7030=DIRECTION('ref_axis',(-2.54426109809932E-15,1.,2.22044604925038E-16));
#7031=DIRECTION('',(-2.54426109809932E-15,1.,2.22044604925038E-16));
#7032=DIRECTION('',(-2.54426109809932E-15,1.,2.22044604925038E-16));
#7033=DIRECTION('center_axis',(2.54426109809932E-15,-2.22044604925031E-16,
1.));
#7034=DIRECTION('ref_axis',(1.,2.54426109809932E-15,-2.54426109809932E-15));
#7035=DIRECTION('center_axis',(-2.54426109809932E-15,2.22044604925031E-16,
-1.));
#7036=DIRECTION('ref_axis',(-1.,-2.54426109809932E-15,2.54426109809932E-15));
#7037=DIRECTION('center_axis',(-2.54426109809932E-15,2.22044604925031E-16,
-1.));
#7038=DIRECTION('ref_axis',(-6.05616868393639E-7,-0.999999999999817,-2.22043064077552E-16));
#7039=DIRECTION('center_axis',(2.54426109809932E-15,-2.22044604925031E-16,
1.));
#7040=DIRECTION('ref_axis',(-6.05616868393639E-7,-0.999999999999817,-2.22043064077552E-16));
#7041=DIRECTION('center_axis',(2.78301863171149E-15,-1.,-2.22044604925038E-16));
#7042=DIRECTION('ref_axis',(-1.,-2.78301863171149E-15,2.54426109809932E-15));
#7043=DIRECTION('',(-2.54426109809932E-15,2.22044604925031E-16,-1.));
#7044=DIRECTION('',(1.,2.78301863171149E-15,-2.54426109809932E-15));
#7045=DIRECTION('center_axis',(-2.54426109809932E-15,2.22044604925031E-16,
-1.));
#7046=DIRECTION('ref_axis',(0.999999999998981,-1.42777268602443E-6,-2.54426141512595E-15));
#7047=DIRECTION('center_axis',(2.54426109809932E-15,-2.22044604925031E-16,
1.));
#7048=DIRECTION('ref_axis',(0.999999999998981,-1.42777268602443E-6,-2.54426141512595E-15));
#7049=DIRECTION('center_axis',(-2.54426109809932E-15,2.22044604925031E-16,
-1.));
#7050=DIRECTION('ref_axis',(1.,2.54426109809932E-15,-2.54426109809932E-15));
#7051=DIRECTION('',(1.,2.54426109809932E-15,-2.54426109809932E-15));
#7052=DIRECTION('',(2.29575006852458E-15,-1.,-2.22044604925037E-16));
#7053=DIRECTION('center_axis',(-2.54426109809932E-15,2.22044604925031E-16,
-1.));
#7054=DIRECTION('ref_axis',(1.,2.60583609244928E-15,-2.54426109809932E-15));
#7055=DIRECTION('',(2.54426109809932E-15,-1.,-2.22044604925038E-16));
#7056=DIRECTION('center_axis',(-1.,-2.29575006852458E-15,2.54426109809932E-15));
#7057=DIRECTION('ref_axis',(-2.29575006852458E-15,1.,2.22044604925037E-16));
#7058=DIRECTION('',(-2.54426109809932E-15,2.22044604925031E-16,-1.));
#7059=DIRECTION('',(-2.29575006852458E-15,1.,2.22044604925037E-16));
#7060=DIRECTION('',(-2.54426109809932E-15,2.22044604925031E-16,-1.));
#7061=DIRECTION('center_axis',(-2.54426109809932E-15,2.22044604925031E-16,
-1.));
#7062=DIRECTION('ref_axis',(1.,2.60583609244928E-15,-2.54426109809932E-15));
#7063=DIRECTION('center_axis',(-2.54426109809932E-15,2.22044604925031E-16,
-1.));
#7064=DIRECTION('ref_axis',(1.,2.60583609244928E-15,-2.54426109809932E-15));
#7065=DIRECTION('',(-2.54426109809932E-15,2.22044604925031E-16,-1.));
#7066=DIRECTION('center_axis',(1.,2.54426109809932E-15,-2.54426109809932E-15));
#7067=DIRECTION('ref_axis',(2.54426109809932E-15,-1.,-2.22044604925038E-16));
#7068=DIRECTION('',(2.54426109809932E-15,-1.,-2.22044604925038E-16));
#7069=DIRECTION('',(-2.54426109809932E-15,2.22044604925031E-16,-1.));
#7070=DIRECTION('center_axis',(-2.54426109809932E-15,1.,2.22044604925038E-16));
#7071=DIRECTION('ref_axis',(1.,2.54426109809932E-15,-2.54426109809932E-15));
#7072=DIRECTION('',(1.,2.54426109809932E-15,-2.54426109809932E-15));
#7073=DIRECTION('center_axis',(-2.54426109809932E-15,2.22044604925031E-16,
-1.));
#7074=DIRECTION('ref_axis',(1.,2.54426109809932E-15,-2.54426109809932E-15));
#7075=DIRECTION('center_axis',(3.75102525530059E-15,-1.,-2.22044604925041E-16));
#7076=DIRECTION('ref_axis',(0.707106781186553,2.44672741478224E-15,-0.707106781186542));
#7077=DIRECTION('center_axis',(-3.16182265554706E-13,1.,2.22044604925836E-16));
#7078=DIRECTION('ref_axis',(0.707106781186553,2.44672741478224E-15,-0.707106781186542));
#7079=DIRECTION('',(-3.75102525530059E-15,1.,2.22044604925041E-16));
#7080=DIRECTION('center_axis',(3.53316912763783E-12,-1.,-2.22044604934021E-16));
#7081=DIRECTION('ref_axis',(0.707106781186553,2.44672741478224E-15,-0.707106781186542));
#7082=DIRECTION('',(3.75102525530059E-15,-1.,-2.22044604925041E-16));
#7083=DIRECTION('center_axis',(-3.53316912763783E-12,1.,2.22044604934021E-16));
#7084=DIRECTION('ref_axis',(1.,3.53316912763783E-12,-2.54426109809853E-15));
#7085=DIRECTION('',(1.,3.53316912763783E-12,-2.54426109809853E-15));
#7086=DIRECTION('center_axis',(3.53316912763783E-12,-1.,-2.22044604934021E-16));
#7087=DIRECTION('ref_axis',(-0.707106781186557,-2.62336281638417E-15,-0.707106781186538));
#7088=DIRECTION('',(-2.54426109809932E-15,2.22044604925031E-16,-1.));
#7089=DIRECTION('',(-1.,-3.53316912763783E-12,2.54426109809853E-15));
#7090=DIRECTION('',(-2.54426109809932E-15,2.22044604925031E-16,-1.));
#7091=DIRECTION('center_axis',(-2.54426109809932E-15,2.22044604925031E-16,
-1.));
#7092=DIRECTION('ref_axis',(-2.54426109809932E-15,1.,2.22044604925038E-16));
#7093=DIRECTION('',(-1.,-3.16182265554706E-13,2.54426109809925E-15));
#7094=DIRECTION('',(3.75102525531071E-15,-1.,-2.22044604925041E-16));
#7095=DIRECTION('center_axis',(-3.75102525531071E-15,1.,2.22044604925041E-16));
#7096=DIRECTION('ref_axis',(-0.707106781186557,-2.62336281638417E-15,-0.707106781186538));
#7097=DIRECTION('center_axis',(-3.16182265554706E-13,1.,2.22044604925836E-16));
#7098=DIRECTION('ref_axis',(-0.707106781186557,-2.62336281638417E-15,-0.707106781186538));
#7099=DIRECTION('',(-3.75102525531071E-15,1.,2.22044604925041E-16));
#7100=DIRECTION('center_axis',(2.54426109809932E-15,-2.22044604925031E-16,
1.));
#7101=DIRECTION('ref_axis',(2.54426109809932E-15,-1.,-2.22044604925038E-16));
#7102=DIRECTION('',(3.75102525531071E-15,-1.,-2.22044604925041E-16));
#7103=DIRECTION('',(1.,3.16182265554706E-13,-2.54426109809925E-15));
#7104=DIRECTION('',(-3.75102525530059E-15,1.,2.22044604925041E-16));
#7105=DIRECTION('center_axis',(3.16182265554706E-13,-1.,-2.22044604925836E-16));
#7106=DIRECTION('ref_axis',(-1.,-3.16182265554706E-13,2.54426109809925E-15));
#7107=DIRECTION('',(-2.54426109809932E-15,2.22044604925031E-16,-1.));
#7108=DIRECTION('',(2.54426109809932E-15,-2.22044604925031E-16,1.));
#7109=DIRECTION('center_axis',(1.,3.75102525530059E-15,-2.54426109809932E-15));
#7110=DIRECTION('ref_axis',(3.75102525530059E-15,-1.,-2.22044604925041E-16));
#7111=DIRECTION('center_axis',(-1.,-3.75102525531071E-15,2.54426109809932E-15));
#7112=DIRECTION('ref_axis',(-3.75102525531071E-15,1.,2.22044604925041E-16));
#7113=DIRECTION('center_axis',(3.75102525530059E-15,-1.,-2.22044604925041E-16));
#7114=DIRECTION('ref_axis',(0.707106781186553,2.93738130812092E-15,-0.707106781186542));
#7115=DIRECTION('center_axis',(-3.15950969091242E-13,1.,2.22044604925835E-16));
#7116=DIRECTION('ref_axis',(0.707106781186553,2.93738130812092E-15,-0.707106781186542));
#7117=DIRECTION('',(-3.75102525530059E-15,1.,2.22044604925041E-16));
#7118=DIRECTION('center_axis',(3.53305347940609E-12,-1.,-2.2204460493402E-16));
#7119=DIRECTION('ref_axis',(0.707106781186553,2.93738130812092E-15,-0.707106781186542));
#7120=DIRECTION('',(3.75102525530059E-15,-1.,-2.22044604925041E-16));
#7121=DIRECTION('center_axis',(-2.54426109809932E-15,2.22044604925031E-16,
-1.));
#7122=DIRECTION('ref_axis',(-2.54426109809932E-15,1.,2.22044604925038E-16));
#7123=DIRECTION('',(-1.,-3.15950969091242E-13,2.54426109809925E-15));
#7124=DIRECTION('',(3.75102525531071E-15,-1.,-2.22044604925041E-16));
#7125=DIRECTION('',(1.,3.53305347940609E-12,-2.54426109809853E-15));
#7126=DIRECTION('center_axis',(3.15950969091242E-13,-1.,-2.22044604925835E-16));
#7127=DIRECTION('ref_axis',(-1.,-3.15950969091242E-13,2.54426109809925E-15));
#7128=DIRECTION('',(-2.54426109809932E-15,2.22044604925031E-16,-1.));
#7129=DIRECTION('',(1.,3.15950969091242E-13,-2.54426109809925E-15));
#7130=DIRECTION('',(-2.54426109809932E-15,2.22044604925031E-16,-1.));
#7131=DIRECTION('center_axis',(-3.15950969091242E-13,1.,2.22044604925835E-16));
#7132=DIRECTION('ref_axis',(-0.707106781186557,-2.62336281638417E-15,-0.707106781186538));
#7133=DIRECTION('center_axis',(-3.75102525531071E-15,1.,2.22044604925041E-16));
#7134=DIRECTION('ref_axis',(-0.707106781186557,-2.62336281638417E-15,-0.707106781186538));
#7135=DIRECTION('center_axis',(3.53305347940609E-12,-1.,-2.2204460493402E-16));
#7136=DIRECTION('ref_axis',(-0.707106781186557,-2.62336281638417E-15,-0.707106781186538));
#7137=DIRECTION('',(-3.75102525531071E-15,1.,2.22044604925041E-16));
#7138=DIRECTION('center_axis',(-3.53305347940609E-12,1.,2.2204460493402E-16));
#7139=DIRECTION('ref_axis',(1.,3.53305347940609E-12,-2.54426109809853E-15));
#7140=DIRECTION('',(2.54426109809932E-15,-2.22044604925031E-16,1.));
#7141=DIRECTION('',(-1.,-3.53305347940609E-12,2.54426109809853E-15));
#7142=DIRECTION('',(-2.54426109809932E-15,2.22044604925031E-16,-1.));
#7143=DIRECTION('center_axis',(-1.,-3.75102525531071E-15,2.54426109809932E-15));
#7144=DIRECTION('ref_axis',(-3.75102525531071E-15,1.,2.22044604925041E-16));
#7145=DIRECTION('',(3.75102525531071E-15,-1.,-2.22044604925041E-16));
#7146=DIRECTION('center_axis',(2.54426109809932E-15,-2.22044604925031E-16,
1.));
#7147=DIRECTION('ref_axis',(2.54426109809932E-15,-1.,-2.22044604925038E-16));
#7148=DIRECTION('',(-3.75102525530059E-15,1.,2.22044604925041E-16));
#7149=DIRECTION('center_axis',(1.,3.75102525530059E-15,-2.54426109809932E-15));
#7150=DIRECTION('ref_axis',(3.75102525530059E-15,-1.,-2.22044604925041E-16));
#7151=DIRECTION('center_axis',(4.35440733390122E-15,-1.,-2.22044604925042E-16));
#7152=DIRECTION('ref_axis',(0.707106781186553,3.42803520145961E-15,-0.707106781186542));
#7153=DIRECTION('center_axis',(-3.16182265554706E-13,1.,2.22044604925836E-16));
#7154=DIRECTION('ref_axis',(0.707106781186553,3.42803520145961E-15,-0.707106781186542));
#7155=DIRECTION('',(-4.35440733390122E-15,1.,2.22044604925042E-16));
#7156=DIRECTION('center_axis',(3.53316912763783E-12,-1.,-2.22044604934021E-16));
#7157=DIRECTION('ref_axis',(0.707106781186553,3.42803520145961E-15,-0.707106781186542));
#7158=DIRECTION('',(4.35440733390122E-15,-1.,-2.22044604925042E-16));
#7159=DIRECTION('center_axis',(-3.53316912763783E-12,1.,2.22044604934021E-16));
#7160=DIRECTION('ref_axis',(1.,3.53316912763783E-12,-2.54426109809853E-15));
#7161=DIRECTION('',(1.,3.53316912763783E-12,-2.54426109809853E-15));
#7162=DIRECTION('center_axis',(3.53316912763783E-12,-1.,-2.22044604934021E-16));
#7163=DIRECTION('ref_axis',(-0.707106781186557,-2.62336281638417E-15,-0.707106781186538));
#7164=DIRECTION('',(-2.54426109809932E-15,2.22044604925031E-16,-1.));
#7165=DIRECTION('',(-1.,-3.53316912763783E-12,2.54426109809853E-15));
#7166=DIRECTION('',(-2.54426109809932E-15,2.22044604925031E-16,-1.));
#7167=DIRECTION('center_axis',(-2.54426109809932E-15,2.22044604925031E-16,
-1.));
#7168=DIRECTION('ref_axis',(-2.54426109809932E-15,1.,2.22044604925038E-16));
#7169=DIRECTION('',(-1.,-3.16182265554706E-13,2.54426109809925E-15));
#7170=DIRECTION('',(3.90187077496214E-15,-1.,-2.22044604925041E-16));
#7171=DIRECTION('center_axis',(-3.90187077496214E-15,1.,2.22044604925041E-16));
#7172=DIRECTION('ref_axis',(-0.707106781186557,-2.62336281638417E-15,-0.707106781186538));
#7173=DIRECTION('center_axis',(-3.16182265554706E-13,1.,2.22044604925836E-16));
#7174=DIRECTION('ref_axis',(-0.707106781186557,-2.62336281638417E-15,-0.707106781186538));
#7175=DIRECTION('',(-3.90187077496214E-15,1.,2.22044604925041E-16));
#7176=DIRECTION('center_axis',(2.54426109809932E-15,-2.22044604925031E-16,
1.));
#7177=DIRECTION('ref_axis',(2.54426109809932E-15,-1.,-2.22044604925038E-16));
#7178=DIRECTION('',(3.90187077496214E-15,-1.,-2.22044604925041E-16));
#7179=DIRECTION('',(1.,3.16182265554706E-13,-2.54426109809925E-15));
#7180=DIRECTION('',(-4.35440733390122E-15,1.,2.22044604925042E-16));
#7181=DIRECTION('center_axis',(3.16182265554706E-13,-1.,-2.22044604925836E-16));
#7182=DIRECTION('ref_axis',(-1.,-3.16182265554706E-13,2.54426109809925E-15));
#7183=DIRECTION('',(-2.54426109809932E-15,2.22044604925031E-16,-1.));
#7184=DIRECTION('',(2.54426109809932E-15,-2.22044604925031E-16,1.));
#7185=DIRECTION('center_axis',(1.,4.35440733390122E-15,-2.54426109809932E-15));
#7186=DIRECTION('ref_axis',(4.35440733390122E-15,-1.,-2.22044604925042E-16));
#7187=DIRECTION('center_axis',(-1.,-3.90187077496214E-15,2.54426109809932E-15));
#7188=DIRECTION('ref_axis',(-3.90187077496214E-15,1.,2.22044604925041E-16));
#7189=DIRECTION('center_axis',(-3.75102525531071E-15,1.,2.22044604925041E-16));
#7190=DIRECTION('ref_axis',(-0.707106781186557,-2.62336281638417E-15,-0.707106781186538));
#7191=DIRECTION('center_axis',(3.53305347940609E-12,-1.,-2.2204460493402E-16));
#7192=DIRECTION('ref_axis',(-0.707106781186557,-2.62336281638417E-15,-0.707106781186538));
#7193=DIRECTION('',(3.75102525531071E-15,-1.,-2.22044604925041E-16));
#7194=DIRECTION('center_axis',(-3.15950969091242E-13,1.,2.22044604925835E-16));
#7195=DIRECTION('ref_axis',(-0.707106781186557,-2.62336281638417E-15,-0.707106781186538));
#7196=DIRECTION('',(-3.75102525531071E-15,1.,2.22044604925041E-16));
#7197=DIRECTION('center_axis',(3.15950969091242E-13,-1.,-2.22044604925835E-16));
#7198=DIRECTION('ref_axis',(-1.,-3.15950969091242E-13,2.54426109809925E-15));
#7199=DIRECTION('',(-1.,-3.15950969091242E-13,2.54426109809925E-15));
#7200=DIRECTION('center_axis',(-3.15950969091242E-13,1.,2.22044604925835E-16));
#7201=DIRECTION('ref_axis',(0.707106781186553,2.93738130812092E-15,-0.707106781186542));
#7202=DIRECTION('',(-2.54426109809932E-15,2.22044604925031E-16,-1.));
#7203=DIRECTION('',(1.,3.15950969091242E-13,-2.54426109809925E-15));
#7204=DIRECTION('',(2.54426109809932E-15,-2.22044604925031E-16,1.));
#7205=DIRECTION('center_axis',(-2.54426109809932E-15,2.22044604925031E-16,
-1.));
#7206=DIRECTION('ref_axis',(-2.54426109809932E-15,1.,2.22044604925038E-16));
#7207=DIRECTION('',(1.,3.53305347940609E-12,-2.54426109809853E-15));
#7208=DIRECTION('',(-3.75102525530059E-15,1.,2.22044604925041E-16));
#7209=DIRECTION('center_axis',(3.75102525530059E-15,-1.,-2.22044604925041E-16));
#7210=DIRECTION('ref_axis',(0.707106781186553,2.93738130812092E-15,-0.707106781186542));
#7211=DIRECTION('center_axis',(3.53305347940609E-12,-1.,-2.2204460493402E-16));
#7212=DIRECTION('ref_axis',(0.707106781186553,2.93738130812092E-15,-0.707106781186542));
#7213=DIRECTION('',(3.75102525530059E-15,-1.,-2.22044604925041E-16));
#7214=DIRECTION('center_axis',(2.54426109809932E-15,-2.22044604925031E-16,
1.));
#7215=DIRECTION('ref_axis',(2.54426109809932E-15,-1.,-2.22044604925038E-16));
#7216=DIRECTION('',(3.75102525531071E-15,-1.,-2.22044604925041E-16));
#7217=DIRECTION('',(-3.75102525530059E-15,1.,2.22044604925041E-16));
#7218=DIRECTION('',(-1.,-3.53305347940609E-12,2.54426109809853E-15));
#7219=DIRECTION('center_axis',(1.,3.75102525530059E-15,-2.54426109809932E-15));
#7220=DIRECTION('ref_axis',(3.75102525530059E-15,-1.,-2.22044604925041E-16));
#7221=DIRECTION('',(-2.54426109809932E-15,2.22044604925031E-16,-1.));
#7222=DIRECTION('center_axis',(-3.53305347940609E-12,1.,2.2204460493402E-16));
#7223=DIRECTION('ref_axis',(1.,3.53305347940609E-12,-2.54426109809853E-15));
#7224=DIRECTION('',(-2.54426109809932E-15,2.22044604925031E-16,-1.));
#7225=DIRECTION('center_axis',(-1.,-3.75102525531071E-15,2.54426109809932E-15));
#7226=DIRECTION('ref_axis',(-3.75102525531071E-15,1.,2.22044604925041E-16));
#7227=DIRECTION('center_axis',(4.35440733390122E-15,-1.,-2.22044604925042E-16));
#7228=DIRECTION('ref_axis',(0.707106781186553,2.93738130812092E-15,-0.707106781186542));
#7229=DIRECTION('center_axis',(-3.15950969091242E-13,1.,2.22044604925835E-16));
#7230=DIRECTION('ref_axis',(0.707106781186553,2.93738130812092E-15,-0.707106781186542));
#7231=DIRECTION('',(-4.35440733390122E-15,1.,2.22044604925042E-16));
#7232=DIRECTION('center_axis',(3.53305347940609E-12,-1.,-2.2204460493402E-16));
#7233=DIRECTION('ref_axis',(0.707106781186553,2.93738130812092E-15,-0.707106781186542));
#7234=DIRECTION('',(4.35440733390122E-15,-1.,-2.22044604925042E-16));
#7235=DIRECTION('center_axis',(-3.53305347940609E-12,1.,2.2204460493402E-16));
#7236=DIRECTION('ref_axis',(1.,3.53305347940609E-12,-2.54426109809853E-15));
#7237=DIRECTION('',(1.,3.53305347940609E-12,-2.54426109809853E-15));
#7238=DIRECTION('center_axis',(3.53305347940609E-12,-1.,-2.2204460493402E-16));
#7239=DIRECTION('ref_axis',(-0.707106781186557,-2.62336281638417E-15,-0.707106781186538));
#7240=DIRECTION('',(-2.54426109809932E-15,2.22044604925031E-16,-1.));
#7241=DIRECTION('',(-1.,-3.53305347940609E-12,2.54426109809853E-15));
#7242=DIRECTION('',(-2.54426109809932E-15,2.22044604925031E-16,-1.));
#7243=DIRECTION('center_axis',(-2.54426109809932E-15,2.22044604925031E-16,
-1.));
#7244=DIRECTION('ref_axis',(-2.54426109809932E-15,1.,2.22044604925038E-16));
#7245=DIRECTION('',(-1.,-3.15950969091242E-13,2.54426109809925E-15));
#7246=DIRECTION('',(3.90187077496214E-15,-1.,-2.22044604925041E-16));
#7247=DIRECTION('center_axis',(-3.90187077496214E-15,1.,2.22044604925041E-16));
#7248=DIRECTION('ref_axis',(-0.707106781186557,-2.62336281638417E-15,-0.707106781186538));
#7249=DIRECTION('center_axis',(-3.15950969091242E-13,1.,2.22044604925835E-16));
#7250=DIRECTION('ref_axis',(-0.707106781186557,-2.62336281638417E-15,-0.707106781186538));
#7251=DIRECTION('',(-3.90187077496214E-15,1.,2.22044604925041E-16));
#7252=DIRECTION('center_axis',(2.54426109809932E-15,-2.22044604925031E-16,
1.));
#7253=DIRECTION('ref_axis',(2.54426109809932E-15,-1.,-2.22044604925038E-16));
#7254=DIRECTION('',(3.90187077496214E-15,-1.,-2.22044604925041E-16));
#7255=DIRECTION('',(1.,3.15950969091242E-13,-2.54426109809925E-15));
#7256=DIRECTION('',(-4.35440733390122E-15,1.,2.22044604925042E-16));
#7257=DIRECTION('center_axis',(3.15950969091242E-13,-1.,-2.22044604925835E-16));
#7258=DIRECTION('ref_axis',(-1.,-3.15950969091242E-13,2.54426109809925E-15));
#7259=DIRECTION('',(-2.54426109809932E-15,2.22044604925031E-16,-1.));
#7260=DIRECTION('',(2.54426109809932E-15,-2.22044604925031E-16,1.));
#7261=DIRECTION('center_axis',(1.,4.35440733390122E-15,-2.54426109809932E-15));
#7262=DIRECTION('ref_axis',(4.35440733390122E-15,-1.,-2.22044604925042E-16));
#7263=DIRECTION('center_axis',(-1.,-3.90187077496214E-15,2.54426109809932E-15));
#7264=DIRECTION('ref_axis',(-3.90187077496214E-15,1.,2.22044604925041E-16));
#7265=DIRECTION('center_axis',(3.75102525530059E-15,-1.,-2.22044604925041E-16));
#7266=DIRECTION('ref_axis',(0.707106781186553,2.44672741478224E-15,-0.707106781186542));
#7267=DIRECTION('center_axis',(-3.16182265554706E-13,1.,2.22044604925836E-16));
#7268=DIRECTION('ref_axis',(0.707106781186553,2.44672741478224E-15,-0.707106781186542));
#7269=DIRECTION('',(-3.75102525530059E-15,1.,2.22044604925041E-16));
#7270=DIRECTION('center_axis',(3.53316912763783E-12,-1.,-2.22044604934021E-16));
#7271=DIRECTION('ref_axis',(0.707106781186553,2.44672741478224E-15,-0.707106781186542));
#7272=DIRECTION('',(3.75102525530059E-15,-1.,-2.22044604925041E-16));
#7273=DIRECTION('center_axis',(-3.53316912763783E-12,1.,2.22044604934021E-16));
#7274=DIRECTION('ref_axis',(1.,3.53316912763783E-12,-2.54426109809853E-15));
#7275=DIRECTION('',(1.,3.53316912763783E-12,-2.54426109809853E-15));
#7276=DIRECTION('center_axis',(3.53316912763783E-12,-1.,-2.22044604934021E-16));
#7277=DIRECTION('ref_axis',(-0.707106781186557,-2.62336281638417E-15,-0.707106781186538));
#7278=DIRECTION('',(-2.54426109809932E-15,2.22044604925031E-16,-1.));
#7279=DIRECTION('',(-1.,-3.53316912763783E-12,2.54426109809853E-15));
#7280=DIRECTION('',(-2.54426109809932E-15,2.22044604925031E-16,-1.));
#7281=DIRECTION('center_axis',(-2.54426109809932E-15,2.22044604925031E-16,
-1.));
#7282=DIRECTION('ref_axis',(-2.54426109809932E-15,1.,2.22044604925038E-16));
#7283=DIRECTION('',(-1.,-3.16182265554706E-13,2.54426109809925E-15));
#7284=DIRECTION('',(3.75102525531071E-15,-1.,-2.22044604925041E-16));
#7285=DIRECTION('center_axis',(-3.75102525531071E-15,1.,2.22044604925041E-16));
#7286=DIRECTION('ref_axis',(-0.707106781186557,-2.62336281638417E-15,-0.707106781186538));
#7287=DIRECTION('center_axis',(-3.16182265554706E-13,1.,2.22044604925836E-16));
#7288=DIRECTION('ref_axis',(-0.707106781186557,-2.62336281638417E-15,-0.707106781186538));
#7289=DIRECTION('',(-3.75102525531071E-15,1.,2.22044604925041E-16));
#7290=DIRECTION('center_axis',(2.54426109809932E-15,-2.22044604925031E-16,
1.));
#7291=DIRECTION('ref_axis',(2.54426109809932E-15,-1.,-2.22044604925038E-16));
#7292=DIRECTION('',(3.75102525531071E-15,-1.,-2.22044604925041E-16));
#7293=DIRECTION('',(1.,3.16182265554706E-13,-2.54426109809925E-15));
#7294=DIRECTION('',(-3.75102525530059E-15,1.,2.22044604925041E-16));
#7295=DIRECTION('center_axis',(3.16182265554706E-13,-1.,-2.22044604925836E-16));
#7296=DIRECTION('ref_axis',(-1.,-3.16182265554706E-13,2.54426109809925E-15));
#7297=DIRECTION('',(-2.54426109809932E-15,2.22044604925031E-16,-1.));
#7298=DIRECTION('',(2.54426109809932E-15,-2.22044604925031E-16,1.));
#7299=DIRECTION('center_axis',(1.,3.75102525530059E-15,-2.54426109809932E-15));
#7300=DIRECTION('ref_axis',(3.75102525530059E-15,-1.,-2.22044604925041E-16));
#7301=DIRECTION('center_axis',(-1.,-3.75102525531071E-15,2.54426109809932E-15));
#7302=DIRECTION('ref_axis',(-3.75102525531071E-15,1.,2.22044604925041E-16));
#7303=DIRECTION('center_axis',(-1.15648231731788E-15,1.,2.22044604925034E-16));
#7304=DIRECTION('ref_axis',(-0.707106781186551,-1.64205502970678E-15,-0.707106781186544));
#7305=DIRECTION('center_axis',(7.06671918741699E-16,-1.,-2.22044604925033E-16));
#7306=DIRECTION('ref_axis',(-0.707106781186551,-1.64205502970678E-15,-0.707106781186544));
#7307=DIRECTION('',(1.15648231731788E-15,-1.,-2.22044604925034E-16));
#7308=DIRECTION('center_axis',(-9.28226398621989E-16,1.,2.22044604925034E-16));
#7309=DIRECTION('ref_axis',(-0.707106781186551,-1.64205502970678E-15,-0.707106781186544));
#7310=DIRECTION('',(-1.15648231731788E-15,1.,2.22044604925034E-16));
#7311=DIRECTION('center_axis',(-2.54426109809932E-15,2.22044604925031E-16,
-1.));
#7312=DIRECTION('ref_axis',(-2.54426109809932E-15,1.,2.22044604925038E-16));
#7313=DIRECTION('',(1.,1.48690583655155E-15,-2.54426109809932E-15));
#7314=DIRECTION('',(-3.93203987888076E-15,1.,2.22044604925041E-16));
#7315=DIRECTION('',(-1.,-2.54426109809932E-15,2.54426109809932E-15));
#7316=DIRECTION('center_axis',(-7.06671918741699E-16,1.,2.22044604925033E-16));
#7317=DIRECTION('ref_axis',(1.,7.06671918741699E-16,-2.54426109809932E-15));
#7318=DIRECTION('',(-2.54426109809932E-15,2.22044604925031E-16,-1.));
#7319=DIRECTION('',(-1.,-9.58842568600673E-16,2.54426109809932E-15));
#7320=DIRECTION('',(2.54426109809932E-15,-2.22044604925031E-16,1.));
#7321=DIRECTION('',(1.,8.97610228643305E-16,-2.54426109809932E-15));
#7322=DIRECTION('',(-2.54426109809932E-15,2.22044604925031E-16,-1.));
#7323=DIRECTION('',(-1.,-9.58842568600673E-16,2.54426109809932E-15));
#7324=DIRECTION('',(-2.54426109809932E-15,2.22044604925031E-16,-1.));
#7325=DIRECTION('center_axis',(7.06671918741699E-16,-1.,-2.22044604925033E-16));
#7326=DIRECTION('ref_axis',(0.707106781186547,1.95607352144354E-15,-0.707106781186548));
#7327=DIRECTION('',(-2.54426109809932E-15,2.22044604925031E-16,-1.));
#7328=DIRECTION('',(1.,7.06671918741699E-16,-2.54426109809932E-15));
#7329=DIRECTION('',(2.48874994686806E-15,-2.22044604925031E-16,1.));
#7330=DIRECTION('',(-1.,-7.06671918741699E-16,2.54426109809932E-15));
#7331=DIRECTION('',(-2.54426109809932E-15,2.22044604925031E-16,-1.));
#7332=DIRECTION('',(-1.,-7.06671918741699E-16,2.54426109809932E-15));
#7333=DIRECTION('',(2.54426109809932E-15,-2.22044604925031E-16,1.));
#7334=DIRECTION('',(-1.,-7.06671918741699E-16,2.54426109809932E-15));
#7335=DIRECTION('center_axis',(3.93203987888076E-15,-1.,-2.22044604925041E-16));
#7336=DIRECTION('ref_axis',(0.707106781186547,1.95607352144354E-15,-0.707106781186548));
#7337=DIRECTION('center_axis',(-9.28226398621989E-16,1.,2.22044604925034E-16));
#7338=DIRECTION('ref_axis',(0.707106781186547,1.95607352144354E-15,-0.707106781186548));
#7339=DIRECTION('',(3.93203987888076E-15,-1.,-2.22044604925041E-16));
#7340=DIRECTION('center_axis',(1.,3.93203987888076E-15,-2.54426109809932E-15));
#7341=DIRECTION('ref_axis',(3.93203987888076E-15,-1.,-2.22044604925041E-16));
#7342=DIRECTION('',(-3.93203987888076E-15,1.,2.22044604925041E-16));
#7343=DIRECTION('',(-2.54426109809932E-15,2.22044604925031E-16,-1.));
#7344=DIRECTION('center_axis',(-1.,-1.15648231731788E-15,2.54426109809932E-15));
#7345=DIRECTION('ref_axis',(-1.15648231731788E-15,1.,2.22044604925034E-16));
#7346=DIRECTION('',(-2.54426109809932E-15,2.22044604925031E-16,-1.));
#7347=DIRECTION('',(1.15648231731788E-15,-1.,-2.22044604925034E-16));
#7348=DIRECTION('center_axis',(-2.54426109809932E-15,2.22044604925031E-16,
-1.));
#7349=DIRECTION('ref_axis',(-1.,-9.58842568600673E-16,2.54426109809932E-15));
#7350=DIRECTION('',(8.97610228643305E-16,-1.,-2.22044604925034E-16));
#7351=DIRECTION('',(1.,9.58842568600673E-16,-2.54426109809932E-15));
#7352=DIRECTION('center_axis',(-2.54426109809932E-15,2.22044604925031E-16,
-1.));
#7353=DIRECTION('ref_axis',(-1.,-9.58842568600673E-16,2.54426109809932E-15));
#7354=DIRECTION('',(1.,9.58842568600673E-16,-2.54426109809932E-15));
#7355=DIRECTION('',(-7.06671918741699E-16,1.,2.22044604925033E-16));
#7356=DIRECTION('center_axis',(-2.84144128427326E-15,1.,2.22044604925039E-16));
#7357=DIRECTION('ref_axis',(1.,2.84144128427326E-15,-2.54426109809932E-15));
#7358=DIRECTION('',(-2.63293489106362E-15,1.,1.85279302151975E-16));
#7359=DIRECTION('center_axis',(-2.84144128427326E-15,1.,2.22044604925039E-16));
#7360=DIRECTION('ref_axis',(1.,2.62971834385989E-15,-2.54426109809932E-15));
#7361=DIRECTION('',(-2.48302875814195E-15,1.,2.22044604925038E-16));
#7362=DIRECTION('center_axis',(2.84144128427326E-15,-1.,-2.22044604925039E-16));
#7363=DIRECTION('ref_axis',(0.984807753012211,2.84556546573986E-15,-0.173648177666914));
#7364=DIRECTION('center_axis',(2.62669818740655E-15,-1.,-2.20649406216664E-16));
#7365=DIRECTION('ref_axis',(-0.173648177666895,-2.38824107584371E-16,-0.984807753012214));
#7366=DIRECTION('',(-0.984807753012211,-2.6251081070739E-15,0.173648177666913));
#7367=DIRECTION('',(-0.173648177666895,-2.38824107584371E-16,-0.984807753012214));
#7368=DIRECTION('',(0.984807753012211,2.6251081070739E-15,-0.173648177666913));
#7369=DIRECTION('',(0.173648177666895,2.38824107584371E-16,0.984807753012214));
#7370=DIRECTION('center_axis',(-0.984807753012213,-2.16251518014676E-15,
0.173648177666904));
#7371=DIRECTION('ref_axis',(-2.17736979013715E-15,1.,1.04950883389472E-16));
#7372=DIRECTION('',(2.17736979013715E-15,-1.,-1.04950883389472E-16));
#7373=DIRECTION('',(-2.17736979013716E-15,1.,1.04950883389472E-16));
#7374=DIRECTION('',(0.173648177666894,2.3882410758437E-16,0.984807753012214));
#7375=DIRECTION('center_axis',(-2.84144128427326E-15,1.,2.22044604925039E-16));
#7376=DIRECTION('ref_axis',(1.,2.84144128427326E-15,-2.54426109809932E-15));
#7377=DIRECTION('',(0.984807753012211,2.6251081070739E-15,-0.173648177666913));
#7378=DIRECTION('',(1.,2.62971834385988E-15,-2.54426109809932E-15));
#7379=DIRECTION('center_axis',(2.84144128427326E-15,-1.,-2.22044604925039E-16));
#7380=DIRECTION('ref_axis',(0.984807753012211,2.61426900227629E-15,-0.173648177666913));
#7381=DIRECTION('center_axis',(2.84144128427326E-15,-1.,-2.22044604925039E-16));
#7382=DIRECTION('ref_axis',(-1.,-2.84144128427326E-15,2.54426109809932E-15));
#7383=DIRECTION('center_axis',(2.84144128427326E-15,-1.,-2.22044604925039E-16));
#7384=DIRECTION('ref_axis',(0.984807753012211,2.61426900227629E-15,-0.173648177666914));
#7385=DIRECTION('',(1.,2.62971834385988E-15,-2.54426109809932E-15));
#7386=DIRECTION('center_axis',(-2.63293489106362E-15,1.,1.85279302151975E-16));
#7387=DIRECTION('ref_axis',(0.173648177666913,2.74739852516874E-16,0.984807753012211));
#7388=DIRECTION('',(0.984807753012211,2.6251081070739E-15,-0.173648177666913));
#7389=DIRECTION('',(0.173648177666913,2.74739852516874E-16,0.984807753012211));
#7390=DIRECTION('center_axis',(0.173648177666913,2.74739852516874E-16,0.984807753012211));
#7391=DIRECTION('ref_axis',(2.17736979013716E-15,-1.,-1.04950883389472E-16));
#7392=DIRECTION('',(2.17736979013716E-15,-1.,-1.04950883389472E-16));
#7393=DIRECTION('center_axis',(-2.84144128427326E-15,1.,2.22044604925039E-16));
#7394=DIRECTION('ref_axis',(1.,2.84144128427326E-15,-2.54426109809932E-15));
#7395=DIRECTION('',(2.73519940800092E-15,-1.,-2.22044604925038E-16));
#7396=DIRECTION('center_axis',(-0.984807753012211,-2.6251081070739E-15,
0.173648177666913));
#7397=DIRECTION('ref_axis',(-2.63293489106362E-15,1.,1.85279302151975E-16));
#7398=DIRECTION('center_axis',(-2.62971834385988E-15,1.,2.22044604925038E-16));
#7399=DIRECTION('ref_axis',(2.54426109809932E-15,-2.22044604925031E-16,
1.));
#7400=DIRECTION('',(-2.54426109809932E-15,2.22044604925031E-16,-1.));
#7401=DIRECTION('',(1.,2.62971834385988E-15,-2.54426109809932E-15));
#7402=DIRECTION('',(2.54426109809932E-15,-2.22044604925031E-16,1.));
#7403=DIRECTION('center_axis',(-2.54426109809932E-15,2.22044604925031E-16,
-1.));
#7404=DIRECTION('ref_axis',(-3.55490419771418E-15,1.,2.2204460492504E-16));
#7405=DIRECTION('',(2.73519940800092E-15,-1.,-2.22044604925038E-16));
#7406=DIRECTION('',(1.,2.62971834385988E-15,-2.54426109809932E-15));
#7407=DIRECTION('',(-2.48302875814195E-15,1.,2.22044604925038E-16));
#7408=DIRECTION('center_axis',(1.,2.73519940800092E-15,-2.54426109809932E-15));
#7409=DIRECTION('ref_axis',(2.73519940800092E-15,-1.,-2.22044604925038E-16));
#7410=DIRECTION('',(-2.54426109809932E-15,2.22044604925031E-16,-1.));
#7411=DIRECTION('',(2.74861252424772E-15,-1.,-2.22044604925038E-16));
#7412=DIRECTION('',(2.54426109809932E-15,-2.22044604925031E-16,1.));
#7413=DIRECTION('',(2.74861252424772E-15,-1.,-2.22044604925038E-16));
#7414=DIRECTION('',(2.54426109809932E-15,-2.22044604925031E-16,1.));
#7415=DIRECTION('',(2.54426109809932E-15,-2.22044604925031E-16,1.));
#7416=DIRECTION('',(2.73519940800092E-15,-1.,-2.22044604925038E-16));
#7417=DIRECTION('',(-2.54426109809932E-15,2.22044604925031E-16,-1.));
#7418=DIRECTION('',(-2.73519940800092E-15,1.,2.22044604925038E-16));
#7419=DIRECTION('center_axis',(2.62971834385988E-15,-1.,-2.22044604925038E-16));
#7420=DIRECTION('ref_axis',(-2.54426109809932E-15,2.22044604925031E-16,
-1.));
#7421=DIRECTION('',(-2.54426109809932E-15,2.22044604925031E-16,-1.));
#7422=DIRECTION('',(1.,2.62971834385988E-15,-2.54426109809932E-15));
#7423=DIRECTION('center_axis',(-2.54426109809932E-15,2.22044604925031E-16,
-1.));
#7424=DIRECTION('ref_axis',(-3.55490419771418E-15,1.,2.2204460492504E-16));
#7425=DIRECTION('',(-2.48302875814195E-15,1.,2.22044604925038E-16));
#7426=DIRECTION('',(1.,2.62971834385988E-15,-2.54426109809932E-15));
#7427=DIRECTION('center_axis',(1.,2.48302875814195E-15,-2.54426109809932E-15));
#7428=DIRECTION('ref_axis',(2.48302875814195E-15,-1.,-2.22044604925038E-16));
#7429=DIRECTION('',(2.54426109809932E-15,-2.22044604925031E-16,1.));
#7430=DIRECTION('',(2.72178629175412E-15,-1.,-2.22044604925038E-16));
#7431=DIRECTION('',(-2.54426109809932E-15,2.22044604925031E-16,-1.));
#7432=DIRECTION('',(-2.74861252424772E-15,1.,2.22044604925038E-16));
#7433=DIRECTION('',(-2.54426109809932E-15,2.22044604925031E-16,-1.));
#7434=DIRECTION('',(2.48302875814195E-15,-1.,-2.22044604925038E-16));
#7435=DIRECTION('',(2.54426109809932E-15,-2.22044604925031E-16,1.));
#7436=DIRECTION('center_axis',(2.54426109809932E-15,-2.22044604925031E-16,
1.));
#7437=DIRECTION('ref_axis',(-3.49367185775681E-15,1.,2.2204460492504E-16));
#7438=DIRECTION('',(-1.,-3.55490419771418E-15,2.54426109809932E-15));
#7439=DIRECTION('',(-1.,-3.55490419771418E-15,2.54426109809932E-15));
#7440=DIRECTION('center_axis',(-3.55490419771418E-15,1.,2.2204460492504E-16));
#7441=DIRECTION('ref_axis',(-2.54426109809932E-15,2.22044604925031E-16,
-1.));
#7442=DIRECTION('center_axis',(3.55490419771418E-15,-1.,-1.81819133018332E-16));
#7443=DIRECTION('ref_axis',(2.54426109809932E-15,-1.81819133018323E-16,
1.));
#7444=DIRECTION('center_axis',(3.25772401154023E-15,-1.,-2.2204460492504E-16));
#7445=DIRECTION('ref_axis',(-1.,-3.25772401154023E-15,2.54426109809932E-15));
#7446=DIRECTION('',(-3.46623040474987E-15,1.,1.85279302151977E-16));
#7447=DIRECTION('center_axis',(-3.25772401154023E-15,1.,2.2204460492504E-16));
#7448=DIRECTION('ref_axis',(-0.984807753012212,-3.16093980448029E-15,-0.173648177666909));
#7449=DIRECTION('',(3.04958264790675E-15,-1.,-2.22044604925039E-16));
#7450=DIRECTION('center_axis',(3.25772401154023E-15,-1.,-2.2204460492504E-16));
#7451=DIRECTION('ref_axis',(-1.,-3.46944695195361E-15,2.54426109809932E-15));
#7452=DIRECTION('center_axis',(-3.47246710840694E-15,1.,2.20649406216666E-16));
#7453=DIRECTION('ref_axis',(0.17364817766689,8.20284831322794E-16,-0.984807753012215));
#7454=DIRECTION('',(0.984807753012212,3.38139716314624E-15,0.173648177666908));
#7455=DIRECTION('',(-0.17364817766689,-8.20284831322794E-16,0.984807753012215));
#7456=DIRECTION('',(-0.984807753012212,-3.38139716314624E-15,-0.173648177666908));
#7457=DIRECTION('',(0.17364817766689,8.20284831322794E-16,-0.984807753012215));
#7458=DIRECTION('center_axis',(-0.984807753012214,-3.8439900900734E-15,
-0.173648177666899));
#7459=DIRECTION('ref_axis',(-3.92179550567634E-15,1.,1.04950883389476E-16));
#7460=DIRECTION('',(3.92179550567634E-15,-1.,-1.04950883389476E-16));
#7461=DIRECTION('',(-0.173648177666889,-8.20284831322793E-16,0.984807753012215));
#7462=DIRECTION('',(-3.92179550567634E-15,1.,1.04950883389476E-16));
#7463=DIRECTION('center_axis',(3.25772401154023E-15,-1.,-2.2204460492504E-16));
#7464=DIRECTION('ref_axis',(-1.,-3.25772401154024E-15,2.54426109809932E-15));
#7465=DIRECTION('',(-0.984807753012212,-3.38139716314624E-15,-0.173648177666908));
#7466=DIRECTION('center_axis',(-3.25772401154023E-15,1.,2.2204460492504E-16));
#7467=DIRECTION('ref_axis',(-0.984807753012212,-3.39223626794385E-15,-0.173648177666908));
#7468=DIRECTION('',(-1.,-3.46944695195361E-15,2.54426109809932E-15));
#7469=DIRECTION('center_axis',(-3.25772401154023E-15,1.,2.2204460492504E-16));
#7470=DIRECTION('ref_axis',(1.,3.25772401154024E-15,-2.54426109809932E-15));
#7471=DIRECTION('',(-1.,-3.46944695195361E-15,2.54426109809932E-15));
#7472=DIRECTION('center_axis',(-3.25772401154023E-15,1.,2.2204460492504E-16));
#7473=DIRECTION('ref_axis',(-0.984807753012212,-3.39223626794386E-15,-0.173648177666909));
#7474=DIRECTION('center_axis',(3.46623040474987E-15,-1.,-1.85279302151977E-16));
#7475=DIRECTION('ref_axis',(-0.173648177666908,-7.84369086390405E-16,0.984807753012212));
#7476=DIRECTION('',(-0.173648177666908,-7.84369086390405E-16,0.984807753012212));
#7477=DIRECTION('',(-0.984807753012212,-3.38139716314624E-15,-0.173648177666908));
#7478=DIRECTION('center_axis',(0.173648177666908,7.84369086390405E-16,-0.984807753012212));
#7479=DIRECTION('ref_axis',(3.92179550567634E-15,-1.,-1.04950883389476E-16));
#7480=DIRECTION('',(3.92179550567634E-15,-1.,-1.04950883389476E-16));
#7481=DIRECTION('center_axis',(3.25772401154023E-15,-1.,-2.2204460492504E-16));
#7482=DIRECTION('ref_axis',(-1.,-3.25772401154023E-15,2.54426109809932E-15));
#7483=DIRECTION('',(-3.25772401154023E-15,1.,2.2204460492504E-16));
#7484=DIRECTION('center_axis',(-0.984807753012212,-3.38139716314624E-15,
-0.173648177666908));
#7485=DIRECTION('ref_axis',(-3.46623040474987E-15,1.,1.85279302151977E-16));
#7486=DIRECTION('center_axis',(3.46944695195361E-15,-1.,-2.2204460492504E-16));
#7487=DIRECTION('ref_axis',(2.54426109809932E-15,-2.22044604925031E-16,
1.));
#7488=DIRECTION('',(-2.54426109809932E-15,2.22044604925031E-16,-1.));
#7489=DIRECTION('',(-1.,-3.46944695195361E-15,2.54426109809932E-15));
#7490=DIRECTION('',(2.54426109809932E-15,-2.22044604925031E-16,1.));
#7491=DIRECTION('center_axis',(2.54426109809932E-15,-2.22044604925031E-16,
1.));
#7492=DIRECTION('ref_axis',(-2.54426109809932E-15,1.,2.22044604925038E-16));
#7493=DIRECTION('',(-3.25772401154023E-15,1.,2.2204460492504E-16));
#7494=DIRECTION('',(3.04958264790675E-15,-1.,-2.22044604925039E-16));
#7495=DIRECTION('',(-1.,-3.46944695195361E-15,2.54426109809932E-15));
#7496=DIRECTION('center_axis',(-1.,-3.04958264790675E-15,2.54426109809932E-15));
#7497=DIRECTION('ref_axis',(-3.04958264790675E-15,1.,2.22044604925039E-16));
#7498=DIRECTION('',(-2.54426109809932E-15,2.22044604925031E-16,-1.));
#7499=DIRECTION('',(3.28834018151892E-15,-1.,-2.2204460492504E-16));
#7500=DIRECTION('',(2.54426109809932E-15,-2.22044604925031E-16,1.));
#7501=DIRECTION('',(-3.22710784156155E-15,1.,2.22044604925039E-16));
#7502=DIRECTION('',(2.54426109809932E-15,-2.22044604925031E-16,1.));
#7503=DIRECTION('',(2.54426109809932E-15,-2.22044604925031E-16,1.));
#7504=DIRECTION('',(3.04958264790675E-15,-1.,-2.22044604925039E-16));
#7505=DIRECTION('',(-2.54426109809932E-15,2.22044604925031E-16,-1.));
#7506=DIRECTION('',(-3.04958264790675E-15,1.,2.22044604925039E-16));
#7507=DIRECTION('center_axis',(-3.46944695195361E-15,1.,2.2204460492504E-16));
#7508=DIRECTION('ref_axis',(-2.54426109809932E-15,2.22044604925031E-16,
-1.));
#7509=DIRECTION('',(-2.54426109809932E-15,2.22044604925031E-16,-1.));
#7510=DIRECTION('',(-1.,-3.46944695195361E-15,2.54426109809932E-15));
#7511=DIRECTION('center_axis',(2.54426109809932E-15,-2.22044604925031E-16,
1.));
#7512=DIRECTION('ref_axis',(-2.54426109809932E-15,1.,2.22044604925038E-16));
#7513=DIRECTION('',(-3.25772401154023E-15,1.,2.2204460492504E-16));
#7514=DIRECTION('',(-1.,-3.46944695195361E-15,2.54426109809932E-15));
#7515=DIRECTION('center_axis',(-1.,-3.25772401154023E-15,2.54426109809932E-15));
#7516=DIRECTION('ref_axis',(-3.25772401154023E-15,1.,2.2204460492504E-16));
#7517=DIRECTION('',(2.54426109809932E-15,-2.22044604925031E-16,1.));
#7518=DIRECTION('',(3.22710784156155E-15,-1.,-2.22044604925039E-16));
#7519=DIRECTION('',(-2.54426109809932E-15,2.22044604925031E-16,-1.));
#7520=DIRECTION('',(3.22710784156155E-15,-1.,-2.22044604925039E-16));
#7521=DIRECTION('',(-2.54426109809932E-15,2.22044604925031E-16,-1.));
#7522=DIRECTION('',(3.25772401154023E-15,-1.,-2.2204460492504E-16));
#7523=DIRECTION('',(2.54426109809932E-15,-2.22044604925031E-16,1.));
#7524=DIRECTION('center_axis',(-2.54426109809932E-15,2.22044604925031E-16,
-1.));
#7525=DIRECTION('ref_axis',(-2.60549343805668E-15,1.,2.22044604925038E-16));
#7526=DIRECTION('',(1.,2.54426109809932E-15,-2.54426109809932E-15));
#7527=DIRECTION('',(1.,2.54426109809932E-15,-2.54426109809932E-15));
#7528=DIRECTION('center_axis',(2.54426109809932E-15,-1.,-2.22044604925038E-16));
#7529=DIRECTION('ref_axis',(-2.54426109809932E-15,2.22044604925031E-16,
-1.));
#7530=DIRECTION('center_axis',(-2.54426109809932E-15,1.,1.81819133018329E-16));
#7531=DIRECTION('ref_axis',(2.54426109809932E-15,-1.81819133018323E-16,
1.));
#7532=DIRECTION('center_axis',(-1.,-2.30550356448715E-15,2.54426109809932E-15));
#7533=DIRECTION('ref_axis',(-2.30550356448715E-15,1.,2.22044604925037E-16));
#7534=DIRECTION('',(-1.,-2.08506873375202E-15,2.50539248995281E-15));
#7535=DIRECTION('center_axis',(-1.,-2.30550356448715E-15,2.54426109809932E-15));
#7536=DIRECTION('ref_axis',(-2.31296463463574E-15,1.,1.14723045877933E-15));
#7537=DIRECTION('center_axis',(1.,2.30550356448715E-15,-2.54426109809932E-15));
#7538=DIRECTION('ref_axis',(-2.71611789482576E-15,0.984807753012211,-0.173648177666911));
#7539=DIRECTION('center_axis',(1.,2.08506873375202E-15,-2.50539248995281E-15));
#7540=DIRECTION('ref_axis',(-2.10526156251781E-15,-0.173648177666911,-0.984807753012211));
#7541=DIRECTION('',(2.48844869478301E-15,-0.984807753012211,0.173648177666911));
#7542=DIRECTION('',(-2.10526156251781E-15,-0.173648177666911,-0.984807753012212));
#7543=DIRECTION('',(-2.48844869478301E-15,0.984807753012211,-0.173648177666911));
#7544=DIRECTION('',(2.10526156251781E-15,0.173648177666911,0.984807753012212));
#7545=DIRECTION('center_axis',(2.95104162171016E-15,-0.984807753012212,
0.173648177666911));
#7546=DIRECTION('ref_axis',(-1.,-2.54063383467849E-15,2.58572090871532E-15));
#7547=DIRECTION('',(1.,2.54063383467849E-15,-2.58572090871532E-15));
#7548=DIRECTION('',(-1.,-2.54063383467849E-15,2.58572090871532E-15));
#7549=DIRECTION('',(2.10526156251781E-15,0.173648177666911,0.984807753012212));
#7550=DIRECTION('center_axis',(-1.,-2.30550356448715E-15,2.54426109809932E-15));
#7551=DIRECTION('ref_axis',(-2.30550356448715E-15,1.,2.22044604925037E-16));
#7552=DIRECTION('',(-2.48844869478301E-15,0.984807753012211,-0.173648177666911));
#7553=DIRECTION('',(-2.08166817117217E-15,1.,2.22044604925037E-16));
#7554=DIRECTION('center_axis',(1.,2.30550356448715E-15,-2.54426109809932E-15));
#7555=DIRECTION('ref_axis',(-2.48482143136218E-15,0.984807753012212,-0.17364817766691));
#7556=DIRECTION('center_axis',(1.,2.30550356448715E-15,-2.54426109809932E-15));
#7557=DIRECTION('ref_axis',(2.30550356448715E-15,-1.,-2.22044604925037E-16));
#7558=DIRECTION('center_axis',(1.,2.30550356448715E-15,-2.54426109809932E-15));
#7559=DIRECTION('ref_axis',(-2.48482143136218E-15,0.984807753012212,-0.173648177666909));
#7560=DIRECTION('',(-2.08166817117217E-15,1.,2.22044604925037E-16));
#7561=DIRECTION('center_axis',(-1.,-2.08708289549335E-15,2.49396961108742E-15));
#7562=DIRECTION('ref_axis',(2.09366246733354E-15,0.173648177666911,0.984807753012211));
#7563=DIRECTION('',(-2.48844869478301E-15,0.984807753012211,-0.173648177666911));
#7564=DIRECTION('',(2.09366246733354E-15,0.173648177666911,0.984807753012211));
#7565=DIRECTION('center_axis',(2.10526156251781E-15,0.173648177666911,0.984807753012212));
#7566=DIRECTION('ref_axis',(1.,2.54063383467849E-15,-2.58572090871532E-15));
#7567=DIRECTION('',(1.,2.54063383467849E-15,-2.58572090871532E-15));
#7568=DIRECTION('center_axis',(-1.,-2.30550356448715E-15,2.54426109809932E-15));
#7569=DIRECTION('ref_axis',(-2.30550356448715E-15,1.,2.22044604925037E-16));
#7570=DIRECTION('',(1.,9.28226398621989E-16,-2.54426109809932E-15));
#7571=DIRECTION('center_axis',(2.48844869478301E-15,-0.984807753012212,
0.173648177666911));
#7572=DIRECTION('ref_axis',(-1.,-2.08506873375202E-15,2.50539248995281E-15));
#7573=DIRECTION('center_axis',(-1.,-2.08166817117217E-15,2.54426109809932E-15));
#7574=DIRECTION('ref_axis',(2.54426109809932E-15,-2.22044604925031E-16,
1.));
#7575=DIRECTION('',(-2.54426109809932E-15,2.22044604925031E-16,-1.));
#7576=DIRECTION('',(-2.08166817117217E-15,1.,2.22044604925037E-16));
#7577=DIRECTION('center_axis',(-2.54426109809932E-15,2.22044604925031E-16,
-1.));
#7578=DIRECTION('ref_axis',(-1.,-2.54426109809932E-15,2.54426109809932E-15));
#7579=DIRECTION('',(1.,9.28226398621989E-16,-2.54426109809932E-15));
#7580=DIRECTION('',(-2.08166817117217E-15,1.,2.22044604925037E-16));
#7581=DIRECTION('center_axis',(9.28226398621989E-16,-1.,-2.22044604925034E-16));
#7582=DIRECTION('ref_axis',(-1.,-9.28226398621989E-16,2.54426109809932E-15));
#7583=DIRECTION('',(2.54426109809932E-15,-2.22044604925031E-16,1.));
#7584=DIRECTION('',(1.,9.58842568600673E-16,-2.54426109809932E-15));
#7585=DIRECTION('',(-2.54426109809932E-15,2.22044604925031E-16,-1.));
#7586=DIRECTION('',(2.54426109809932E-15,-2.22044604925031E-16,1.));
#7587=DIRECTION('',(2.54426109809932E-15,-2.22044604925031E-16,1.));
#7588=DIRECTION('',(1.,9.28226398621989E-16,-2.54426109809932E-15));
#7589=DIRECTION('',(-2.48874994686806E-15,2.22044604925031E-16,-1.));
#7590=DIRECTION('',(-1.,-9.28226398621989E-16,2.54426109809932E-15));
#7591=DIRECTION('center_axis',(1.,2.08166817117217E-15,-2.54426109809932E-15));
#7592=DIRECTION('ref_axis',(-2.54426109809932E-15,2.22044604925031E-16,
-1.));
#7593=DIRECTION('',(-2.08166817117217E-15,1.,2.22044604925037E-16));
#7594=DIRECTION('center_axis',(-2.54426109809932E-15,2.22044604925031E-16,
-1.));
#7595=DIRECTION('ref_axis',(-1.,-2.54426109809932E-15,2.54426109809932E-15));
#7596=DIRECTION('',(-2.08166817117217E-15,1.,2.22044604925037E-16));
#7597=DIRECTION('center_axis',(-1.,-2.54426109809932E-15,2.48874994686806E-15));
#7598=DIRECTION('ref_axis',(-2.48874994686806E-15,2.22044604925031E-16,
-1.));
#7599=DIRECTION('',(2.54426109809932E-15,-1.,-2.22044604925038E-16));
#7600=DIRECTION('center_axis',(1.,2.54426109809932E-15,-2.54426109809932E-15));
#7601=DIRECTION('ref_axis',(2.54426109809932E-15,-2.22044604925031E-16,
1.));
#7602=DIRECTION('',(2.54426109809932E-15,-1.,-2.22044604925038E-16));
#7603=DIRECTION('center_axis',(2.54426109809932E-15,-2.22044604925031E-16,
1.));
#7604=DIRECTION('ref_axis',(-1.,-2.54426109809932E-15,2.54426109809932E-15));
#7605=DIRECTION('center_axis',(1.,2.78301863171149E-15,-2.54426109809932E-15));
#7606=DIRECTION('ref_axis',(2.78301863171149E-15,-1.,-2.22044604925038E-16));
#7607=DIRECTION('',(-1.,-3.00345346244662E-15,2.50539248995281E-15));
#7608=DIRECTION('center_axis',(-1.,-2.78301863171149E-15,2.54426109809932E-15));
#7609=DIRECTION('ref_axis',(2.29509821536538E-15,-0.984807753012211,-0.173648177666911));
#7610=DIRECTION('',(1.,2.54426109809932E-15,-2.54426109809932E-15));
#7611=DIRECTION('center_axis',(1.,2.78301863171149E-15,-2.54426109809932E-15));
#7612=DIRECTION('ref_axis',(2.77555756156289E-15,-1.,7.03141248929255E-16));
#7613=DIRECTION('center_axis',(-1.,-3.00345346244662E-15,2.50539248995281E-15));
#7614=DIRECTION('ref_axis',(-2.98887416890533E-15,0.173648177666911,-0.984807753012211));
#7615=DIRECTION('',(-2.52276741540813E-15,0.984807753012211,0.173648177666911));
#7616=DIRECTION('',(2.98887416890533E-15,-0.173648177666911,0.984807753012211));
#7617=DIRECTION('',(2.52276741540813E-15,-0.984807753012211,-0.173648177666911));
#7618=DIRECTION('',(-2.98887416890533E-15,0.173648177666911,-0.984807753012211));
#7619=DIRECTION('center_axis',(2.06017448848098E-15,-0.984807753012211,
-0.173648177666911));
#7620=DIRECTION('ref_axis',(-1.,-2.54788836152015E-15,2.58572090871532E-15));
#7621=DIRECTION('',(1.,2.54788836152015E-15,-2.58572090871532E-15));
#7622=DIRECTION('',(2.98887416890533E-15,-0.173648177666911,0.984807753012211));
#7623=DIRECTION('',(-1.,-2.54788836152015E-15,2.58572090871532E-15));
#7624=DIRECTION('center_axis',(1.,2.78301863171149E-15,-2.54426109809932E-15));
#7625=DIRECTION('ref_axis',(2.78301863171149E-15,-1.,-2.22044604925038E-16));
#7626=DIRECTION('',(2.52276741540813E-15,-0.984807753012211,-0.173648177666911));
#7627=DIRECTION('center_axis',(-1.,-2.78301863171149E-15,2.54426109809932E-15));
#7628=DIRECTION('ref_axis',(2.52639467882896E-15,-0.984807753012212,-0.17364817766691));
#7629=DIRECTION('',(3.00685402502646E-15,-1.,-2.22044604925039E-16));
#7630=DIRECTION('center_axis',(-1.,-2.78301863171149E-15,2.54426109809932E-15));
#7631=DIRECTION('ref_axis',(-2.78301863171149E-15,1.,2.22044604925038E-16));
#7632=DIRECTION('',(3.00685402502646E-15,-1.,-2.22044604925039E-16));
#7633=DIRECTION('center_axis',(-1.,-2.78301863171149E-15,2.54426109809932E-15));
#7634=DIRECTION('ref_axis',(2.52639467882896E-15,-0.984807753012212,-0.17364817766691));
#7635=DIRECTION('center_axis',(1.,3.00143930070528E-15,-2.49396961108742E-15));
#7636=DIRECTION('ref_axis',(2.97727507372107E-15,-0.173648177666911,0.984807753012211));
#7637=DIRECTION('',(2.97727507372107E-15,-0.173648177666911,0.984807753012211));
#7638=DIRECTION('',(2.52276741540813E-15,-0.984807753012211,-0.173648177666911));
#7639=DIRECTION('center_axis',(-2.98887416890533E-15,0.173648177666911,
-0.984807753012211));
#7640=DIRECTION('ref_axis',(1.,2.54788836152015E-15,-2.58572090871532E-15));
#7641=DIRECTION('',(1.,2.54788836152015E-15,-2.58572090871532E-15));
#7642=DIRECTION('center_axis',(1.,2.78301863171149E-15,-2.54426109809932E-15));
#7643=DIRECTION('ref_axis',(2.78301863171149E-15,-1.,-2.22044604925038E-16));
#7644=DIRECTION('',(-1.,-2.78301863171149E-15,2.54426109809932E-15));
#7645=DIRECTION('center_axis',(2.52276741540813E-15,-0.984807753012211,
-0.173648177666911));
#7646=DIRECTION('ref_axis',(-1.,-3.00345346244662E-15,2.50539248995281E-15));
#7647=DIRECTION('center_axis',(1.,3.00685402502647E-15,-2.54426109809932E-15));
#7648=DIRECTION('ref_axis',(2.54426109809932E-15,-2.22044604925031E-16,
1.));
#7649=DIRECTION('',(-2.54426109809932E-15,2.22044604925031E-16,-1.));
#7650=DIRECTION('',(3.00685402502646E-15,-1.,-2.22044604925039E-16));
#7651=DIRECTION('',(2.54426109809932E-15,-2.22044604925031E-16,1.));
#7652=DIRECTION('center_axis',(2.54426109809932E-15,-2.22044604925031E-16,
1.));
#7653=DIRECTION('ref_axis',(-1.,-2.54426109809932E-15,2.54426109809932E-15));
#7654=DIRECTION('',(-1.,-2.78301863171149E-15,2.54426109809932E-15));
#7655=DIRECTION('',(1.,2.54426109809932E-15,-2.54426109809932E-15));
#7656=DIRECTION('',(3.00685402502646E-15,-1.,-2.22044604925039E-16));
#7657=DIRECTION('center_axis',(2.54426109809932E-15,-1.,-2.22044604925038E-16));
#7658=DIRECTION('ref_axis',(-1.,-2.54426109809932E-15,2.54426109809932E-15));
#7659=DIRECTION('',(2.54426109809932E-15,-2.22044604925031E-16,1.));
#7660=DIRECTION('',(-1.,-2.78301863171149E-15,2.54426109809932E-15));
#7661=DIRECTION('',(-2.54426109809932E-15,2.22044604925031E-16,-1.));
#7662=DIRECTION('',(1.,2.78301863171149E-15,-2.54426109809932E-15));
#7663=DIRECTION('',(2.54426109809932E-15,-2.22044604925031E-16,1.));
#7664=DIRECTION('',(2.54426109809932E-15,-2.22044604925031E-16,1.));
#7665=DIRECTION('',(1.,2.54426109809932E-15,-2.54426109809932E-15));
#7666=DIRECTION('',(-2.48874994686806E-15,2.22044604925031E-16,-1.));
#7667=DIRECTION('',(-1.,-2.54426109809932E-15,2.54426109809932E-15));
#7668=DIRECTION('center_axis',(-1.,-3.00685402502647E-15,2.54426109809932E-15));
#7669=DIRECTION('ref_axis',(-2.54426109809932E-15,2.22044604925031E-16,
-1.));
#7670=DIRECTION('',(-2.54426109809932E-15,2.22044604925031E-16,-1.));
#7671=DIRECTION('',(3.00685402502646E-15,-1.,-2.22044604925039E-16));
#7672=DIRECTION('center_axis',(2.54426109809932E-15,-2.22044604925031E-16,
1.));
#7673=DIRECTION('ref_axis',(-1.,-2.54426109809932E-15,2.54426109809932E-15));
#7674=DIRECTION('',(-1.,-2.78301863171149E-15,2.54426109809932E-15));
#7675=DIRECTION('',(3.00685402502646E-15,-1.,-2.22044604925039E-16));
#7676=DIRECTION('center_axis',(2.78301863171149E-15,-1.,-2.22044604925038E-16));
#7677=DIRECTION('ref_axis',(-1.,-2.78301863171149E-15,2.54426109809932E-15));
#7678=DIRECTION('',(-2.54426109809932E-15,2.22044604925031E-16,-1.));
#7679=DIRECTION('',(1.,2.78301863171149E-15,-2.54426109809932E-15));
#7680=DIRECTION('',(2.54426109809932E-15,-2.22044604925031E-16,1.));
#7681=DIRECTION('',(-1.,-2.78301863171149E-15,2.54426109809932E-15));
#7682=DIRECTION('',(-2.54426109809932E-15,2.22044604925031E-16,-1.));
#7683=DIRECTION('',(1.,2.78301863171149E-15,-2.54426109809932E-15));
#7684=DIRECTION('',(2.48874994686806E-15,-2.22044604925031E-16,1.));
#7685=DIRECTION('center_axis',(1.,2.54426109809932E-15,-2.48874994686806E-15));
#7686=DIRECTION('ref_axis',(-2.48874994686806E-15,2.22044604925031E-16,
-1.));
#7687=DIRECTION('',(-2.54426109809932E-15,1.,2.22044604925038E-16));
#7688=DIRECTION('center_axis',(-1.,-2.54426109809932E-15,2.54426109809932E-15));
#7689=DIRECTION('ref_axis',(2.54426109809932E-15,-2.22044604925031E-16,
1.));
#7690=DIRECTION('',(-2.54426109809932E-15,1.,2.22044604925038E-16));
#7691=DIRECTION('center_axis',(-2.54426109809932E-15,2.22044604925031E-16,
-1.));
#7692=DIRECTION('ref_axis',(-1.,-2.54426109809932E-15,2.54426109809932E-15));
#7693=DIRECTION('center_axis',(-2.54426109809932E-15,2.22044604925031E-16,
-1.));
#7694=DIRECTION('ref_axis',(-1.,-3.25772401154023E-15,2.54426109809932E-15));
#7695=DIRECTION('',(2.54426109809932E-15,-2.22044604925031E-16,1.));
#7696=DIRECTION('center_axis',(2.54426109809932E-15,-2.22044604925031E-16,
1.));
#7697=DIRECTION('ref_axis',(1.15648231731789E-15,1.,2.22044604925028E-16));
#7698=DIRECTION('center_axis',(-2.54426109809932E-15,2.22044604925031E-16,
-1.));
#7699=DIRECTION('ref_axis',(-1.,-1.61907524424502E-15,2.54426109809932E-15));
#7700=DIRECTION('center_axis',(2.54426109809932E-15,-2.22044604925031E-16,
1.));
#7701=DIRECTION('ref_axis',(1.,-2.56272299348536E-15,-2.54426109809932E-15));
#7702=DIRECTION('',(-2.01011416670315E-15,-1.,-2.22044604925026E-16));
#7703=DIRECTION('',(-1.,2.56272299348536E-15,2.54426109809932E-15));
#7704=DIRECTION('',(2.72357708014407E-15,1.,2.22044604925024E-16));
#7705=DIRECTION('',(1.,-2.56272299348536E-15,-2.54426109809932E-15));
#7706=DIRECTION('center_axis',(2.28641858009425E-15,1.,2.22044604925025E-16));
#7707=DIRECTION('ref_axis',(1.,-2.28641858009425E-15,-2.54426109809932E-15));
#7708=DIRECTION('',(-2.54426109809932E-15,2.22044604925031E-16,-1.));
#7709=DIRECTION('',(-1.,2.56272299348536E-15,2.54426109809932E-15));
#7710=DIRECTION('',(2.54426109809932E-15,-2.22044604925031E-16,1.));
#7711=DIRECTION('center_axis',(-2.54426109809932E-15,2.22044604925031E-16,
-1.));
#7712=DIRECTION('ref_axis',(-2.54426109809932E-15,1.,2.22044604925038E-16));
#7713=DIRECTION('',(2.01011416670315E-15,1.,2.22044604925026E-16));
#7714=DIRECTION('center_axis',(2.54426109809932E-15,-2.22044604925031E-16,
1.));
#7715=DIRECTION('ref_axis',(1.15648231731788E-15,1.,2.22044604925028E-16));
#7716=DIRECTION('',(1.,2.54426109809932E-15,-2.54426109809932E-15));
#7717=DIRECTION('center_axis',(2.54426109809932E-15,-2.22044604925031E-16,
1.));
#7718=DIRECTION('ref_axis',(2.54426109809932E-15,-1.,-2.22044604925038E-16));
#7719=DIRECTION('',(-1.,-2.54426109809932E-15,2.54426109809932E-15));
#7720=DIRECTION('center_axis',(2.54426109809932E-15,-2.22044604925031E-16,
1.));
#7721=DIRECTION('ref_axis',(1.15648231731788E-15,1.,2.22044604925028E-16));
#7722=DIRECTION('center_axis',(-2.54426109809932E-15,2.22044604925031E-16,
-1.));
#7723=DIRECTION('ref_axis',(-1.,2.01011416670315E-15,2.54426109809932E-15));
#7724=DIRECTION('',(-1.,2.01011416670315E-15,2.54426109809932E-15));
#7725=DIRECTION('',(2.72357708014407E-15,1.,2.22044604925024E-16));
#7726=DIRECTION('center_axis',(1.,-2.72357708014407E-15,-2.54426109809932E-15));
#7727=DIRECTION('ref_axis',(-2.54426109809932E-15,2.22044604925031E-16,
-1.));
#7728=DIRECTION('',(-2.54426109809932E-15,2.22044604925031E-16,-1.));
#7729=DIRECTION('center_axis',(-2.54426109809932E-15,2.22044604925031E-16,
-1.));
#7730=DIRECTION('ref_axis',(-1.,-3.25772401154024E-15,2.54426109809932E-15));
#7731=DIRECTION('center_axis',(2.72357708014407E-15,1.,2.22044604925024E-16));
#7732=DIRECTION('ref_axis',(1.,-2.72357708014407E-15,-2.54426109809932E-15));
#7733=DIRECTION('center_axis',(2.54426109809932E-15,-2.22044604925031E-16,
1.));
#7734=DIRECTION('ref_axis',(1.,2.73519940800092E-15,-2.54426109809932E-15));
#7735=DIRECTION('center_axis',(-2.54426109809932E-15,2.22044604925031E-16,
-1.));
#7736=DIRECTION('ref_axis',(-6.93889390390722E-16,1.,2.22044604925033E-16));
#7737=DIRECTION('center_axis',(2.54426109809932E-15,-2.22044604925031E-16,
1.));
#7738=DIRECTION('ref_axis',(1.,2.54426109809932E-15,-2.54426109809932E-15));
#7739=DIRECTION('center_axis',(2.54426109809932E-15,-2.22044604925031E-16,
1.));
#7740=DIRECTION('ref_axis',(2.54426109809932E-15,-1.,-2.22044604925038E-16));
#7741=DIRECTION('',(-8.97610228643305E-16,1.,2.22044604925034E-16));
#7742=DIRECTION('center_axis',(-2.54426109809932E-15,2.22044604925031E-16,
-1.));
#7743=DIRECTION('ref_axis',(-2.54426109809932E-15,1.,2.22044604925038E-16));
#7744=DIRECTION('',(-1.,-2.54426109809932E-15,2.54426109809932E-15));
#7745=DIRECTION('center_axis',(-2.54426109809932E-15,2.22044604925031E-16,
-1.));
#7746=DIRECTION('ref_axis',(-2.54426109809932E-15,1.,2.22044604925038E-16));
#7747=DIRECTION('',(1.,2.54426109809932E-15,-2.54426109809932E-15));
#7748=DIRECTION('center_axis',(-2.54426109809932E-15,2.22044604925031E-16,
-1.));
#7749=DIRECTION('ref_axis',(-2.54426109809932E-15,1.,2.22044604925038E-16));
#7750=DIRECTION('center_axis',(2.54426109809932E-15,-2.22044604925031E-16,
1.));
#7751=DIRECTION('ref_axis',(1.,8.97610228643305E-16,-2.54426109809932E-15));
#7752=DIRECTION('',(-7.06671918741699E-16,1.,2.22044604925033E-16));
#7753=DIRECTION('center_axis',(-1.,-7.06671918741699E-16,2.54426109809932E-15));
#7754=DIRECTION('ref_axis',(2.54426109809932E-15,-2.22044604925031E-16,
1.));
#7755=DIRECTION('center_axis',(2.54426109809932E-15,-2.22044604925031E-16,
1.));
#7756=DIRECTION('ref_axis',(1.,2.73519940800092E-15,-2.54426109809932E-15));
#7757=DIRECTION('center_axis',(2.54426109809932E-15,-2.22044604925031E-16,
1.));
#7758=DIRECTION('ref_axis',(2.78301863171149E-15,-1.,-2.22044604925038E-16));
#7759=DIRECTION('center_axis',(-2.54426109809932E-15,2.22044604925031E-16,
-1.));
#7760=DIRECTION('ref_axis',(1.,2.82181685425561E-15,-2.54426109809932E-15));
#7761=DIRECTION('center_axis',(2.54426109809932E-15,-2.22044604925031E-16,
1.));
#7762=DIRECTION('ref_axis',(2.82181685425561E-15,-1.,-2.22044604925038E-16));
#7763=DIRECTION('center_axis',(-2.54426109809932E-15,2.22044604925031E-16,
-1.));
#7764=DIRECTION('ref_axis',(-2.74861252424773E-15,1.,2.22044604925038E-16));
#7765=DIRECTION('',(-1.,-2.72178629175412E-15,2.54426109809932E-15));
#7766=DIRECTION('center_axis',(2.54426109809932E-15,-2.22044604925031E-16,
1.));
#7767=DIRECTION('ref_axis',(2.54426109809932E-15,-1.,-2.22044604925038E-16));
#7768=DIRECTION('',(1.,2.72178629175412E-15,-2.54426109809932E-15));
#7769=DIRECTION('center_axis',(-2.54426109809932E-15,2.22044604925031E-16,
-1.));
#7770=DIRECTION('ref_axis',(1.,2.8707972818126E-15,-2.54426109809932E-15));
#7771=DIRECTION('',(-2.54426109809932E-15,1.,2.22044604925038E-16));
#7772=DIRECTION('center_axis',(-2.54426109809932E-15,2.22044604925031E-16,
-1.));
#7773=DIRECTION('ref_axis',(-2.54426109809932E-15,1.,2.22044604925038E-16));
#7774=DIRECTION('',(2.54426109809932E-15,-1.,-2.22044604925038E-16));
#7775=DIRECTION('center_axis',(-2.54426109809932E-15,2.22044604925031E-16,
-1.));
#7776=DIRECTION('ref_axis',(1.,2.8707972818126E-15,-2.54426109809932E-15));
#7777=DIRECTION('center_axis',(2.54426109809932E-15,-2.22044604925031E-16,
1.));
#7778=DIRECTION('ref_axis',(2.72178629175412E-15,-1.,-2.22044604925038E-16));
#7779=DIRECTION('center_axis',(2.54426109809932E-15,-2.22044604925031E-16,
1.));
#7780=DIRECTION('ref_axis',(2.78301863171149E-15,-1.,-2.22044604925038E-16));
#7781=DIRECTION('center_axis',(-2.54426109809932E-15,2.22044604925031E-16,
-1.));
#7782=DIRECTION('ref_axis',(2.78301863171149E-15,-1.,-2.22044604925038E-16));
#7783=DIRECTION('center_axis',(2.54426109809932E-15,-2.22044604925031E-16,
1.));
#7784=DIRECTION('ref_axis',(-1.,-3.37692836656819E-15,2.54426109809932E-15));
#7785=DIRECTION('center_axis',(-2.54426109809932E-15,2.22044604925031E-16,
-1.));
#7786=DIRECTION('ref_axis',(2.82181685425561E-15,-1.,-2.22044604925038E-16));
#7787=DIRECTION('center_axis',(2.54426109809932E-15,-2.22044604925031E-16,
1.));
#7788=DIRECTION('ref_axis',(-3.22710784156155E-15,1.,2.22044604925039E-16));
#7789=DIRECTION('',(1.,3.28834018151892E-15,-2.54426109809932E-15));
#7790=DIRECTION('center_axis',(-2.54426109809932E-15,2.22044604925031E-16,
-1.));
#7791=DIRECTION('ref_axis',(-2.54426109809932E-15,1.,2.22044604925038E-16));
#7792=DIRECTION('',(-1.,-3.28834018151892E-15,2.54426109809932E-15));
#7793=DIRECTION('center_axis',(2.54426109809932E-15,-2.22044604925031E-16,
1.));
#7794=DIRECTION('ref_axis',(-1.,-3.19733346552588E-15,2.54426109809932E-15));
#7795=DIRECTION('',(-2.54426109809932E-15,1.,2.22044604925038E-16));
#7796=DIRECTION('center_axis',(2.54426109809932E-15,-2.22044604925031E-16,
1.));
#7797=DIRECTION('ref_axis',(2.54426109809932E-15,-1.,-2.22044604925038E-16));
#7798=DIRECTION('',(2.54426109809932E-15,-1.,-2.22044604925038E-16));
#7799=DIRECTION('center_axis',(2.54426109809932E-15,-2.22044604925031E-16,
1.));
#7800=DIRECTION('ref_axis',(-1.,-3.19733346552588E-15,2.54426109809932E-15));
#7801=DIRECTION('center_axis',(-2.54426109809932E-15,2.22044604925031E-16,
-1.));
#7802=DIRECTION('ref_axis',(3.28834018151892E-15,-1.,-2.2204460492504E-16));
#7803=DIRECTION('center_axis',(-2.54426109809932E-15,2.22044604925031E-16,
-1.));
#7804=DIRECTION('ref_axis',(2.78301863171149E-15,-1.,-2.22044604925038E-16));
#7805=DIRECTION('center_axis',(-2.54426109809932E-15,2.22044604925031E-16,
-1.));
#7806=DIRECTION('ref_axis',(1.,2.78301863171149E-15,-2.54426109809932E-15));
#7807=DIRECTION('center_axis',(2.54426109809932E-15,-2.22044604925031E-16,
1.));
#7808=DIRECTION('ref_axis',(-1.,-2.78301863171149E-15,2.54426109809932E-15));
#7809=CARTESIAN_POINT('',(0.,0.,0.));
#7810=CARTESIAN_POINT('Origin',(2.00325331300947,6.53500000000737,10.54));
#7811=CARTESIAN_POINT('',(2.00325331300947,6.63500000000737,8.84));
#7812=CARTESIAN_POINT('',(1.90325331300947,6.53500000000737,8.84));
#7813=CARTESIAN_POINT('Origin',(2.00325331300947,6.53500000000737,8.84));
#7814=CARTESIAN_POINT('',(1.90325331300947,6.53500000000737,10.54));
#7815=CARTESIAN_POINT('',(1.90325331300947,6.53500000000737,10.54));
#7816=CARTESIAN_POINT('',(2.00325331300947,6.63500000000737,10.54));
#7817=CARTESIAN_POINT('Origin',(2.00325331300947,6.53500000000737,10.54));
#7818=CARTESIAN_POINT('',(2.00325331300947,6.63500000000737,10.54));
#7819=CARTESIAN_POINT('Origin',(2.20325331300947,6.53500000000737,8.84));
#7820=CARTESIAN_POINT('',(2.20325331300947,6.63500000000737,8.64));
#7821=CARTESIAN_POINT('',(2.20325331300947,6.53500000000737,8.54));
#7822=CARTESIAN_POINT('Origin',(2.20325331300947,6.53500000000737,8.64));
#7823=CARTESIAN_POINT('Origin',(2.20325331300947,6.53500000000737,8.84));
#7824=CARTESIAN_POINT('Origin',(2.20325331300947,6.63500000000737,8.84));
#7825=CARTESIAN_POINT('Origin',(2.40325331300947,6.53500000000737,8.64));
#7826=CARTESIAN_POINT('',(3.60325331300947,6.63500000000738,8.63999999999999));
#7827=CARTESIAN_POINT('',(3.60325331300947,6.53500000000737,8.53999999999999));
#7828=CARTESIAN_POINT('Origin',(3.60325331300947,6.53500000000737,8.63999999999999));
#7829=CARTESIAN_POINT('',(2.40325331300947,6.53500000000737,8.54));
#7830=CARTESIAN_POINT('',(2.40325331300947,6.63500000000737,8.64));
#7831=CARTESIAN_POINT('Origin',(3.60325331300947,6.53500000000737,8.83999999999999));
#7832=CARTESIAN_POINT('',(3.80325331300947,6.63500000000738,8.83999999999999));
#7833=CARTESIAN_POINT('',(3.90325331300947,6.53500000000738,8.83999999999999));
#7834=CARTESIAN_POINT('Origin',(3.80325331300947,6.53500000000737,8.83999999999999));
#7835=CARTESIAN_POINT('Origin',(3.60325331300947,6.53500000000737,8.83999999999999));
#7836=CARTESIAN_POINT('Origin',(3.60325331300947,6.63500000000738,8.83999999999999));
#7837=CARTESIAN_POINT('Origin',(3.80325331300948,6.53500000000737,10.54));
#7838=CARTESIAN_POINT('',(3.80325331300948,6.63500000000738,10.54));
#7839=CARTESIAN_POINT('',(3.90325331300947,6.53500000000737,10.54));
#7840=CARTESIAN_POINT('Origin',(3.80325331300948,6.53500000000737,10.54));
#7841=CARTESIAN_POINT('',(3.90325331300947,6.53500000000737,10.54));
#7842=CARTESIAN_POINT('',(3.80325331300948,6.63500000000738,10.54));
#7843=CARTESIAN_POINT('Origin',(1.90325331300947,6.63500000000737,10.54));
#7844=CARTESIAN_POINT('',(0.953253313009474,6.63500000000737,10.54));
#7845=CARTESIAN_POINT('Origin',(7.74999999999972,4.23381693281035,10.54));
#7846=CARTESIAN_POINT('',(7.84999999999972,4.23381693281035,8.83999999999998));
#7847=CARTESIAN_POINT('',(7.74999999999972,4.33381693281035,8.83999999999998));
#7848=CARTESIAN_POINT('Origin',(7.74999999999972,4.23381693281035,8.83999999999998));
#7849=CARTESIAN_POINT('',(7.74999999999972,4.33381693281035,10.54));
#7850=CARTESIAN_POINT('',(7.74999999999972,4.33381693281035,10.54));
#7851=CARTESIAN_POINT('',(7.84999999999972,4.23381693281035,10.54));
#7852=CARTESIAN_POINT('Origin',(7.74999999999972,4.23381693281035,10.54));
#7853=CARTESIAN_POINT('',(7.84999999999972,4.23381693281035,10.54));
#7854=CARTESIAN_POINT('Origin',(7.74999999999972,4.03381693281036,8.83999999999998));
#7855=CARTESIAN_POINT('',(7.84999999999972,4.03381693281036,8.63999999999998));
#7856=CARTESIAN_POINT('',(7.74999999999972,4.03381693281036,8.53999999999998));
#7857=CARTESIAN_POINT('Origin',(7.74999999999972,4.03381693281036,8.63999999999998));
#7858=CARTESIAN_POINT('Origin',(7.74999999999972,4.03381693281036,8.83999999999998));
#7859=CARTESIAN_POINT('Origin',(7.84999999999972,4.03381693281036,8.83999999999998));
#7860=CARTESIAN_POINT('Origin',(7.74999999999972,3.83381693281035,8.63999999999998));
#7861=CARTESIAN_POINT('',(7.84999999999972,2.63381693281035,8.63999999999998));
#7862=CARTESIAN_POINT('',(7.74999999999972,2.63381693281035,8.53999999999998));
#7863=CARTESIAN_POINT('Origin',(7.74999999999972,2.63381693281035,8.63999999999998));
#7864=CARTESIAN_POINT('',(7.74999999999972,3.83381693281035,8.53999999999998));
#7865=CARTESIAN_POINT('',(7.84999999999972,3.83381693281035,8.63999999999998));
#7866=CARTESIAN_POINT('Origin',(7.74999999999972,2.63381693281035,8.83999999999998));
#7867=CARTESIAN_POINT('',(7.84999999999972,2.43381693281035,8.83999999999998));
#7868=CARTESIAN_POINT('',(7.74999999999972,2.33381693281035,8.83999999999998));
#7869=CARTESIAN_POINT('Origin',(7.74999999999972,2.43381693281035,8.83999999999998));
#7870=CARTESIAN_POINT('Origin',(7.74999999999972,2.63381693281035,8.83999999999998));
#7871=CARTESIAN_POINT('Origin',(7.84999999999972,2.63381693281035,8.83999999999998));
#7872=CARTESIAN_POINT('Origin',(7.74999999999973,2.43381693281035,10.54));
#7873=CARTESIAN_POINT('',(7.84999999999973,2.43381693281035,10.54));
#7874=CARTESIAN_POINT('',(7.74999999999973,2.33381693281035,10.54));
#7875=CARTESIAN_POINT('Origin',(7.74999999999973,2.43381693281035,10.54));
#7876=CARTESIAN_POINT('',(7.74999999999973,2.33381693281035,10.54));
#7877=CARTESIAN_POINT('',(7.84999999999973,2.43381693281035,10.54));
#7878=CARTESIAN_POINT('Origin',(7.84999999999972,4.33381693281035,10.54));
#7879=CARTESIAN_POINT('',(7.84999999999973,2.16690846640887,10.54));
#7880=CARTESIAN_POINT('Origin',(7.74999999999974,-1.76618306718965,10.54));
#7881=CARTESIAN_POINT('',(7.84999999999973,-1.76618306718965,8.83999999999998));
#7882=CARTESIAN_POINT('',(7.74999999999973,-1.66618306718965,8.83999999999998));
#7883=CARTESIAN_POINT('Origin',(7.74999999999973,-1.76618306718965,8.83999999999998));
#7884=CARTESIAN_POINT('',(7.74999999999974,-1.66618306718965,10.54));
#7885=CARTESIAN_POINT('',(7.74999999999974,-1.66618306718965,10.54));
#7886=CARTESIAN_POINT('',(7.84999999999974,-1.76618306718965,10.54));
#7887=CARTESIAN_POINT('Origin',(7.74999999999974,-1.76618306718965,10.54));
#7888=CARTESIAN_POINT('',(7.84999999999974,-1.76618306718965,10.54));
#7889=CARTESIAN_POINT('Origin',(7.74999999999974,-1.96618306718965,8.83999999999998));
#7890=CARTESIAN_POINT('',(7.84999999999973,-1.96618306718965,8.63999999999998));
#7891=CARTESIAN_POINT('',(7.74999999999973,-1.96618306718965,8.53999999999998));
#7892=CARTESIAN_POINT('Origin',(7.74999999999973,-1.96618306718965,8.63999999999998));
#7893=CARTESIAN_POINT('Origin',(7.74999999999974,-1.96618306718965,8.83999999999998));
#7894=CARTESIAN_POINT('Origin',(7.84999999999973,-1.96618306718965,8.83999999999998));
#7895=CARTESIAN_POINT('Origin',(7.74999999999973,-2.16618306718965,8.63999999999998));
#7896=CARTESIAN_POINT('',(7.84999999999974,-3.36618306718965,8.63999999999998));
#7897=CARTESIAN_POINT('',(7.74999999999974,-3.36618306718965,8.53999999999998));
#7898=CARTESIAN_POINT('Origin',(7.74999999999974,-3.36618306718965,8.63999999999998));
#7899=CARTESIAN_POINT('',(7.74999999999973,-2.16618306718965,8.53999999999998));
#7900=CARTESIAN_POINT('',(7.84999999999973,-2.16618306718965,8.63999999999998));
#7901=CARTESIAN_POINT('Origin',(7.74999999999974,-3.36618306718965,8.83999999999998));
#7902=CARTESIAN_POINT('',(7.84999999999974,-3.56618306718965,8.83999999999998));
#7903=CARTESIAN_POINT('',(7.74999999999974,-3.66618306718965,8.83999999999998));
#7904=CARTESIAN_POINT('Origin',(7.74999999999974,-3.56618306718965,8.83999999999998));
#7905=CARTESIAN_POINT('Origin',(7.74999999999974,-3.36618306718965,8.83999999999998));
#7906=CARTESIAN_POINT('Origin',(7.84999999999974,-3.36618306718965,8.83999999999998));
#7907=CARTESIAN_POINT('Origin',(7.74999999999974,-3.56618306718965,10.54));
#7908=CARTESIAN_POINT('',(7.84999999999974,-3.56618306718965,10.54));
#7909=CARTESIAN_POINT('',(7.74999999999974,-3.66618306718965,10.54));
#7910=CARTESIAN_POINT('Origin',(7.74999999999974,-3.56618306718965,10.54));
#7911=CARTESIAN_POINT('',(7.74999999999974,-3.66618306718965,10.54));
#7912=CARTESIAN_POINT('',(7.84999999999974,-3.56618306718965,10.54));
#7913=CARTESIAN_POINT('Origin',(7.84999999999974,-1.66618306718965,10.54));
#7914=CARTESIAN_POINT('',(7.84999999999974,-0.833091533591132,10.54));
#7915=CARTESIAN_POINT('Origin',(2.00325331300951,-7.81499999999263,10.54));
#7916=CARTESIAN_POINT('',(1.90325331300951,-7.81499999999263,8.83999999999999));
#7917=CARTESIAN_POINT('',(2.00325331300951,-7.91499999999263,8.83999999999999));
#7918=CARTESIAN_POINT('Origin',(2.00325331300951,-7.81499999999263,8.83999999999999));
#7919=CARTESIAN_POINT('',(2.00325331300951,-7.91499999999263,10.54));
#7920=CARTESIAN_POINT('',(2.00325331300951,-7.91499999999263,10.54));
#7921=CARTESIAN_POINT('',(1.90325331300951,-7.81499999999263,10.54));
#7922=CARTESIAN_POINT('Origin',(2.00325331300951,-7.81499999999263,10.54));
#7923=CARTESIAN_POINT('',(1.90325331300951,-7.81499999999263,10.54));
#7924=CARTESIAN_POINT('Origin',(2.20325331300951,-7.81499999999263,8.83999999999999));
#7925=CARTESIAN_POINT('',(2.20325331300951,-7.81499999999263,8.53999999999999));
#7926=CARTESIAN_POINT('',(2.20325331300951,-7.91499999999263,8.63999999999999));
#7927=CARTESIAN_POINT('Origin',(2.20325331300951,-7.81499999999263,8.63999999999999));
#7928=CARTESIAN_POINT('Origin',(2.20325331300951,-7.91499999999263,8.83999999999999));
#7929=CARTESIAN_POINT('Origin',(2.20325331300951,-7.81499999999263,8.83999999999999));
#7930=CARTESIAN_POINT('Origin',(2.40325331300951,-7.81499999999263,8.63999999999999));
#7931=CARTESIAN_POINT('',(3.60325331300951,-7.81499999999262,8.53999999999999));
#7932=CARTESIAN_POINT('',(3.60325331300951,-7.91499999999263,8.63999999999999));
#7933=CARTESIAN_POINT('Origin',(3.60325331300951,-7.81499999999262,8.63999999999999));
#7934=CARTESIAN_POINT('',(2.40325331300951,-7.91499999999263,8.63999999999999));
#7935=CARTESIAN_POINT('',(2.40325331300951,-7.81499999999263,8.53999999999999));
#7936=CARTESIAN_POINT('Origin',(3.60325331300951,-7.81499999999263,8.83999999999999));
#7937=CARTESIAN_POINT('',(3.90325331300951,-7.81499999999262,8.83999999999999));
#7938=CARTESIAN_POINT('',(3.80325331300951,-7.91499999999263,8.83999999999999));
#7939=CARTESIAN_POINT('Origin',(3.80325331300951,-7.81499999999263,8.83999999999999));
#7940=CARTESIAN_POINT('Origin',(3.60325331300951,-7.91499999999263,8.83999999999999));
#7941=CARTESIAN_POINT('Origin',(3.60325331300951,-7.81499999999263,8.83999999999999));
#7942=CARTESIAN_POINT('Origin',(3.80325331300951,-7.81499999999263,10.54));
#7943=CARTESIAN_POINT('',(3.90325331300951,-7.81499999999263,10.54));
#7944=CARTESIAN_POINT('',(3.80325331300951,-7.91499999999263,10.54));
#7945=CARTESIAN_POINT('Origin',(3.80325331300951,-7.81499999999263,10.54));
#7946=CARTESIAN_POINT('',(3.80325331300951,-7.91499999999263,10.54));
#7947=CARTESIAN_POINT('',(3.90325331300951,-7.81499999999263,10.54));
#7948=CARTESIAN_POINT('Origin',(3.90325331300951,-7.91499999999263,10.54));
#7949=CARTESIAN_POINT('',(3.9032533130095,-6.71499999999262,8.83999999999999));
#7950=CARTESIAN_POINT('',(3.90325331300951,-7.61499999999263,8.83999999999999));
#7951=CARTESIAN_POINT('',(3.90325331300951,-6.71499999999263,10.54));
#7952=CARTESIAN_POINT('',(3.90325331300951,-6.71499999999263,10.54));
#7953=CARTESIAN_POINT('',(3.9032533130095,-3.95749999999263,10.54));
#7954=CARTESIAN_POINT('Origin',(3.60325331300951,-7.61499999999263,8.83999999999999));
#7955=CARTESIAN_POINT('',(3.6032533130095,-6.71499999999263,8.53999999999999));
#7956=CARTESIAN_POINT('',(3.60325331300951,-7.61499999999263,8.53999999999999));
#7957=CARTESIAN_POINT('Origin',(3.6032533130095,-6.71499999999263,8.83999999999999));
#7958=CARTESIAN_POINT('Origin',(2.9032533130095,-7.31499999999263,8.53999999999999));
#7959=CARTESIAN_POINT('',(2.2032533130095,-6.71499999999263,8.53999999999999));
#7960=CARTESIAN_POINT('',(2.2032533130095,-7.01499999999263,8.53999999999999));
#7961=CARTESIAN_POINT('',(3.9032533130095,-6.71499999999262,8.53999999999999));
#7962=CARTESIAN_POINT('Origin',(2.2032533130095,-7.01499999999263,8.83999999999999));
#7963=CARTESIAN_POINT('',(1.9032533130095,-6.71499999999263,8.83999999999999));
#7964=CARTESIAN_POINT('',(1.9032533130095,-7.01499999999263,8.83999999999999));
#7965=CARTESIAN_POINT('Origin',(2.2032533130095,-6.71499999999263,8.83999999999999));
#7966=CARTESIAN_POINT('Origin',(1.90325331300951,-6.71499999999263,10.54));
#7967=CARTESIAN_POINT('',(1.90325331300951,-6.71499999999263,10.54));
#7968=CARTESIAN_POINT('',(1.9032533130095,-3.35749999999263,10.54));
#7969=CARTESIAN_POINT('',(1.90325331300951,-6.71499999999263,10.54));
#7970=CARTESIAN_POINT('Origin',(-3.79674668699049,-7.81499999999264,10.54));
#7971=CARTESIAN_POINT('',(-3.89674668699049,-7.81499999999264,8.84000000000001));
#7972=CARTESIAN_POINT('',(-3.79674668699049,-7.91499999999265,8.84000000000001));
#7973=CARTESIAN_POINT('Origin',(-3.79674668699049,-7.81499999999264,8.84000000000001));
#7974=CARTESIAN_POINT('',(-3.79674668699049,-7.91499999999265,10.54));
#7975=CARTESIAN_POINT('',(-3.79674668699049,-7.91499999999265,10.54));
#7976=CARTESIAN_POINT('',(-3.89674668699049,-7.81499999999264,10.54));
#7977=CARTESIAN_POINT('Origin',(-3.79674668699049,-7.81499999999264,10.54));
#7978=CARTESIAN_POINT('',(-3.89674668699049,-7.81499999999264,10.54));
#7979=CARTESIAN_POINT('Origin',(-3.59674668699049,-7.81499999999264,8.84000000000001));
#7980=CARTESIAN_POINT('',(-3.59674668699049,-7.81499999999264,8.54000000000001));
#7981=CARTESIAN_POINT('',(-3.59674668699049,-7.91499999999265,8.64000000000001));
#7982=CARTESIAN_POINT('Origin',(-3.59674668699049,-7.81499999999264,8.64000000000001));
#7983=CARTESIAN_POINT('Origin',(-3.59674668699049,-7.91499999999265,8.84000000000001));
#7984=CARTESIAN_POINT('Origin',(-3.59674668699049,-7.81499999999264,8.84000000000001));
#7985=CARTESIAN_POINT('Origin',(-3.39674668699049,-7.81499999999264,8.64000000000001));
#7986=CARTESIAN_POINT('',(-2.19674668699049,-7.81499999999264,8.54000000000001));
#7987=CARTESIAN_POINT('',(-2.19674668699049,-7.91499999999264,8.64000000000001));
#7988=CARTESIAN_POINT('Origin',(-2.19674668699049,-7.81499999999264,8.64000000000001));
#7989=CARTESIAN_POINT('',(-3.39674668699049,-7.91499999999264,8.64000000000001));
#7990=CARTESIAN_POINT('',(-3.39674668699049,-7.81499999999264,8.54000000000001));
#7991=CARTESIAN_POINT('Origin',(-2.19674668699049,-7.81499999999264,8.84000000000001));
#7992=CARTESIAN_POINT('',(-1.89674668699049,-7.81499999999264,8.84));
#7993=CARTESIAN_POINT('',(-1.99674668699049,-7.91499999999264,8.84));
#7994=CARTESIAN_POINT('Origin',(-1.99674668699049,-7.81499999999264,8.84));
#7995=CARTESIAN_POINT('Origin',(-2.19674668699049,-7.91499999999264,8.84000000000001));
#7996=CARTESIAN_POINT('Origin',(-2.19674668699049,-7.81499999999264,8.84000000000001));
#7997=CARTESIAN_POINT('Origin',(-1.99674668699049,-7.81499999999264,10.54));
#7998=CARTESIAN_POINT('',(-1.89674668699049,-7.81499999999264,10.54));
#7999=CARTESIAN_POINT('',(-1.99674668699049,-7.91499999999264,10.54));
#8000=CARTESIAN_POINT('Origin',(-1.99674668699049,-7.81499999999264,10.54));
#8001=CARTESIAN_POINT('',(-1.99674668699049,-7.91499999999264,10.54));
#8002=CARTESIAN_POINT('',(-1.89674668699049,-7.81499999999264,10.54));
#8003=CARTESIAN_POINT('Origin',(-1.89674668699049,-7.91499999999264,10.54));
#8004=CARTESIAN_POINT('',(-1.8967466869905,-6.71499999999264,8.84));
#8005=CARTESIAN_POINT('',(-1.89674668699049,-7.61499999999264,8.84));
#8006=CARTESIAN_POINT('',(-1.89674668699049,-6.71499999999264,10.54));
#8007=CARTESIAN_POINT('',(-1.89674668699049,-6.71499999999264,10.54));
#8008=CARTESIAN_POINT('',(-1.8967466869905,-3.95749999999264,10.54));
#8009=CARTESIAN_POINT('Origin',(-2.19674668699049,-7.61499999999264,8.84000000000001));
#8010=CARTESIAN_POINT('',(-2.1967466869905,-6.71499999999264,8.54000000000001));
#8011=CARTESIAN_POINT('',(-2.19674668699049,-7.61499999999264,8.54000000000001));
#8012=CARTESIAN_POINT('Origin',(-2.1967466869905,-6.71499999999264,8.84000000000001));
#8013=CARTESIAN_POINT('Origin',(-2.89674668699049,-7.31499999999264,8.54000000000001));
#8014=CARTESIAN_POINT('',(-3.5967466869905,-6.71499999999264,8.54000000000001));
#8015=CARTESIAN_POINT('',(-3.5967466869905,-7.01499999999264,8.54000000000001));
#8016=CARTESIAN_POINT('',(-1.8967466869905,-6.71499999999264,8.54000000000001));
#8017=CARTESIAN_POINT('Origin',(-3.5967466869905,-7.01499999999264,8.84000000000001));
#8018=CARTESIAN_POINT('',(-3.8967466869905,-6.71499999999264,8.84000000000001));
#8019=CARTESIAN_POINT('',(-3.8967466869905,-7.01499999999264,8.84000000000001));
#8020=CARTESIAN_POINT('Origin',(-3.5967466869905,-6.71499999999264,8.84000000000001));
#8021=CARTESIAN_POINT('Origin',(-3.89674668699049,-6.71499999999265,10.54));
#8022=CARTESIAN_POINT('',(-3.89674668699049,-6.71499999999265,10.54));
#8023=CARTESIAN_POINT('',(-3.8967466869905,-3.35749999999265,10.54));
#8024=CARTESIAN_POINT('',(-3.89674668699049,-6.71499999999265,10.54));
#8025=CARTESIAN_POINT('Origin',(-7.75000000000026,-1.76618306718969,10.54));
#8026=CARTESIAN_POINT('',(-7.75000000000026,-1.66618306718969,8.84000000000002));
#8027=CARTESIAN_POINT('',(-7.85000000000026,-1.76618306718969,8.84000000000002));
#8028=CARTESIAN_POINT('Origin',(-7.75000000000026,-1.76618306718969,8.84000000000002));
#8029=CARTESIAN_POINT('',(-7.85000000000026,-1.76618306718969,10.54));
#8030=CARTESIAN_POINT('',(-7.85000000000026,-1.76618306718969,10.54));
#8031=CARTESIAN_POINT('',(-7.75000000000026,-1.66618306718969,10.54));
#8032=CARTESIAN_POINT('Origin',(-7.75000000000026,-1.76618306718969,10.54));
#8033=CARTESIAN_POINT('',(-7.75000000000026,-1.66618306718969,10.54));
#8034=CARTESIAN_POINT('Origin',(-7.75000000000026,-1.96618306718969,8.84000000000002));
#8035=CARTESIAN_POINT('',(-7.75000000000026,-1.96618306718969,8.54000000000002));
#8036=CARTESIAN_POINT('',(-7.85000000000026,-1.96618306718969,8.64000000000002));
#8037=CARTESIAN_POINT('Origin',(-7.75000000000026,-1.96618306718969,8.64000000000002));
#8038=CARTESIAN_POINT('Origin',(-7.85000000000026,-1.96618306718969,8.84000000000002));
#8039=CARTESIAN_POINT('Origin',(-7.75000000000026,-1.96618306718969,8.84000000000002));
#8040=CARTESIAN_POINT('Origin',(-7.75000000000026,-2.16618306718969,8.64000000000002));
#8041=CARTESIAN_POINT('',(-7.75000000000026,-3.36618306718969,8.54000000000002));
#8042=CARTESIAN_POINT('',(-7.85000000000026,-3.36618306718969,8.64000000000002));
#8043=CARTESIAN_POINT('Origin',(-7.75000000000026,-3.36618306718969,8.64000000000002));
#8044=CARTESIAN_POINT('',(-7.85000000000026,-2.16618306718969,8.64000000000002));
#8045=CARTESIAN_POINT('',(-7.75000000000026,-2.16618306718969,8.54000000000002));
#8046=CARTESIAN_POINT('Origin',(-7.75000000000026,-3.36618306718969,8.84000000000002));
#8047=CARTESIAN_POINT('',(-7.75000000000026,-3.66618306718969,8.84000000000002));
#8048=CARTESIAN_POINT('',(-7.85000000000026,-3.56618306718969,8.84000000000002));
#8049=CARTESIAN_POINT('Origin',(-7.75000000000026,-3.56618306718969,8.84000000000002));
#8050=CARTESIAN_POINT('Origin',(-7.85000000000026,-3.36618306718969,8.84000000000002));
#8051=CARTESIAN_POINT('Origin',(-7.75000000000026,-3.36618306718969,8.84000000000002));
#8052=CARTESIAN_POINT('Origin',(-7.75000000000025,-3.56618306718969,10.54));
#8053=CARTESIAN_POINT('',(-7.75000000000025,-3.66618306718969,10.54));
#8054=CARTESIAN_POINT('',(-7.85000000000025,-3.56618306718969,10.54));
#8055=CARTESIAN_POINT('Origin',(-7.75000000000025,-3.56618306718969,10.54));
#8056=CARTESIAN_POINT('',(-7.85000000000025,-3.56618306718969,10.54));
#8057=CARTESIAN_POINT('',(-7.75000000000025,-3.66618306718969,10.54));
#8058=CARTESIAN_POINT('Origin',(-7.85000000000025,-3.66618306718969,10.54));
#8059=CARTESIAN_POINT('',(-6.65000000000026,-3.66618306718969,8.84000000000002));
#8060=CARTESIAN_POINT('',(-7.55000000000026,-3.66618306718969,8.84000000000002));
#8061=CARTESIAN_POINT('',(-6.65000000000025,-3.66618306718969,10.54));
#8062=CARTESIAN_POINT('',(-6.65000000000025,-3.66618306718969,10.54));
#8063=CARTESIAN_POINT('',(-3.92337334349538,-3.66618306718968,10.54));
#8064=CARTESIAN_POINT('Origin',(-7.55000000000026,-3.36618306718969,8.84000000000002));
#8065=CARTESIAN_POINT('',(-6.65000000000026,-3.36618306718969,8.54000000000002));
#8066=CARTESIAN_POINT('',(-7.55000000000026,-3.36618306718969,8.54000000000002));
#8067=CARTESIAN_POINT('Origin',(-6.65000000000026,-3.36618306718969,8.84000000000002));
#8068=CARTESIAN_POINT('Origin',(-7.25000000000026,-2.66618306718969,8.54000000000002));
#8069=CARTESIAN_POINT('',(-6.65000000000027,-1.96618306718969,8.54000000000002));
#8070=CARTESIAN_POINT('',(-6.95000000000026,-1.96618306718969,8.54000000000002));
#8071=CARTESIAN_POINT('',(-6.65000000000026,-3.66618306718969,8.54000000000002));
#8072=CARTESIAN_POINT('Origin',(-6.95000000000026,-1.96618306718969,8.84000000000002));
#8073=CARTESIAN_POINT('',(-6.65000000000026,-1.66618306718969,8.84000000000002));
#8074=CARTESIAN_POINT('',(-6.95000000000026,-1.66618306718969,8.84000000000002));
#8075=CARTESIAN_POINT('Origin',(-6.65000000000026,-1.96618306718969,8.84000000000002));
#8076=CARTESIAN_POINT('Origin',(-6.65000000000026,-1.66618306718969,10.54));
#8077=CARTESIAN_POINT('',(-6.65000000000026,-1.66618306718969,10.54));
#8078=CARTESIAN_POINT('',(-3.32337334349538,-1.66618306718968,10.54));
#8079=CARTESIAN_POINT('',(-6.65000000000026,-1.66618306718969,10.54));
#8080=CARTESIAN_POINT('Origin',(-3.79674668699053,6.53500000000736,10.54));
#8081=CARTESIAN_POINT('',(-3.79674668699053,6.63500000000736,8.84000000000001));
#8082=CARTESIAN_POINT('',(-3.89674668699053,6.53500000000736,8.84000000000001));
#8083=CARTESIAN_POINT('Origin',(-3.79674668699053,6.53500000000736,8.84000000000001));
#8084=CARTESIAN_POINT('',(-3.89674668699053,6.53500000000736,10.54));
#8085=CARTESIAN_POINT('',(-3.89674668699053,6.53500000000736,10.54));
#8086=CARTESIAN_POINT('',(-3.79674668699053,6.63500000000736,10.54));
#8087=CARTESIAN_POINT('Origin',(-3.79674668699053,6.53500000000736,10.54));
#8088=CARTESIAN_POINT('',(-3.79674668699053,6.63500000000736,10.54));
#8089=CARTESIAN_POINT('Origin',(-3.59674668699053,6.53500000000736,8.84000000000001));
#8090=CARTESIAN_POINT('',(-3.59674668699053,6.63500000000736,8.64000000000001));
#8091=CARTESIAN_POINT('',(-3.59674668699053,6.53500000000736,8.54000000000001));
#8092=CARTESIAN_POINT('Origin',(-3.59674668699053,6.53500000000736,8.64000000000001));
#8093=CARTESIAN_POINT('Origin',(-3.59674668699053,6.53500000000736,8.84000000000001));
#8094=CARTESIAN_POINT('Origin',(-3.59674668699053,6.63500000000736,8.84000000000001));
#8095=CARTESIAN_POINT('Origin',(-3.39674668699053,6.53500000000736,8.64000000000001));
#8096=CARTESIAN_POINT('',(-2.19674668699053,6.63500000000736,8.64000000000001));
#8097=CARTESIAN_POINT('',(-2.19674668699053,6.53500000000736,8.54000000000001));
#8098=CARTESIAN_POINT('Origin',(-2.19674668699053,6.53500000000736,8.64000000000001));
#8099=CARTESIAN_POINT('',(-3.39674668699053,6.53500000000736,8.54000000000001));
#8100=CARTESIAN_POINT('',(-3.39674668699053,6.63500000000736,8.64000000000001));
#8101=CARTESIAN_POINT('Origin',(-2.19674668699053,6.53500000000736,8.84000000000001));
#8102=CARTESIAN_POINT('',(-1.99674668699053,6.63500000000736,8.84000000000001));
#8103=CARTESIAN_POINT('',(-1.89674668699053,6.53500000000736,8.84000000000001));
#8104=CARTESIAN_POINT('Origin',(-1.99674668699053,6.53500000000736,8.84000000000001));
#8105=CARTESIAN_POINT('Origin',(-2.19674668699053,6.53500000000736,8.84000000000001));
#8106=CARTESIAN_POINT('Origin',(-2.19674668699053,6.63500000000736,8.84000000000001));
#8107=CARTESIAN_POINT('Origin',(-1.99674668699053,6.53500000000736,10.54));
#8108=CARTESIAN_POINT('',(-1.99674668699053,6.63500000000736,10.54));
#8109=CARTESIAN_POINT('',(-1.89674668699053,6.53500000000736,10.54));
#8110=CARTESIAN_POINT('Origin',(-1.99674668699053,6.53500000000736,10.54));
#8111=CARTESIAN_POINT('',(-1.89674668699053,6.53500000000736,10.54));
#8112=CARTESIAN_POINT('',(-1.99674668699053,6.63500000000736,10.54));
#8113=CARTESIAN_POINT('Origin',(-3.89674668699053,6.63500000000735,10.54));
#8114=CARTESIAN_POINT('',(-1.94674668699053,6.63500000000736,10.54));
#8115=CARTESIAN_POINT('Origin',(-7.75000000000028,4.23381693281031,10.54));
#8116=CARTESIAN_POINT('',(-7.75000000000028,4.33381693281031,8.84000000000002));
#8117=CARTESIAN_POINT('',(-7.85000000000028,4.23381693281031,8.84000000000002));
#8118=CARTESIAN_POINT('Origin',(-7.75000000000028,4.23381693281031,8.84000000000002));
#8119=CARTESIAN_POINT('',(-7.85000000000028,4.23381693281031,10.54));
#8120=CARTESIAN_POINT('',(-7.85000000000028,4.23381693281031,10.54));
#8121=CARTESIAN_POINT('',(-7.75000000000028,4.33381693281031,10.54));
#8122=CARTESIAN_POINT('Origin',(-7.75000000000028,4.23381693281031,10.54));
#8123=CARTESIAN_POINT('',(-7.75000000000028,4.33381693281031,10.54));
#8124=CARTESIAN_POINT('Origin',(-7.75000000000028,4.03381693281031,8.84000000000002));
#8125=CARTESIAN_POINT('',(-7.75000000000028,4.03381693281031,8.54000000000002));
#8126=CARTESIAN_POINT('',(-7.85000000000028,4.03381693281031,8.64000000000002));
#8127=CARTESIAN_POINT('Origin',(-7.75000000000028,4.03381693281031,8.64000000000002));
#8128=CARTESIAN_POINT('Origin',(-7.85000000000028,4.03381693281031,8.84000000000002));
#8129=CARTESIAN_POINT('Origin',(-7.75000000000028,4.03381693281031,8.84000000000002));
#8130=CARTESIAN_POINT('Origin',(-7.75000000000028,3.83381693281031,8.64000000000002));
#8131=CARTESIAN_POINT('',(-7.75000000000028,2.63381693281031,8.54000000000002));
#8132=CARTESIAN_POINT('',(-7.85000000000028,2.63381693281031,8.64000000000002));
#8133=CARTESIAN_POINT('Origin',(-7.75000000000028,2.63381693281031,8.64000000000002));
#8134=CARTESIAN_POINT('',(-7.85000000000028,3.83381693281031,8.64000000000002));
#8135=CARTESIAN_POINT('',(-7.75000000000028,3.83381693281031,8.54000000000002));
#8136=CARTESIAN_POINT('Origin',(-7.75000000000028,2.63381693281031,8.84000000000002));
#8137=CARTESIAN_POINT('',(-7.75000000000027,2.33381693281031,8.84000000000002));
#8138=CARTESIAN_POINT('',(-7.85000000000028,2.43381693281031,8.84000000000002));
#8139=CARTESIAN_POINT('Origin',(-7.75000000000028,2.43381693281031,8.84000000000002));
#8140=CARTESIAN_POINT('Origin',(-7.85000000000028,2.63381693281031,8.84000000000002));
#8141=CARTESIAN_POINT('Origin',(-7.75000000000028,2.63381693281031,8.84000000000002));
#8142=CARTESIAN_POINT('Origin',(-7.75000000000027,2.43381693281031,10.54));
#8143=CARTESIAN_POINT('',(-7.75000000000027,2.33381693281031,10.54));
#8144=CARTESIAN_POINT('',(-7.85000000000027,2.43381693281031,10.54));
#8145=CARTESIAN_POINT('Origin',(-7.75000000000027,2.43381693281031,10.54));
#8146=CARTESIAN_POINT('',(-7.85000000000027,2.43381693281031,10.54));
#8147=CARTESIAN_POINT('',(-7.75000000000027,2.33381693281031,10.54));
#8148=CARTESIAN_POINT('Origin',(-7.85000000000027,2.33381693281031,10.54));
#8149=CARTESIAN_POINT('',(-6.65000000000027,2.33381693281031,8.84000000000002));
#8150=CARTESIAN_POINT('',(-7.55000000000027,2.33381693281031,8.84000000000002));
#8151=CARTESIAN_POINT('',(-6.65000000000027,2.33381693281031,10.54));
#8152=CARTESIAN_POINT('',(-6.65000000000027,2.33381693281031,10.54));
#8153=CARTESIAN_POINT('',(-3.92337334349539,2.33381693281032,10.54));
#8154=CARTESIAN_POINT('Origin',(-7.55000000000028,2.63381693281031,8.84000000000002));
#8155=CARTESIAN_POINT('',(-6.65000000000028,2.63381693281032,8.54000000000002));
#8156=CARTESIAN_POINT('',(-7.55000000000028,2.63381693281031,8.54000000000002));
#8157=CARTESIAN_POINT('Origin',(-6.65000000000028,2.63381693281032,8.84000000000002));
#8158=CARTESIAN_POINT('Origin',(-7.25000000000028,3.33381693281031,8.54000000000002));
#8159=CARTESIAN_POINT('',(-6.65000000000028,4.03381693281031,8.54000000000002));
#8160=CARTESIAN_POINT('',(-6.95000000000028,4.03381693281031,8.54000000000002));
#8161=CARTESIAN_POINT('',(-6.65000000000028,2.33381693281031,8.54000000000002));
#8162=CARTESIAN_POINT('Origin',(-6.95000000000028,4.03381693281031,8.84000000000002));
#8163=CARTESIAN_POINT('',(-6.65000000000028,4.33381693281031,8.84000000000002));
#8164=CARTESIAN_POINT('',(-6.95000000000028,4.33381693281031,8.84000000000002));
#8165=CARTESIAN_POINT('Origin',(-6.65000000000028,4.03381693281031,8.84000000000002));
#8166=CARTESIAN_POINT('Origin',(-6.65000000000028,4.33381693281031,10.54));
#8167=CARTESIAN_POINT('',(-6.65000000000028,4.33381693281031,10.54));
#8168=CARTESIAN_POINT('',(-3.3233733434954,4.33381693281032,10.54));
#8169=CARTESIAN_POINT('',(-6.65000000000028,4.33381693281031,10.54));
#8170=CARTESIAN_POINT('Origin',(-5.85000000000028,4.63500000000735,10.54));
#8171=CARTESIAN_POINT('',(-5.85000000000031,4.83500000000735,1.55431223447522E-14));
#8172=CARTESIAN_POINT('',(-6.0500000000003,4.63500000000735,1.55431223447522E-14));
#8173=CARTESIAN_POINT('Origin',(-5.8500000000003,4.63500000000735,1.55431223447522E-14));
#8174=CARTESIAN_POINT('',(-6.05000000000028,4.63500000000735,10.54));
#8175=CARTESIAN_POINT('',(-6.05000000000028,4.63500000000735,10.54));
#8176=CARTESIAN_POINT('',(-5.85000000000028,4.83500000000735,10.54));
#8177=CARTESIAN_POINT('Origin',(-5.85000000000028,4.63500000000735,10.54));
#8178=CARTESIAN_POINT('',(-5.85000000000028,4.83500000000735,10.54));
#8179=CARTESIAN_POINT('Origin',(-2.90597081988031E-13,-0.639999999992633,
0.));
#8180=CARTESIAN_POINT('',(-1.0500000000003,4.83500000000737,2.22044604925031E-15));
#8181=CARTESIAN_POINT('',(6.04999999999969,4.83500000000738,-1.55431223447522E-14));
#8182=CARTESIAN_POINT('',(-1.0500000000003,3.33500000000736,2.22044604925031E-15));
#8183=CARTESIAN_POINT('',(-1.0500000000003,2.09750000000736,2.22044604925031E-15));
#8184=CARTESIAN_POINT('',(1.0499999999997,3.33500000000737,-2.22044604925031E-15));
#8185=CARTESIAN_POINT('',(-0.525000000000301,3.33500000000737,2.22044604925031E-15));
#8186=CARTESIAN_POINT('',(1.0499999999997,4.83500000000737,-2.22044604925031E-15));
#8187=CARTESIAN_POINT('',(1.0499999999997,1.34750000000737,-2.22044604925031E-15));
#8188=CARTESIAN_POINT('',(5.84999999999969,4.83500000000738,-1.55431223447522E-14));
#8189=CARTESIAN_POINT('',(6.04999999999969,4.83500000000738,-1.55431223447522E-14));
#8190=CARTESIAN_POINT('',(6.04999999999969,4.63500000000738,-1.55431223447522E-14));
#8191=CARTESIAN_POINT('Origin',(5.84999999999969,4.63500000000738,-1.55431223447522E-14));
#8192=CARTESIAN_POINT('',(6.0499999999997,1.70000000000738,-1.55431223447522E-14));
#8193=CARTESIAN_POINT('',(6.04999999999972,-4.71500199887438,-1.55431223447522E-14));
#8194=CARTESIAN_POINT('',(3.74999999999971,1.70000000000738,-8.88178419700125E-15));
#8195=CARTESIAN_POINT('',(3.0249999999997,1.70000000000738,-6.66133814775094E-15));
#8196=CARTESIAN_POINT('',(3.74999999999972,-1.69999999999262,-8.88178419700125E-15));
#8197=CARTESIAN_POINT('',(3.74999999999971,0.530000000007377,-8.88178419700125E-15));
#8198=CARTESIAN_POINT('',(6.04999999999971,-1.69999999999262,-1.55431223447522E-14));
#8199=CARTESIAN_POINT('',(1.87499999999971,-1.69999999999263,-4.44089209850063E-15));
#8200=CARTESIAN_POINT('',(6.04999999999972,-4.71500199887438,-1.55431223447522E-14));
#8201=CARTESIAN_POINT('',(6.04999999999972,-4.71500199887438,-1.55431223447522E-14));
#8202=CARTESIAN_POINT('',(4.65000328460099,-6.11499999999019,-1.33226762955019E-14));
#8203=CARTESIAN_POINT('Origin',(4.64999999999972,-4.71499999999262,-1.11022302462516E-14));
#8204=CARTESIAN_POINT('',(1.05000001568983,-6.11499999999114,-4.44089209850063E-15));
#8205=CARTESIAN_POINT('',(-4.6500008478639,-6.11499999999265,8.88178419700125E-15));
#8206=CARTESIAN_POINT('',(1.05000001568987,-5.1149999999911,-4.44089209850063E-15));
#8207=CARTESIAN_POINT('',(1.05000001568996,-3.37749999999191,-2.22044604925031E-15));
#8208=CARTESIAN_POINT('',(-1.04999998431013,-5.11499999999111,0.));
#8209=CARTESIAN_POINT('',(0.525000007844798,-5.11499999999111,-4.44089209850063E-15));
#8210=CARTESIAN_POINT('',(-1.04999998431012,-6.11499999999111,0.));
#8211=CARTESIAN_POINT('',(-1.04999998431014,-2.87749999999187,2.22044604925031E-15));
#8212=CARTESIAN_POINT('',(-4.6500008478639,-6.11499999999265,8.88178419700125E-15));
#8213=CARTESIAN_POINT('',(-4.6500008478639,-6.11499999999265,8.88178419700125E-15));
#8214=CARTESIAN_POINT('',(-6.04999999999965,-4.71500157372927,1.55431223447522E-14));
#8215=CARTESIAN_POINT('Origin',(-4.65000000000028,-4.71499999999264,1.11022302462516E-14));
#8216=CARTESIAN_POINT('',(-6.05000000000021,-1.69999999999243,1.55431223447522E-14));
#8217=CARTESIAN_POINT('',(-6.0500000000003,4.83500000000735,1.55431223447522E-14));
#8218=CARTESIAN_POINT('',(-3.75000000000008,-1.69999999999242,8.88178419700125E-15));
#8219=CARTESIAN_POINT('',(-3.02500000000025,-1.69999999999241,6.66133814775094E-15));
#8220=CARTESIAN_POINT('',(-3.75000000000009,1.70000000000759,8.88178419700125E-15));
#8221=CARTESIAN_POINT('',(-3.75000000000008,-1.16999999999253,8.88178419700125E-15));
#8222=CARTESIAN_POINT('',(-6.05000000000009,1.70000000000759,1.55431223447522E-14));
#8223=CARTESIAN_POINT('',(-1.87500000000019,1.70000000000758,4.44089209850063E-15));
#8224=CARTESIAN_POINT('',(-6.0500000000003,4.83500000000735,1.55431223447522E-14));
#8225=CARTESIAN_POINT('Origin',(-6.05000000000028,4.83500000000735,10.54));
#8226=CARTESIAN_POINT('',(-1.05000000000028,4.83500000000736,10.54));
#8227=CARTESIAN_POINT('',(-3.0233733434954,4.83500000000736,10.54));
#8228=CARTESIAN_POINT('',(-1.05000000000029,4.83500000000736,5.27000000000001));
#8229=CARTESIAN_POINT('Origin',(5.84999999999972,4.63500000000738,10.54));
#8230=CARTESIAN_POINT('',(5.84999999999972,4.83500000000738,10.54));
#8231=CARTESIAN_POINT('',(5.84999999999972,4.83500000000738,10.54));
#8232=CARTESIAN_POINT('',(6.04999999999972,4.63500000000738,10.54));
#8233=CARTESIAN_POINT('Origin',(5.84999999999972,4.63500000000738,10.54));
#8234=CARTESIAN_POINT('',(6.04999999999972,4.63500000000738,10.54));
#8235=CARTESIAN_POINT('Origin',(6.04999999999972,4.83500000000738,10.54));
#8236=CARTESIAN_POINT('',(6.04999999999973,1.70000000000738,10.54));
#8237=CARTESIAN_POINT('',(6.04999999999973,2.41750000000738,10.54));
#8238=CARTESIAN_POINT('',(6.04999999999972,1.70000000000738,5.26999999999999));
#8239=CARTESIAN_POINT('Origin',(1.0499999999997,3.33500000000737,-2.22044604925031E-15));
#8240=CARTESIAN_POINT('',(1.04999999999973,3.62500000000737,10.54));
#8241=CARTESIAN_POINT('',(1.04999999999971,3.62500000000737,3.04));
#8242=CARTESIAN_POINT('',(1.04999999999971,3.62500000000737,6.02));
#8243=CARTESIAN_POINT('',(1.04999999999972,4.83500000000737,10.54));
#8244=CARTESIAN_POINT('',(1.04999999999973,3.33500000000737,10.54));
#8245=CARTESIAN_POINT('',(1.04999999999971,4.83500000000737,5.27));
#8246=CARTESIAN_POINT('',(1.04999999999971,3.33500000000737,3.04));
#8247=CARTESIAN_POINT('',(1.0499999999997,3.33500000000737,-2.22044604925031E-15));
#8248=CARTESIAN_POINT('',(1.04999999999971,1.29250000000737,3.04));
#8249=CARTESIAN_POINT('Origin',(-1.0500000000003,4.83500000000737,2.22044604925031E-15));
#8250=CARTESIAN_POINT('',(-1.05000000000029,3.62500000000737,3.04));
#8251=CARTESIAN_POINT('',(-1.05000000000027,3.62500000000736,10.54));
#8252=CARTESIAN_POINT('',(-1.05000000000029,3.62500000000736,6.02));
#8253=CARTESIAN_POINT('',(-1.05000000000029,3.33500000000736,3.04));
#8254=CARTESIAN_POINT('',(-1.05000000000029,2.04250000000736,3.04));
#8255=CARTESIAN_POINT('',(-1.0500000000003,3.33500000000736,2.22044604925031E-15));
#8256=CARTESIAN_POINT('',(-1.05000000000028,4.83500000000736,10.54));
#8257=CARTESIAN_POINT('Origin',(-1.0500000000003,3.33500000000736,2.22044604925031E-15));
#8258=CARTESIAN_POINT('',(-0.523373343495415,3.33500000000737,3.04));
#8259=CARTESIAN_POINT('Origin',(-3.75000000000008,-1.69999999999242,8.88178419700125E-15));
#8260=CARTESIAN_POINT('',(-3.75000000000008,1.70000000000758,3.04000000000001));
#8261=CARTESIAN_POINT('',(-3.75000000000007,-1.69999999999242,3.04000000000001));
#8262=CARTESIAN_POINT('',(-3.75000000000008,-1.22499999999253,3.04000000000001));
#8263=CARTESIAN_POINT('',(-3.75000000000009,1.70000000000759,8.88178419700125E-15));
#8264=CARTESIAN_POINT('',(-3.75000000000008,-1.69999999999242,8.88178419700125E-15));
#8265=CARTESIAN_POINT('Origin',(-6.05000000000021,-1.69999999999243,1.55431223447522E-14));
#8266=CARTESIAN_POINT('',(-4.83158122397323,-1.69999999999242,3.04000000000002));
#8267=CARTESIAN_POINT('',(-3.02337334349536,-1.69999999999241,3.04000000000001));
#8268=CARTESIAN_POINT('',(-6.05000000000018,-1.69999999999243,10.54));
#8269=CARTESIAN_POINT('',(-6.05000000000027,-1.69999999999243,5.27000000000002));
#8270=CARTESIAN_POINT('',(-4.83158122397321,-1.69999999999242,10.54));
#8271=CARTESIAN_POINT('',(-3.75000000000006,-1.69999999999242,10.54));
#8272=CARTESIAN_POINT('',(-4.83158122397321,-1.69999999999242,12.04));
#8273=CARTESIAN_POINT('Origin',(-3.75000000000009,1.70000000000759,8.88178419700125E-15));
#8274=CARTESIAN_POINT('',(-4.83158122397308,1.70000000000759,3.04000000000002));
#8275=CARTESIAN_POINT('',(-1.8733733434953,1.70000000000758,3.04000000000001));
#8276=CARTESIAN_POINT('',(-4.83158122397306,1.70000000000759,10.54));
#8277=CARTESIAN_POINT('',(-4.83158122397305,1.70000000000759,12.04));
#8278=CARTESIAN_POINT('',(-6.05000000000006,1.70000000000759,10.54));
#8279=CARTESIAN_POINT('',(-6.05000000000006,1.70000000000759,10.54));
#8280=CARTESIAN_POINT('',(-6.05000000000028,1.70000000000759,5.27000000000002));
#8281=CARTESIAN_POINT('Origin',(6.0499999999997,1.70000000000738,-1.55431223447522E-14));
#8282=CARTESIAN_POINT('',(3.74999999999971,1.70000000000738,3.03999999999999));
#8283=CARTESIAN_POINT('',(4.83808784999209,1.70000000000738,3.03999999999999));
#8284=CARTESIAN_POINT('',(3.02662665650459,1.70000000000738,3.03999999999999));
#8285=CARTESIAN_POINT('',(3.74999999999971,1.70000000000738,-8.88178419700125E-15));
#8286=CARTESIAN_POINT('',(4.83808784999211,1.70000000000738,10.54));
#8287=CARTESIAN_POINT('',(6.04999999999973,1.70000000000738,10.54));
#8288=CARTESIAN_POINT('',(4.83808784999212,1.70000000000738,12.04));
#8289=CARTESIAN_POINT('Origin',(3.74999999999971,1.70000000000738,-8.88178419700125E-15));
#8290=CARTESIAN_POINT('',(3.74999999999972,-1.69999999999262,3.03999999999999));
#8291=CARTESIAN_POINT('',(3.74999999999972,0.475000000007377,3.03999999999999));
#8292=CARTESIAN_POINT('',(3.74999999999972,-1.69999999999262,-8.88178419700125E-15));
#8293=CARTESIAN_POINT('Origin',(3.74999999999972,-1.69999999999262,-8.88178419700125E-15));
#8294=CARTESIAN_POINT('',(4.8380878499921,-1.69999999999262,3.03999999999999));
#8295=CARTESIAN_POINT('',(1.8766266565046,-1.69999999999263,3.04));
#8296=CARTESIAN_POINT('',(4.83808784999212,-1.69999999999262,10.54));
#8297=CARTESIAN_POINT('',(4.83808784999213,-1.69999999999262,12.04));
#8298=CARTESIAN_POINT('',(6.04999999999974,-1.69999999999262,10.54));
#8299=CARTESIAN_POINT('',(3.74999999999974,-1.69999999999263,10.54));
#8300=CARTESIAN_POINT('',(6.04999999999972,-1.69999999999262,5.26999999999999));
#8301=CARTESIAN_POINT('Origin',(-1.04999998431013,-5.11499999999111,0.));
#8302=CARTESIAN_POINT('',(-1.0499999843101,-5.11499999999111,10.54));
#8303=CARTESIAN_POINT('',(-1.04999998431013,-5.11499999999111,0.));
#8304=CARTESIAN_POINT('',(-1.04999998431009,-6.11499999999111,10.54));
#8305=CARTESIAN_POINT('',(-1.04999998431009,-6.11499999999111,10.54));
#8306=CARTESIAN_POINT('',(-1.04999998431011,-6.11499999999264,5.27));
#8307=CARTESIAN_POINT('Origin',(1.05000001568987,-5.1149999999911,-4.44089209850063E-15));
#8308=CARTESIAN_POINT('',(0.323253313033887,-5.11499999999111,3.04));
#8309=CARTESIAN_POINT('',(0.323253313033906,-5.11499999999111,10.54));
#8310=CARTESIAN_POINT('',(0.32325331303391,-5.11499999999111,12.04));
#8311=CARTESIAN_POINT('',(-0.316746687014919,-5.11499999999111,3.04));
#8312=CARTESIAN_POINT('',(0.526626664349683,-5.11499999999111,3.04));
#8313=CARTESIAN_POINT('',(-0.316746687014899,-5.11499999999111,10.54));
#8314=CARTESIAN_POINT('',(-0.316746687014896,-5.11499999999111,12.04));
#8315=CARTESIAN_POINT('',(-1.0499999843101,-5.11499999999111,10.54));
#8316=CARTESIAN_POINT('',(1.0500000156899,-5.11499999999111,10.54));
#8317=CARTESIAN_POINT('',(1.05000001568987,-5.1149999999911,-4.44089209850063E-15));
#8318=CARTESIAN_POINT('',(-1.0499999843101,-5.11499999999111,10.54));
#8319=CARTESIAN_POINT('Origin',(1.05000001568983,-6.11499999999114,-4.44089209850063E-15));
#8320=CARTESIAN_POINT('',(1.05000001568985,-6.11499999999115,10.54));
#8321=CARTESIAN_POINT('',(1.05000001568984,-6.11499999999263,5.27));
#8322=CARTESIAN_POINT('',(1.0500000156899,-5.11499999999111,10.54));
#8323=CARTESIAN_POINT('Origin',(-6.05000000000028,4.83500000000735,10.54));
#8324=CARTESIAN_POINT('',(-3.0233733434954,4.83500000000736,10.54));
#8325=CARTESIAN_POINT('Origin',(-3.61959087353787,3.62500000000735,12.04));
#8326=CARTESIAN_POINT('',(-1.80979543676908,3.62500000000736,10.54));
#8327=CARTESIAN_POINT('',(3.62609749955682,3.62500000000737,3.03999999999999));
#8328=CARTESIAN_POINT('',(3.62609749955682,3.62500000000737,3.03999999999999));
#8329=CARTESIAN_POINT('',(3.62609749955685,3.62500000000737,15.55));
#8330=CARTESIAN_POINT('',(3.62609749955684,3.62500000000737,12.04));
#8331=CARTESIAN_POINT('',(3.83535456428144,3.62500000000737,15.7));
#8332=CARTESIAN_POINT('Ctrl Pts',(3.62609749955685,3.62500000000737,15.55));
#8333=CARTESIAN_POINT('Ctrl Pts',(3.62609749955685,3.62500000000737,15.5665559936421));
#8334=CARTESIAN_POINT('Ctrl Pts',(3.63103900304952,3.62500000000737,15.5857988332434));
#8335=CARTESIAN_POINT('Ctrl Pts',(3.64750611170273,3.62500000000737,15.61835896211));
#8336=CARTESIAN_POINT('Ctrl Pts',(3.66317887968648,3.62500000000737,15.636426003976));
#8337=CARTESIAN_POINT('Ctrl Pts',(3.69763717837073,3.62500000000737,15.6643627696516));
#8338=CARTESIAN_POINT('Ctrl Pts',(3.7236710651337,3.62500000000737,15.6778383089216));
#8339=CARTESIAN_POINT('Ctrl Pts',(3.77358022939202,3.62500000000737,15.6947433797549));
#8340=CARTESIAN_POINT('Ctrl Pts',(3.80708904645334,3.62500000000737,15.7));
#8341=CARTESIAN_POINT('Ctrl Pts',(3.83535456428144,3.62500000000737,15.7));
#8342=CARTESIAN_POINT('',(-3.82884793826245,3.62500000000735,15.7));
#8343=CARTESIAN_POINT('',(-3.61959087353787,3.62500000000735,15.7));
#8344=CARTESIAN_POINT('',(-3.61959087353787,3.62500000000736,15.55));
#8345=CARTESIAN_POINT('Ctrl Pts',(-3.82884793826245,3.62500000000735,15.7));
#8346=CARTESIAN_POINT('Ctrl Pts',(-3.80058242043436,3.62500000000735,15.7));
#8347=CARTESIAN_POINT('Ctrl Pts',(-3.76707360337303,3.62500000000735,15.6947433797549));
#8348=CARTESIAN_POINT('Ctrl Pts',(-3.71716443911471,3.62500000000735,15.6778383089216));
#8349=CARTESIAN_POINT('Ctrl Pts',(-3.69113055235174,3.62500000000735,15.6643627696516));
#8350=CARTESIAN_POINT('Ctrl Pts',(-3.65667225366749,3.62500000000735,15.636426003976));
#8351=CARTESIAN_POINT('Ctrl Pts',(-3.64099948568375,3.62500000000735,15.6183589621101));
#8352=CARTESIAN_POINT('Ctrl Pts',(-3.62453237703054,3.62500000000735,15.5857988332434));
#8353=CARTESIAN_POINT('Ctrl Pts',(-3.61959087353787,3.62500000000735,15.5665559936421));
#8354=CARTESIAN_POINT('Ctrl Pts',(-3.61959087353787,3.62500000000735,15.55));
#8355=CARTESIAN_POINT('',(-3.6195908735379,3.62500000000736,3.04000000000001));
#8356=CARTESIAN_POINT('',(-3.61959087353787,3.62500000000736,12.04));
#8357=CARTESIAN_POINT('',(3.62609749955682,3.62500000000737,3.03999999999999));
#8358=CARTESIAN_POINT('Origin',(-6.05000000000025,-4.71500157372928,10.54));
#8359=CARTESIAN_POINT('',(-6.04999999999963,-4.71500157372928,10.54));
#8360=CARTESIAN_POINT('',(-6.04999999999963,-4.71500157372928,10.54));
#8361=CARTESIAN_POINT('',(-6.05000000000026,-2.35750078686096,10.54));
#8362=CARTESIAN_POINT('Origin',(-6.05000000000025,-4.71500157372928,10.54));
#8363=CARTESIAN_POINT('',(-6.05000000000026,-2.35750078686096,10.54));
#8364=CARTESIAN_POINT('Origin',(6.04999999999972,4.83500000000738,10.54));
#8365=CARTESIAN_POINT('',(6.04999999999975,-4.71500199887438,10.54));
#8366=CARTESIAN_POINT('',(6.04999999999973,2.41750000000738,10.54));
#8367=CARTESIAN_POINT('',(6.04999999999975,-4.71500199887438,10.54));
#8368=CARTESIAN_POINT('Origin',(4.65000328460101,-6.11499999999262,10.54));
#8369=CARTESIAN_POINT('',(-4.65000084786387,-6.11499999999265,10.54));
#8370=CARTESIAN_POINT('',(2.32662829880526,-6.11499999999263,10.54));
#8371=CARTESIAN_POINT('',(-4.65000084786387,-6.11499999999265,10.54));
#8372=CARTESIAN_POINT('Origin',(3.90325331300951,-6.71499999999263,10.54));
#8373=CARTESIAN_POINT('',(1.95325331300951,-6.71499999999263,10.54));
#8374=CARTESIAN_POINT('Origin',(1.90325331300951,-7.91499999999263,10.54));
#8375=CARTESIAN_POINT('',(0.953253313009511,-7.91499999999263,10.54));
#8376=CARTESIAN_POINT('Origin',(-1.89674668699049,-6.71499999999264,10.54));
#8377=CARTESIAN_POINT('',(-0.946746686990493,-6.71499999999264,10.54));
#8378=CARTESIAN_POINT('Origin',(-3.89674668699049,-7.91499999999265,10.54));
#8379=CARTESIAN_POINT('',(-1.94674668699049,-7.91499999999264,10.54));
#8380=CARTESIAN_POINT('Origin',(-7.85000000000026,-1.66618306718969,10.54));
#8381=CARTESIAN_POINT('',(-7.85000000000026,-0.833091533591175,10.54));
#8382=CARTESIAN_POINT('Origin',(-7.85000000000028,4.33381693281031,10.54));
#8383=CARTESIAN_POINT('',(-7.85000000000027,2.16690846640883,10.54));
#8384=CARTESIAN_POINT('Origin',(7.54999999999974,-3.36618306718965,8.83999999999998));
#8385=CARTESIAN_POINT('',(6.64999999999974,-3.66618306718965,8.83999999999998));
#8386=CARTESIAN_POINT('',(7.54999999999974,-3.66618306718965,8.83999999999998));
#8387=CARTESIAN_POINT('',(6.64999999999974,-3.36618306718965,8.53999999999998));
#8388=CARTESIAN_POINT('Origin',(6.64999999999974,-3.36618306718965,8.83999999999998));
#8389=CARTESIAN_POINT('',(7.54999999999974,-3.36618306718965,8.53999999999998));
#8390=CARTESIAN_POINT('Origin',(7.24999999999974,-2.66618306718965,8.53999999999998));
#8391=CARTESIAN_POINT('',(6.64999999999973,-1.96618306718965,8.53999999999998));
#8392=CARTESIAN_POINT('',(6.64999999999974,-3.66618306718965,8.53999999999998));
#8393=CARTESIAN_POINT('',(6.94999999999973,-1.96618306718965,8.53999999999998));
#8394=CARTESIAN_POINT('Origin',(6.94999999999974,-1.96618306718965,8.83999999999998));
#8395=CARTESIAN_POINT('',(6.64999999999973,-1.66618306718965,8.83999999999998));
#8396=CARTESIAN_POINT('Origin',(6.64999999999973,-1.96618306718965,8.83999999999998));
#8397=CARTESIAN_POINT('',(6.94999999999973,-1.66618306718965,8.83999999999998));
#8398=CARTESIAN_POINT('Origin',(7.54999999999972,2.63381693281035,8.83999999999998));
#8399=CARTESIAN_POINT('',(6.64999999999972,2.33381693281035,8.83999999999999));
#8400=CARTESIAN_POINT('',(7.54999999999972,2.33381693281035,8.83999999999998));
#8401=CARTESIAN_POINT('',(6.64999999999972,2.63381693281035,8.53999999999998));
#8402=CARTESIAN_POINT('Origin',(6.64999999999972,2.63381693281035,8.83999999999999));
#8403=CARTESIAN_POINT('',(7.54999999999972,2.63381693281035,8.53999999999998));
#8404=CARTESIAN_POINT('Origin',(7.24999999999972,3.33381693281035,8.53999999999998));
#8405=CARTESIAN_POINT('',(6.64999999999972,4.03381693281035,8.53999999999998));
#8406=CARTESIAN_POINT('',(6.64999999999972,2.33381693281035,8.53999999999998));
#8407=CARTESIAN_POINT('',(6.94999999999972,4.03381693281035,8.53999999999998));
#8408=CARTESIAN_POINT('Origin',(6.94999999999972,4.03381693281035,8.83999999999999));
#8409=CARTESIAN_POINT('',(6.64999999999972,4.33381693281035,8.83999999999999));
#8410=CARTESIAN_POINT('Origin',(6.64999999999972,4.03381693281035,8.83999999999999));
#8411=CARTESIAN_POINT('',(6.94999999999972,4.33381693281035,8.83999999999999));
#8412=CARTESIAN_POINT('Origin',(-3.59674668699053,5.73500000000736,8.84000000000001));
#8413=CARTESIAN_POINT('',(-3.59674668699053,5.43500000000736,8.54000000000001));
#8414=CARTESIAN_POINT('',(-3.59674668699053,5.73500000000736,8.54000000000001));
#8415=CARTESIAN_POINT('',(-3.89674668699053,5.43500000000736,8.84000000000001));
#8416=CARTESIAN_POINT('Origin',(-3.59674668699053,5.43500000000736,8.84000000000001));
#8417=CARTESIAN_POINT('',(-3.89674668699053,5.73500000000736,8.84000000000001));
#8418=CARTESIAN_POINT('Origin',(-1.89674668699052,5.43500000000736,10.54));
#8419=CARTESIAN_POINT('',(-2.19674668699053,5.43500000000736,8.54000000000001));
#8420=CARTESIAN_POINT('',(-1.89674668699053,5.43500000000736,8.54000000000001));
#8421=CARTESIAN_POINT('',(-1.89674668699053,5.43500000000736,8.84000000000001));
#8422=CARTESIAN_POINT('Origin',(-2.19674668699053,5.43500000000736,8.84000000000001));
#8423=CARTESIAN_POINT('',(-1.89674668699052,5.43500000000736,10.54));
#8424=CARTESIAN_POINT('',(-1.89674668699052,5.43500000000736,10.54));
#8425=CARTESIAN_POINT('',(-3.89674668699052,5.43500000000735,10.54));
#8426=CARTESIAN_POINT('',(-0.946746686990523,5.43500000000736,10.54));
#8427=CARTESIAN_POINT('',(-3.89674668699052,5.43500000000735,10.54));
#8428=CARTESIAN_POINT('Origin',(-2.89674668699053,6.03500000000736,8.54000000000001));
#8429=CARTESIAN_POINT('',(-2.19674668699053,6.33500000000736,8.54000000000001));
#8430=CARTESIAN_POINT('Origin',(-2.19674668699053,6.33500000000736,8.84000000000001));
#8431=CARTESIAN_POINT('',(-1.89674668699053,6.33500000000736,8.84000000000001));
#8432=CARTESIAN_POINT('Origin',(2.20325331300947,5.73500000000737,8.84));
#8433=CARTESIAN_POINT('',(2.20325331300947,5.43500000000737,8.54));
#8434=CARTESIAN_POINT('',(2.20325331300947,5.73500000000737,8.54));
#8435=CARTESIAN_POINT('',(1.90325331300947,5.43500000000737,8.84));
#8436=CARTESIAN_POINT('Origin',(2.20325331300947,5.43500000000737,8.84));
#8437=CARTESIAN_POINT('',(1.90325331300947,5.73500000000737,8.84));
#8438=CARTESIAN_POINT('Origin',(3.90325331300948,5.43500000000738,10.54));
#8439=CARTESIAN_POINT('',(3.60325331300947,5.43500000000738,8.53999999999999));
#8440=CARTESIAN_POINT('',(3.90325331300947,5.43500000000738,8.53999999999999));
#8441=CARTESIAN_POINT('',(3.90325331300947,5.43500000000738,8.83999999999999));
#8442=CARTESIAN_POINT('Origin',(3.60325331300947,5.43500000000738,8.83999999999999));
#8443=CARTESIAN_POINT('',(3.90325331300948,5.43500000000738,10.54));
#8444=CARTESIAN_POINT('',(3.90325331300948,5.43500000000738,10.54));
#8445=CARTESIAN_POINT('',(1.90325331300948,5.43500000000737,10.54));
#8446=CARTESIAN_POINT('',(1.95325331300948,5.43500000000737,10.54));
#8447=CARTESIAN_POINT('',(1.90325331300948,5.43500000000737,10.54));
#8448=CARTESIAN_POINT('Origin',(2.90325331300947,6.03500000000737,8.54));
#8449=CARTESIAN_POINT('',(3.60325331300947,6.33500000000738,8.53999999999999));
#8450=CARTESIAN_POINT('Origin',(3.60325331300947,6.33500000000738,8.83999999999999));
#8451=CARTESIAN_POINT('',(3.90325331300947,6.33500000000738,8.83999999999999));
#8452=CARTESIAN_POINT('Origin',(-6.65000000000027,2.33381693281031,10.54));
#8453=CARTESIAN_POINT('',(-6.65000000000027,1.16690846640883,10.54));
#8454=CARTESIAN_POINT('Origin',(-6.65000000000025,-3.66618306718969,10.54));
#8455=CARTESIAN_POINT('',(-6.65000000000026,-1.83309153359117,10.54));
#8456=CARTESIAN_POINT('Origin',(7.84999999999973,2.33381693281035,10.54));
#8457=CARTESIAN_POINT('',(6.64999999999973,2.33381693281035,10.54));
#8458=CARTESIAN_POINT('',(3.92662665650461,2.33381693281034,10.54));
#8459=CARTESIAN_POINT('',(6.64999999999973,2.33381693281035,10.54));
#8460=CARTESIAN_POINT('Origin',(6.64999999999972,4.33381693281035,10.54));
#8461=CARTESIAN_POINT('',(6.64999999999972,4.33381693281035,10.54));
#8462=CARTESIAN_POINT('',(6.64999999999972,4.33381693281035,10.54));
#8463=CARTESIAN_POINT('',(3.3266266565046,4.33381693281034,10.54));
#8464=CARTESIAN_POINT('Origin',(6.64999999999973,2.33381693281035,10.54));
#8465=CARTESIAN_POINT('',(6.64999999999973,1.16690846640887,10.54));
#8466=CARTESIAN_POINT('Origin',(7.84999999999974,-3.66618306718965,10.54));
#8467=CARTESIAN_POINT('',(6.64999999999974,-3.66618306718965,10.54));
#8468=CARTESIAN_POINT('',(3.92662665650462,-3.66618306718966,10.54));
#8469=CARTESIAN_POINT('',(6.64999999999974,-3.66618306718965,10.54));
#8470=CARTESIAN_POINT('Origin',(6.64999999999974,-1.66618306718965,10.54));
#8471=CARTESIAN_POINT('',(6.64999999999974,-1.66618306718965,10.54));
#8472=CARTESIAN_POINT('',(6.64999999999974,-1.66618306718965,10.54));
#8473=CARTESIAN_POINT('',(3.32662665650462,-1.66618306718966,10.54));
#8474=CARTESIAN_POINT('Origin',(6.64999999999974,-3.66618306718965,10.54));
#8475=CARTESIAN_POINT('',(6.64999999999974,-1.83309153359113,10.54));
#8476=CARTESIAN_POINT('Origin',(-3.89674668699052,5.43500000000735,10.54));
#8477=CARTESIAN_POINT('',(-3.89674668699052,2.71750000000736,10.54));
#8478=CARTESIAN_POINT('Origin',(-1.89674668699053,6.63500000000736,10.54));
#8479=CARTESIAN_POINT('',(-1.89674668699052,3.31750000000736,10.54));
#8480=CARTESIAN_POINT('Origin',(1.90325331300948,5.43500000000737,10.54));
#8481=CARTESIAN_POINT('',(1.90325331300948,2.71750000000737,10.54));
#8482=CARTESIAN_POINT('Origin',(3.90325331300947,6.63500000000738,10.54));
#8483=CARTESIAN_POINT('',(3.90325331300948,3.31750000000737,10.54));
#8484=CARTESIAN_POINT('Origin',(0.00325331300950296,7.36299909931404E-12,
15.55));
#8485=CARTESIAN_POINT('Origin',(0.00325331300950296,7.36299909931404E-12,
15.55));
#8486=CARTESIAN_POINT('Origin',(0.00325331300950334,7.36299909931404E-12,
15.7));
#8487=CARTESIAN_POINT('Origin',(0.00325331300949403,7.36410932233866E-12,
12.04));
#8488=CARTESIAN_POINT('Origin',(0.00325331300947113,7.36632976838791E-12,
3.04));
#8489=CARTESIAN_POINT('Origin',(0.00325331300947113,7.36632976838791E-12,
3.04));
#8490=CARTESIAN_POINT('Origin',(0.00325331300949021,7.36410932233866E-12,
10.54));
#8491=CARTESIAN_POINT('Origin',(0.00325331300947113,7.36632976838791E-12,
3.04));
#8492=CARTESIAN_POINT('Origin',(0.00325331300949021,7.36410932233866E-12,
10.54));
#8493=CARTESIAN_POINT('Origin',(0.00325331300947113,7.36632976838791E-12,
3.04));
#8494=CARTESIAN_POINT('Origin',(0.00325331300949021,7.36410932233866E-12,
10.54));
#8495=CARTESIAN_POINT('Origin',(0.00325331300950296,7.36299909931404E-12,
15.55));
#8496=CARTESIAN_POINT('',(0.00325331300948134,8.25000000000736,15.7));
#8497=CARTESIAN_POINT('Origin',(0.00325331300950334,7.36299909931404E-12,
15.7));
#8498=CARTESIAN_POINT('',(0.00325331300948056,8.40000000000736,15.55));
#8499=CARTESIAN_POINT('Origin',(0.00325331300948096,8.25000000000736,15.55));
#8500=CARTESIAN_POINT('',(-8.3967466869905,7.34079463882154E-12,15.55));
#8501=CARTESIAN_POINT('Origin',(0.00325331300950296,7.36299909931404E-12,
15.55));
#8502=CARTESIAN_POINT('Origin',(0.00325331300950296,7.36299909931404E-12,
15.55));
#8503=CARTESIAN_POINT('Origin',(0.00325331300949403,7.36410932233866E-12,
12.04));
#8504=CARTESIAN_POINT('',(-8.39674668699051,7.34412530789541E-12,12.04));
#8505=CARTESIAN_POINT('',(-8.39674668699051,7.34170882580335E-12,12.04));
#8506=CARTESIAN_POINT('Origin',(0.00325331300949403,7.36410932233866E-12,
12.04));
#8507=CARTESIAN_POINT('Origin',(0.00325331300950334,7.36299909931404E-12,
15.7));
#8508=CARTESIAN_POINT('Origin',(-1.6967466869886,0.485000000008136,10.54));
#8509=CARTESIAN_POINT('',(-1.6967466869886,0.485000000008136,10.54));
#8510=CARTESIAN_POINT('',(-2.2967466869886,0.485000000007946,10.54));
#8511=CARTESIAN_POINT('',(-0.848373343494609,0.485000000008403,10.54));
#8512=CARTESIAN_POINT('',(-1.69674668698862,0.485000000008137,3.04000000000001));
#8513=CARTESIAN_POINT('',(-1.6967466869886,0.485000000008136,10.54));
#8514=CARTESIAN_POINT('',(-2.29674668698862,0.485000000007947,3.04000000000001));
#8515=CARTESIAN_POINT('',(-2.29674668698862,0.485000000007948,3.04000000000001));
#8516=CARTESIAN_POINT('',(-2.2967466869886,0.485000000007946,10.54));
#8517=CARTESIAN_POINT('Origin',(-1.6967466869886,0.715000000005713,10.54));
#8518=CARTESIAN_POINT('',(-1.6967466869886,0.715000000005713,10.54));
#8519=CARTESIAN_POINT('',(-1.6967466869886,0.0375000000065362,10.54));
#8520=CARTESIAN_POINT('',(-1.69674668698862,0.715000000005714,3.04000000000001));
#8521=CARTESIAN_POINT('',(-1.6967466869886,0.715000000005713,10.54));
#8522=CARTESIAN_POINT('',(-1.69674668698862,0.485000000008137,3.04000000000001));
#8523=CARTESIAN_POINT('Origin',(-0.296746686990403,0.715000000005014,10.54));
#8524=CARTESIAN_POINT('',(-0.296746686990403,0.715000000005014,10.54));
#8525=CARTESIAN_POINT('',(-0.148373343494995,0.715000000004939,10.54));
#8526=CARTESIAN_POINT('',(-0.296746686990422,0.715000000005015,3.04));
#8527=CARTESIAN_POINT('',(-0.296746686990403,0.715000000005014,10.54));
#8528=CARTESIAN_POINT('',(-2.29674668698862,0.715000000006015,3.04000000000001));
#8529=CARTESIAN_POINT('Origin',(-0.296746686990402,0.485000000007769,10.54));
#8530=CARTESIAN_POINT('',(-0.296746686990402,0.485000000007769,10.54));
#8531=CARTESIAN_POINT('',(-0.2967466869904,-0.0774999999924342,10.54));
#8532=CARTESIAN_POINT('',(-0.296746686990421,0.48500000000777,3.04));
#8533=CARTESIAN_POINT('',(-0.296746686990402,0.485000000007769,10.54));
#8534=CARTESIAN_POINT('',(-0.296746686990422,0.71500000000584,3.04));
#8535=CARTESIAN_POINT('Origin',(0.303253313009597,0.485000000007958,10.54));
#8536=CARTESIAN_POINT('',(0.303253313009597,0.485000000007958,10.54));
#8537=CARTESIAN_POINT('',(0.151626656504489,0.48500000000791,10.54));
#8538=CARTESIAN_POINT('',(0.303253313009578,0.48500000000796,3.04));
#8539=CARTESIAN_POINT('',(0.303253313009597,0.485000000007958,10.54));
#8540=CARTESIAN_POINT('',(-0.296746686990421,0.48500000000777,3.04));
#8541=CARTESIAN_POINT('Origin',(0.303253313009596,0.715000000004713,10.54));
#8542=CARTESIAN_POINT('',(0.303253313009596,0.715000000004713,10.54));
#8543=CARTESIAN_POINT('',(0.303253313009599,0.0375000000060399,10.54));
#8544=CARTESIAN_POINT('',(0.303253313009577,0.715000000004715,3.04));
#8545=CARTESIAN_POINT('',(0.303253313009596,0.715000000004713,10.54));
#8546=CARTESIAN_POINT('',(0.303253313009578,0.48500000000796,3.04));
#8547=CARTESIAN_POINT('Origin',(1.7032533130114,0.715000000004014,10.54));
#8548=CARTESIAN_POINT('',(1.7032533130114,0.715000000004014,10.54));
#8549=CARTESIAN_POINT('',(0.851626656505907,0.71500000000444,10.54));
#8550=CARTESIAN_POINT('',(1.70325331301138,0.715000000004016,3.04));
#8551=CARTESIAN_POINT('',(1.7032533130114,0.715000000004014,10.54));
#8552=CARTESIAN_POINT('',(-2.29674668698862,0.715000000006015,3.04000000000001));
#8553=CARTESIAN_POINT('Origin',(1.7032533130114,0.485000000007956,10.54));
#8554=CARTESIAN_POINT('',(1.7032533130114,0.485000000007956,10.54));
#8555=CARTESIAN_POINT('',(1.7032533130114,-0.0774999999923365,10.54));
#8556=CARTESIAN_POINT('',(1.70325331301138,0.485000000007958,3.04));
#8557=CARTESIAN_POINT('',(1.7032533130114,0.485000000007956,10.54));
#8558=CARTESIAN_POINT('',(1.70325331301138,0.715000000006025,3.04));
#8559=CARTESIAN_POINT('Origin',(2.3032533130114,0.485000000008146,10.54));
#8560=CARTESIAN_POINT('',(2.3032533130114,0.485000000008146,10.54));
#8561=CARTESIAN_POINT('',(1.15162665650539,0.485000000007781,10.54));
#8562=CARTESIAN_POINT('',(2.30325331301138,0.485000000008147,3.04));
#8563=CARTESIAN_POINT('',(2.3032533130114,0.485000000008146,10.54));
#8564=CARTESIAN_POINT('',(1.70325331301138,0.485000000007958,3.04));
#8565=CARTESIAN_POINT('Origin',(2.3032533130114,0.715000000003714,10.54));
#8566=CARTESIAN_POINT('',(2.3032533130114,0.715000000003714,10.54));
#8567=CARTESIAN_POINT('',(2.3032533130114,0.0375000000055425,10.54));
#8568=CARTESIAN_POINT('',(2.30325331301138,0.715000000003715,3.04));
#8569=CARTESIAN_POINT('',(2.3032533130114,0.715000000003714,10.54));
#8570=CARTESIAN_POINT('',(2.30325331301138,0.715000000003715,3.04));
#8571=CARTESIAN_POINT('Origin',(2.5032533130114,0.715000000003714,10.54));
#8572=CARTESIAN_POINT('',(2.5032533130114,0.715000000003714,10.54));
#8573=CARTESIAN_POINT('',(1.25162665650557,0.71500000000371,10.54));
#8574=CARTESIAN_POINT('',(2.50325331301138,0.715000000003716,3.03999999999999));
#8575=CARTESIAN_POINT('',(2.5032533130114,0.715000000003714,10.54));
#8576=CARTESIAN_POINT('',(2.50325331301138,0.715000000003716,3.03999999999999));
#8577=CARTESIAN_POINT('Origin',(2.50325331301141,-0.714999999991512,10.54));
#8578=CARTESIAN_POINT('',(2.50325331301141,-0.714999999991512,10.54));
#8579=CARTESIAN_POINT('',(2.50325331301141,-0.677499999992071,10.54));
#8580=CARTESIAN_POINT('',(2.50325331301139,-0.714999999991511,3.03999999999999));
#8581=CARTESIAN_POINT('',(2.50325331301141,-0.714999999991512,10.54));
#8582=CARTESIAN_POINT('',(2.50325331301139,-0.714999999991511,3.03999999999999));
#8583=CARTESIAN_POINT('Origin',(2.30325331301141,-0.714999999991854,10.54));
#8584=CARTESIAN_POINT('',(2.30325331301141,-0.714999999991854,10.54));
#8585=CARTESIAN_POINT('',(1.15162665650563,-0.714999999993821,10.54));
#8586=CARTESIAN_POINT('',(2.30325331301139,-0.714999999991852,3.04));
#8587=CARTESIAN_POINT('',(2.30325331301141,-0.714999999991854,10.54));
#8588=CARTESIAN_POINT('',(2.30325331301139,-0.714999999991852,3.04));
#8589=CARTESIAN_POINT('Origin',(2.3032533130114,-0.484999999991856,10.54));
#8590=CARTESIAN_POINT('',(2.3032533130114,-0.484999999991856,10.54));
#8591=CARTESIAN_POINT('',(2.30325331301141,-0.562499999992243,10.54));
#8592=CARTESIAN_POINT('',(2.30325331301139,-0.484999999991855,3.04));
#8593=CARTESIAN_POINT('',(2.3032533130114,-0.484999999991856,10.54));
#8594=CARTESIAN_POINT('',(2.30325331301138,0.715000000003715,3.04));
#8595=CARTESIAN_POINT('Origin',(1.7032533130114,-0.484999999993977,10.54));
#8596=CARTESIAN_POINT('',(1.7032533130114,-0.484999999993977,10.54));
#8597=CARTESIAN_POINT('',(0.851626656505296,-0.484999999996986,10.54));
#8598=CARTESIAN_POINT('',(1.70325331301138,-0.484999999993975,3.04));
#8599=CARTESIAN_POINT('',(1.7032533130114,-0.484999999993977,10.54));
#8600=CARTESIAN_POINT('',(2.30325331301139,-0.484999999991855,3.04));
#8601=CARTESIAN_POINT('Origin',(1.7032533130114,-0.714999999991808,10.54));
#8602=CARTESIAN_POINT('',(1.7032533130114,-0.714999999991808,10.54));
#8603=CARTESIAN_POINT('',(1.7032533130114,-0.677499999992218,10.54));
#8604=CARTESIAN_POINT('',(1.70325331301139,-0.714999999991806,3.04));
#8605=CARTESIAN_POINT('',(1.7032533130114,-0.714999999991808,10.54));
#8606=CARTESIAN_POINT('',(1.70325331301138,-0.484999999993975,3.04));
#8607=CARTESIAN_POINT('Origin',(0.3032533130096,-0.714999999991699,10.54));
#8608=CARTESIAN_POINT('',(0.3032533130096,-0.714999999991699,10.54));
#8609=CARTESIAN_POINT('',(0.151626656504665,-0.714999999991688,10.54));
#8610=CARTESIAN_POINT('',(0.303253313009581,-0.714999999991698,3.04));
#8611=CARTESIAN_POINT('',(0.3032533130096,-0.714999999991699,10.54));
#8612=CARTESIAN_POINT('',(2.30325331301139,-0.714999999991852,3.04));
#8613=CARTESIAN_POINT('Origin',(0.303253313009599,-0.484999999992042,10.54));
#8614=CARTESIAN_POINT('',(0.303253313009599,-0.484999999992042,10.54));
#8615=CARTESIAN_POINT('',(0.303253313009599,-0.562499999992337,10.54));
#8616=CARTESIAN_POINT('',(0.30325331300958,-0.48499999999204,3.04));
#8617=CARTESIAN_POINT('',(0.303253313009599,-0.484999999992042,10.54));
#8618=CARTESIAN_POINT('',(0.303253313009581,-0.71499999999204,3.04));
#8619=CARTESIAN_POINT('Origin',(-0.2967466869904,-0.484999999994161,10.54));
#8620=CARTESIAN_POINT('',(-0.2967466869904,-0.484999999994161,10.54));
#8621=CARTESIAN_POINT('',(-0.148373343495606,-0.484999999993637,10.54));
#8622=CARTESIAN_POINT('',(-0.296746686990419,-0.48499999999416,3.04));
#8623=CARTESIAN_POINT('',(-0.2967466869904,-0.484999999994161,10.54));
#8624=CARTESIAN_POINT('',(0.30325331300958,-0.48499999999204,3.04));
#8625=CARTESIAN_POINT('Origin',(-0.296746686990399,-0.714999999991653,10.54));
#8626=CARTESIAN_POINT('',(-0.296746686990399,-0.714999999991653,10.54));
#8627=CARTESIAN_POINT('',(-0.296746686990399,-0.677499999992145,10.54));
#8628=CARTESIAN_POINT('',(-0.296746686990418,-0.714999999991651,3.04));
#8629=CARTESIAN_POINT('',(-0.296746686990399,-0.714999999991653,10.54));
#8630=CARTESIAN_POINT('',(-0.296746686990419,-0.48499999999416,3.04));
#8631=CARTESIAN_POINT('Origin',(-1.69674668698859,-0.714999999991545,10.54));
#8632=CARTESIAN_POINT('',(-1.69674668698859,-0.714999999991545,10.54));
#8633=CARTESIAN_POINT('',(-0.848373343494432,-0.71499999999161,10.54));
#8634=CARTESIAN_POINT('',(-1.69674668698861,-0.714999999991542,3.04000000000001));
#8635=CARTESIAN_POINT('',(-1.69674668698859,-0.714999999991545,10.54));
#8636=CARTESIAN_POINT('',(2.30325331301139,-0.714999999991852,3.04));
#8637=CARTESIAN_POINT('Origin',(-1.6967466869886,-0.484999999991866,10.54));
#8638=CARTESIAN_POINT('',(-1.6967466869886,-0.484999999991866,10.54));
#8639=CARTESIAN_POINT('',(-1.6967466869886,-0.562499999992254,10.54));
#8640=CARTESIAN_POINT('',(-1.69674668698861,-0.484999999991865,3.04000000000001));
#8641=CARTESIAN_POINT('',(-1.6967466869886,-0.484999999991866,10.54));
#8642=CARTESIAN_POINT('',(-1.69674668698861,-0.714999999991863,3.04000000000001));
#8643=CARTESIAN_POINT('Origin',(-2.2967466869886,-0.484999999993987,10.54));
#8644=CARTESIAN_POINT('',(-2.2967466869886,-0.484999999993987,10.54));
#8645=CARTESIAN_POINT('',(-1.1483733434947,-0.484999999989929,10.54));
#8646=CARTESIAN_POINT('',(-2.29674668698862,-0.484999999993985,3.04000000000001));
#8647=CARTESIAN_POINT('',(-2.2967466869886,-0.484999999993987,10.54));
#8648=CARTESIAN_POINT('',(-1.69674668698861,-0.484999999991865,3.04000000000001));
#8649=CARTESIAN_POINT('Origin',(-2.2967466869886,-0.75212559844263,10.54));
#8650=CARTESIAN_POINT('',(-2.2967466869886,-0.75212559844263,10.54));
#8651=CARTESIAN_POINT('',(-2.2967466869886,-0.696062799217635,10.54));
#8652=CARTESIAN_POINT('',(-2.29674668698861,-0.752125598442628,3.04000000000001));
#8653=CARTESIAN_POINT('',(-2.2967466869886,-0.75212559844263,10.54));
#8654=CARTESIAN_POINT('',(-2.29674668698861,-0.752125598442628,3.04000000000001));
#8655=CARTESIAN_POINT('Origin',(-2.4967466869886,-0.75212559844263,10.54));
#8656=CARTESIAN_POINT('',(-2.4967466869886,-0.75212559844263,10.54));
#8657=CARTESIAN_POINT('',(-1.24837334349443,-0.752125598442627,10.54));
#8658=CARTESIAN_POINT('',(-2.49674668698861,-0.752125598442629,3.04000000000001));
#8659=CARTESIAN_POINT('',(-2.4967466869886,-0.75212559844263,10.54));
#8660=CARTESIAN_POINT('',(-2.49674668698861,-0.752125598442629,3.04000000000001));
#8661=CARTESIAN_POINT('Origin',(-2.4967466869886,0.715000000006013,10.54));
#8662=CARTESIAN_POINT('',(-2.4967466869886,0.715000000006013,10.54));
#8663=CARTESIAN_POINT('',(-2.4967466869886,0.0375000000066861,10.54));
#8664=CARTESIAN_POINT('',(-2.49674668698862,0.715000000006014,3.04000000000001));
#8665=CARTESIAN_POINT('',(-2.4967466869886,0.715000000006013,10.54));
#8666=CARTESIAN_POINT('',(-2.49674668698862,0.715000000006014,3.04000000000001));
#8667=CARTESIAN_POINT('Origin',(-2.2967466869886,0.715000000006013,10.54));
#8668=CARTESIAN_POINT('',(-2.2967466869886,0.715000000006013,10.54));
#8669=CARTESIAN_POINT('',(-1.14837334349443,0.715000000006016,10.54));
#8670=CARTESIAN_POINT('',(-2.29674668698862,0.715000000006015,3.04000000000001));
#8671=CARTESIAN_POINT('',(-2.2967466869886,0.715000000006013,10.54));
#8672=CARTESIAN_POINT('',(-2.29674668698862,0.715000000006015,3.04000000000001));
#8673=CARTESIAN_POINT('Origin',(-2.2967466869886,0.485000000007946,10.54));
#8674=CARTESIAN_POINT('',(-2.2967466869886,-0.0774999999923476,10.54));
#8675=CARTESIAN_POINT('',(-2.29674668698861,-0.752125598442628,3.04000000000001));
#8676=CARTESIAN_POINT('Origin',(0.00325331300947304,-0.749999999992633,
3.04));
#8677=CARTESIAN_POINT('Origin',(-2.63780425453775E-13,-0.639999999992635,
10.54));
#8678=CARTESIAN_POINT('Origin',(-4.65000000000025,-4.71499999999265,10.54));
#8679=CARTESIAN_POINT('Origin',(-4.65000000000025,-4.71499999999265,10.54));
#8680=CARTESIAN_POINT('Origin',(4.65000328460101,-6.11499999999262,10.54));
#8681=CARTESIAN_POINT('',(4.65000328460101,-6.1149999999902,10.54));
#8682=CARTESIAN_POINT('',(4.65000328460101,-6.1149999999902,10.54));
#8683=CARTESIAN_POINT('',(2.32662829880526,-6.11499999999263,10.54));
#8684=CARTESIAN_POINT('Origin',(4.64999999999975,-4.71499999999262,10.54));
#8685=CARTESIAN_POINT('Origin',(4.64999999999975,-4.71499999999262,10.54));
#8686=CARTESIAN_POINT('Origin',(0.00325331300949403,7.36410932233866E-12,
12.04));
#8687=CARTESIAN_POINT('',(-8.93174668699053,8.93500000000735,12.04));
#8688=CARTESIAN_POINT('',(8.93825331300947,8.93500000000739,12.04));
#8689=CARTESIAN_POINT('',(-8.93174668699053,8.93500000000735,12.04));
#8690=CARTESIAN_POINT('',(-8.93174668699051,7.33968441579691E-12,12.04));
#8691=CARTESIAN_POINT('',(-8.93174668699053,8.93500000000735,12.04));
#8692=CARTESIAN_POINT('',(8.9382533130095,7.38742400585579E-12,12.04));
#8693=CARTESIAN_POINT('Origin',(0.00325331300949403,7.36410932233866E-12,
12.04));
#8694=CARTESIAN_POINT('',(8.93825331300947,8.93500000000739,12.04));
#8695=CARTESIAN_POINT('Origin',(-8.93174668699051,7.34190486184616E-12,
12.04));
#8696=CARTESIAN_POINT('',(-8.93174668699053,8.93500000000735,10.54));
#8697=CARTESIAN_POINT('',(-8.93174668699053,8.93500000000735,12.04));
#8698=CARTESIAN_POINT('',(-8.93174668699051,7.33968441579691E-12,10.54));
#8699=CARTESIAN_POINT('',(-8.93174668699053,8.93500000000735,10.54));
#8700=CARTESIAN_POINT('',(-8.93174668699051,7.33968441579691E-12,12.04));
#8701=CARTESIAN_POINT('Origin',(0.00325331300949403,7.36410932233866E-12,
12.04));
#8702=CARTESIAN_POINT('',(8.93825331300949,7.38742400585579E-12,10.54));
#8703=CARTESIAN_POINT('Origin',(0.00325331300949021,7.36410932233866E-12,
10.54));
#8704=CARTESIAN_POINT('',(8.9382533130095,7.38742400585579E-12,12.04));
#8705=CARTESIAN_POINT('Origin',(8.93825331300947,8.93500000000739,12.04));
#8706=CARTESIAN_POINT('',(8.93825331300947,8.93500000000739,10.54));
#8707=CARTESIAN_POINT('',(8.93825331300947,8.93500000000739,10.54));
#8708=CARTESIAN_POINT('',(8.93825331300947,8.93500000000739,12.04));
#8709=CARTESIAN_POINT('Origin',(-8.93174668699053,8.93500000000735,12.04));
#8710=CARTESIAN_POINT('',(-8.93174668699053,8.93500000000735,10.54));
#8711=CARTESIAN_POINT('Origin',(0.00325331300949021,7.36410932233866E-12,
10.54));
#8712=CARTESIAN_POINT('Origin',(2.10325331301137,-0.542499999991901,-2.80000000000001));
#8713=CARTESIAN_POINT('',(2.30325331301137,-0.714999999991851,-2.80000000000001));
#8714=CARTESIAN_POINT('',(2.10325331301137,-0.714999999991914,-3.));
#8715=CARTESIAN_POINT('Origin',(2.10325331301137,-0.714999999991852,-2.80000000000001));
#8716=CARTESIAN_POINT('',(2.10325331301137,-0.48499999999256,-3.));
#8717=CARTESIAN_POINT('',(2.10325331301137,-0.542499999991901,-3.));
#8718=CARTESIAN_POINT('',(2.30325331301137,-0.484999999991853,-2.80000000000001));
#8719=CARTESIAN_POINT('Origin',(2.10325331301137,-0.484999999993972,-2.80000000000001));
#8720=CARTESIAN_POINT('',(2.30325331301137,-0.5424999999919,-2.80000000000001));
#8721=CARTESIAN_POINT('Origin',(1.70325331301138,-0.484999999993974,-4.44089209850063E-15));
#8722=CARTESIAN_POINT('',(1.90325331301137,-0.484999999993266,-3.));
#8723=CARTESIAN_POINT('',(2.30325331301137,-0.484999999991853,-3.00000000000001));
#8724=CARTESIAN_POINT('',(1.70325331301137,-0.484999999993974,-2.80000000000001));
#8725=CARTESIAN_POINT('Origin',(1.90325331301137,-0.484999999993972,-2.80000000000001));
#8726=CARTESIAN_POINT('',(1.7032533130114,-0.484999999993977,10.55));
#8727=CARTESIAN_POINT('',(1.70325331301138,-0.484999999993974,-4.44089209850063E-15));
#8728=CARTESIAN_POINT('',(2.3032533130114,-0.484999999991856,10.55));
#8729=CARTESIAN_POINT('',(2.3032533130114,-0.484999999991856,10.55));
#8730=CARTESIAN_POINT('',(2.30325331301138,-0.484999999991854,-6.66133814775094E-15));
#8731=CARTESIAN_POINT('Origin',(2.00325331301137,-0.599999999991947,-3.));
#8732=CARTESIAN_POINT('',(1.90325331301137,-0.714999999991978,-3.));
#8733=CARTESIAN_POINT('',(1.70325331301137,-0.714999999992041,-3.));
#8734=CARTESIAN_POINT('',(1.90325331301137,-0.657499999991994,-3.));
#8735=CARTESIAN_POINT('Origin',(1.90325331301137,-0.657499999991994,-2.80000000000001));
#8736=CARTESIAN_POINT('',(1.70325331301137,-0.714999999992041,-2.80000000000001));
#8737=CARTESIAN_POINT('Origin',(1.90325331301137,-0.714999999991853,-2.80000000000001));
#8738=CARTESIAN_POINT('',(1.70325331301137,-0.657499999991995,-2.80000000000001));
#8739=CARTESIAN_POINT('Origin',(2.0032533130114,-0.59999999999195,10.55));
#8740=CARTESIAN_POINT('',(1.7032533130114,-0.714999999992044,10.55));
#8741=CARTESIAN_POINT('',(1.7032533130114,-0.484999999993977,10.55));
#8742=CARTESIAN_POINT('',(2.30325331301141,-0.714999999991854,10.55));
#8743=CARTESIAN_POINT('',(1.7032533130114,-0.714999999992044,10.55));
#8744=CARTESIAN_POINT('',(2.30325331301141,-0.714999999991854,10.55));
#8745=CARTESIAN_POINT('Origin',(2.30325331301138,-0.714999999991852,-6.66133814775094E-15));
#8746=CARTESIAN_POINT('',(2.30325331301138,-0.714999999991852,-6.66133814775094E-15));
#8747=CARTESIAN_POINT('',(1.70325331301138,-0.714999999992042,-4.44089209850063E-15));
#8748=CARTESIAN_POINT('Origin',(2.30325331301138,-0.484999999991854,-6.66133814775094E-15));
#8749=CARTESIAN_POINT('Origin',(1.70325331301138,-0.714999999992042,-4.44089209850063E-15));
#8750=CARTESIAN_POINT('Origin',(2.10325331301137,0.657500000008099,-2.80000000000001));
#8751=CARTESIAN_POINT('',(2.30325331301137,0.485000000008149,-2.80000000000001));
#8752=CARTESIAN_POINT('',(2.10325331301137,0.485000000008086,-3.));
#8753=CARTESIAN_POINT('Origin',(2.10325331301137,0.485000000008148,-2.80000000000001));
#8754=CARTESIAN_POINT('',(2.10325331301137,0.71500000000744,-3.));
#8755=CARTESIAN_POINT('',(2.10325331301137,0.657500000008099,-3.));
#8756=CARTESIAN_POINT('',(2.30325331301137,0.715000000008146,-2.80000000000001));
#8757=CARTESIAN_POINT('Origin',(2.10325331301137,0.715000000006027,-2.80000000000001));
#8758=CARTESIAN_POINT('',(2.30325331301137,0.6575000000081,-2.80000000000001));
#8759=CARTESIAN_POINT('Origin',(2.00325331301137,0.600000000008053,-3.));
#8760=CARTESIAN_POINT('',(1.90325331301137,0.485000000008022,-3.));
#8761=CARTESIAN_POINT('',(1.70325331301137,0.485000000007959,-3.));
#8762=CARTESIAN_POINT('',(1.90325331301137,0.715000000006734,-3.));
#8763=CARTESIAN_POINT('',(1.90325331301137,0.542500000008006,-3.));
#8764=CARTESIAN_POINT('',(2.30325331301137,0.715000000008146,-3.00000000000001));
#8765=CARTESIAN_POINT('Origin',(2.30325331301138,0.485000000008148,-6.66133814775094E-15));
#8766=CARTESIAN_POINT('',(2.3032533130114,0.485000000008146,10.55));
#8767=CARTESIAN_POINT('',(2.30325331301138,0.485000000008148,-6.66133814775094E-15));
#8768=CARTESIAN_POINT('',(1.7032533130114,0.485000000007956,10.55));
#8769=CARTESIAN_POINT('',(1.7032533130114,0.485000000007956,10.55));
#8770=CARTESIAN_POINT('',(1.70325331301137,0.485000000007959,-2.80000000000001));
#8771=CARTESIAN_POINT('',(1.70325331301138,0.485000000007958,-4.44089209850063E-15));
#8772=CARTESIAN_POINT('Origin',(1.90325331301137,0.485000000008147,-2.80000000000001));
#8773=CARTESIAN_POINT('Origin',(1.90325331301137,0.542500000008006,-2.80000000000001));
#8774=CARTESIAN_POINT('',(1.70325331301137,0.715000000006026,-2.80000000000001));
#8775=CARTESIAN_POINT('Origin',(1.90325331301137,0.715000000006027,-2.80000000000001));
#8776=CARTESIAN_POINT('',(1.70325331301137,0.542500000008005,-2.80000000000001));
#8777=CARTESIAN_POINT('Origin',(1.70325331301137,0.715000000006025,-4.44089209850063E-15));
#8778=CARTESIAN_POINT('',(1.7032533130114,0.715000000006023,10.55));
#8779=CARTESIAN_POINT('',(1.70325331301137,0.715000000006025,-4.44089209850063E-15));
#8780=CARTESIAN_POINT('',(2.3032533130114,0.715000000008144,10.55));
#8781=CARTESIAN_POINT('',(2.3032533130114,0.715000000008144,10.55));
#8782=CARTESIAN_POINT('',(2.30325331301137,0.715000000008146,-6.66133814775094E-15));
#8783=CARTESIAN_POINT('Origin',(1.70325331301138,0.485000000007958,-4.44089209850063E-15));
#8784=CARTESIAN_POINT('',(1.7032533130114,0.715000000006023,10.55));
#8785=CARTESIAN_POINT('Origin',(2.0032533130114,0.60000000000805,10.55));
#8786=CARTESIAN_POINT('',(2.3032533130114,0.485000000008146,10.55));
#8787=CARTESIAN_POINT('Origin',(2.30325331301137,0.715000000008146,-6.66133814775094E-15));
#8788=CARTESIAN_POINT('Origin',(0.103253313011371,-0.542499999991906,-2.8));
#8789=CARTESIAN_POINT('',(0.303253313011371,-0.714999999991857,-2.8));
#8790=CARTESIAN_POINT('',(0.103253313011371,-0.71499999999192,-3.));
#8791=CARTESIAN_POINT('Origin',(0.103253313011371,-0.714999999991857,-2.8));
#8792=CARTESIAN_POINT('',(0.10325331301137,-0.484999999992566,-3.));
#8793=CARTESIAN_POINT('',(0.10325331301137,-0.542499999991906,-3.));
#8794=CARTESIAN_POINT('',(0.30325331301137,-0.484999999991859,-2.8));
#8795=CARTESIAN_POINT('Origin',(0.10325331301137,-0.484999999993977,-2.8));
#8796=CARTESIAN_POINT('',(0.303253313011371,-0.542499999991906,-2.8));
#8797=CARTESIAN_POINT('Origin',(-0.296746686988623,-0.484999999993979,0.));
#8798=CARTESIAN_POINT('',(-0.0967466869886306,-0.484999999993272,-3.));
#8799=CARTESIAN_POINT('',(0.30325331301137,-0.484999999991859,-3.));
#8800=CARTESIAN_POINT('',(-0.29674668698863,-0.484999999993979,-2.8));
#8801=CARTESIAN_POINT('Origin',(-0.0967466869886301,-0.484999999993978,
-2.8));
#8802=CARTESIAN_POINT('',(-0.296746686988596,-0.484999999993981,10.55));
#8803=CARTESIAN_POINT('',(-0.296746686988623,-0.484999999993979,0.));
#8804=CARTESIAN_POINT('',(0.303253313011404,-0.484999999991862,10.55));
#8805=CARTESIAN_POINT('',(0.303253313011404,-0.484999999991862,10.55));
#8806=CARTESIAN_POINT('',(0.303253313011377,-0.48499999999186,0.));
#8807=CARTESIAN_POINT('Origin',(0.0032533130113701,-0.599999999991953,-3.));
#8808=CARTESIAN_POINT('',(-0.0967466869886297,-0.714999999991983,-3.));
#8809=CARTESIAN_POINT('',(-0.29674668698863,-0.714999999992046,-3.));
#8810=CARTESIAN_POINT('',(-0.0967466869886299,-0.657499999991999,-3.));
#8811=CARTESIAN_POINT('Origin',(-0.0967466869886294,-0.657499999991999,
-2.8));
#8812=CARTESIAN_POINT('',(-0.296746686988629,-0.714999999992046,-2.8));
#8813=CARTESIAN_POINT('Origin',(-0.0967466869886292,-0.714999999991858,
-2.8));
#8814=CARTESIAN_POINT('',(-0.296746686988629,-0.657499999991999,-2.8));
#8815=CARTESIAN_POINT('Origin',(0.00325331301140457,-0.599999999991956,
10.55));
#8816=CARTESIAN_POINT('',(-0.296746686988595,-0.714999999992049,10.55));
#8817=CARTESIAN_POINT('',(-0.296746686988596,-0.484999999993981,10.55));
#8818=CARTESIAN_POINT('',(0.303253313011405,-0.714999999991859,10.55));
#8819=CARTESIAN_POINT('',(-0.296746686988595,-0.714999999992049,10.55));
#8820=CARTESIAN_POINT('',(0.303253313011405,-0.714999999991859,10.55));
#8821=CARTESIAN_POINT('Origin',(0.303253313011378,-0.714999999991857,0.));
#8822=CARTESIAN_POINT('',(0.303253313011378,-0.714999999991857,0.));
#8823=CARTESIAN_POINT('',(-0.296746686988622,-0.714999999992046,0.));
#8824=CARTESIAN_POINT('Origin',(0.303253313011377,-0.48499999999186,0.));
#8825=CARTESIAN_POINT('Origin',(-0.296746686988622,-0.714999999992046,0.));
#8826=CARTESIAN_POINT('Origin',(-2.09674668698863,0.542500000007996,-2.8));
#8827=CARTESIAN_POINT('',(-2.29674668698863,0.715000000006016,-2.8));
#8828=CARTESIAN_POINT('',(-2.09674668698863,0.715000000006722,-3.));
#8829=CARTESIAN_POINT('Origin',(-2.09674668698863,0.715000000006017,-2.8));
#8830=CARTESIAN_POINT('',(-2.09674668698863,0.485000000008012,-3.));
#8831=CARTESIAN_POINT('',(-2.09674668698863,0.542500000007996,-3.));
#8832=CARTESIAN_POINT('',(-2.29674668698863,0.485000000007949,-2.8));
#8833=CARTESIAN_POINT('Origin',(-2.09674668698863,0.485000000008137,-2.8));
#8834=CARTESIAN_POINT('',(-2.29674668698863,0.542500000007995,-2.8));
#8835=CARTESIAN_POINT('Origin',(-1.69674668698862,0.485000000008138,4.44089209850063E-15));
#8836=CARTESIAN_POINT('',(-1.89674668698863,0.485000000008076,-3.));
#8837=CARTESIAN_POINT('',(-2.29674668698863,0.485000000007949,-2.99999999999999));
#8838=CARTESIAN_POINT('',(-1.69674668698863,0.485000000008138,-2.8));
#8839=CARTESIAN_POINT('Origin',(-1.89674668698863,0.485000000008138,-2.8));
#8840=CARTESIAN_POINT('',(-1.6967466869886,0.485000000008136,10.55));
#8841=CARTESIAN_POINT('',(-1.69674668698862,0.485000000008138,4.44089209850063E-15));
#8842=CARTESIAN_POINT('',(-2.2967466869886,0.485000000007946,10.55));
#8843=CARTESIAN_POINT('',(-2.2967466869886,0.485000000007946,10.55));
#8844=CARTESIAN_POINT('',(-2.29674668698862,0.485000000007948,6.66133814775094E-15));
#8845=CARTESIAN_POINT('Origin',(-1.99674668698863,0.600000000008043,-3.));
#8846=CARTESIAN_POINT('',(-1.89674668698863,0.71500000000743,-3.));
#8847=CARTESIAN_POINT('',(-1.69674668698863,0.715000000008136,-3.));
#8848=CARTESIAN_POINT('',(-1.89674668698863,0.657500000008089,-3.));
#8849=CARTESIAN_POINT('Origin',(-1.89674668698863,0.657500000008089,-2.8));
#8850=CARTESIAN_POINT('',(-1.69674668698863,0.715000000008136,-2.8));
#8851=CARTESIAN_POINT('Origin',(-1.89674668698863,0.715000000006017,-2.8));
#8852=CARTESIAN_POINT('',(-1.69674668698863,0.65750000000809,-2.8));
#8853=CARTESIAN_POINT('Origin',(-1.9967466869886,0.60000000000804,10.55));
#8854=CARTESIAN_POINT('',(-2.2967466869886,0.715000000006013,10.55));
#8855=CARTESIAN_POINT('',(-2.2967466869886,0.715000000006013,10.55));
#8856=CARTESIAN_POINT('',(-1.6967466869886,0.715000000008134,10.55));
#8857=CARTESIAN_POINT('',(-1.6967466869886,0.485000000008136,10.55));
#8858=CARTESIAN_POINT('',(-1.6967466869886,0.715000000008134,10.55));
#8859=CARTESIAN_POINT('Origin',(-1.69674668698863,0.715000000008136,4.44089209850063E-15));
#8860=CARTESIAN_POINT('',(-1.69674668698863,0.715000000008136,4.44089209850063E-15));
#8861=CARTESIAN_POINT('Origin',(-2.29674668698863,0.715000000006015,6.66133814775094E-15));
#8862=CARTESIAN_POINT('',(-2.29674668698863,0.715000000006015,6.66133814775094E-15));
#8863=CARTESIAN_POINT('Origin',(-2.29674668698862,0.485000000007948,6.66133814775094E-15));
#8864=CARTESIAN_POINT('Origin',(0.103253313011367,0.657500000008094,-2.8));
#8865=CARTESIAN_POINT('',(0.303253313011368,0.485000000008143,-2.8));
#8866=CARTESIAN_POINT('',(0.103253313011368,0.48500000000808,-3.));
#8867=CARTESIAN_POINT('Origin',(0.103253313011368,0.485000000008142,-2.8));
#8868=CARTESIAN_POINT('',(0.103253313011367,0.715000000007435,-3.));
#8869=CARTESIAN_POINT('',(0.103253313011367,0.657500000008094,-3.));
#8870=CARTESIAN_POINT('',(0.303253313011367,0.715000000008141,-2.8));
#8871=CARTESIAN_POINT('Origin',(0.103253313011367,0.715000000006023,-2.8));
#8872=CARTESIAN_POINT('',(0.303253313011368,0.657500000008095,-2.8));
#8873=CARTESIAN_POINT('Origin',(-0.296746686988626,0.715000000006021,0.));
#8874=CARTESIAN_POINT('',(-0.0967466869886337,0.715000000006728,-3.));
#8875=CARTESIAN_POINT('',(0.303253313011367,0.715000000008141,-3.));
#8876=CARTESIAN_POINT('',(-0.296746686988633,0.715000000006021,-2.8));
#8877=CARTESIAN_POINT('Origin',(-0.0967466869886331,0.715000000006022,-2.8));
#8878=CARTESIAN_POINT('',(-0.296746686988599,0.715000000006019,10.55));
#8879=CARTESIAN_POINT('',(-0.296746686988626,0.715000000006021,0.));
#8880=CARTESIAN_POINT('',(0.303253313011401,0.715000000008138,10.55));
#8881=CARTESIAN_POINT('',(0.303253313011401,0.715000000008138,10.55));
#8882=CARTESIAN_POINT('',(0.303253313011374,0.71500000000814,0.));
#8883=CARTESIAN_POINT('Origin',(0.00325331301136705,0.600000000008047,-3.));
#8884=CARTESIAN_POINT('',(-0.0967466869886328,0.485000000008017,-3.));
#8885=CARTESIAN_POINT('',(-0.296746686988633,0.485000000007954,-3.));
#8886=CARTESIAN_POINT('',(-0.096746686988633,0.542500000008,-3.));
#8887=CARTESIAN_POINT('Origin',(-0.0967466869886325,0.542500000008,-2.8));
#8888=CARTESIAN_POINT('',(-0.296746686988632,0.485000000007954,-2.8));
#8889=CARTESIAN_POINT('Origin',(-0.0967466869886322,0.485000000008142,-2.8));
#8890=CARTESIAN_POINT('',(-0.296746686988632,0.542500000008,-2.8));
#8891=CARTESIAN_POINT('Origin',(0.00325331301140152,0.600000000008044,10.55));
#8892=CARTESIAN_POINT('',(-0.296746686988598,0.485000000007951,10.55));
#8893=CARTESIAN_POINT('',(-0.296746686988599,0.715000000006019,10.55));
#8894=CARTESIAN_POINT('',(0.303253313011402,0.48500000000814,10.55));
#8895=CARTESIAN_POINT('',(-0.296746686988598,0.485000000007951,10.55));
#8896=CARTESIAN_POINT('',(0.303253313011402,0.48500000000814,10.55));
#8897=CARTESIAN_POINT('Origin',(0.303253313011375,0.485000000008143,0.));
#8898=CARTESIAN_POINT('',(0.303253313011375,0.485000000008143,0.));
#8899=CARTESIAN_POINT('',(-0.296746686988625,0.485000000007954,0.));
#8900=CARTESIAN_POINT('Origin',(0.303253313011374,0.71500000000814,0.));
#8901=CARTESIAN_POINT('Origin',(-0.296746686988625,0.485000000007954,0.));
#8902=CARTESIAN_POINT('Origin',(-1.89674668698863,-0.542499999991911,-2.8));
#8903=CARTESIAN_POINT('',(-1.69674668698863,-0.714999999991861,-2.8));
#8904=CARTESIAN_POINT('',(-1.89674668698863,-0.714999999991924,-3.));
#8905=CARTESIAN_POINT('Origin',(-1.89674668698863,-0.714999999991862,-2.8));
#8906=CARTESIAN_POINT('',(-1.89674668698863,-0.48499999999257,-3.));
#8907=CARTESIAN_POINT('',(-1.89674668698863,-0.542499999991911,-3.));
#8908=CARTESIAN_POINT('',(-1.69674668698863,-0.484999999991864,-2.8));
#8909=CARTESIAN_POINT('Origin',(-1.89674668698863,-0.484999999993982,-2.8));
#8910=CARTESIAN_POINT('',(-1.69674668698863,-0.54249999999191,-2.8));
#8911=CARTESIAN_POINT('Origin',(-2.29674668698862,-0.484999999993985,6.66133814775094E-15));
#8912=CARTESIAN_POINT('',(-2.09674668698863,-0.484999999993277,-3.));
#8913=CARTESIAN_POINT('',(-1.69674668698863,-0.484999999991864,-3.));
#8914=CARTESIAN_POINT('',(-2.29674668698863,-0.484999999993984,-2.8));
#8915=CARTESIAN_POINT('Origin',(-2.09674668698863,-0.484999999993982,-2.8));
#8916=CARTESIAN_POINT('',(-2.2967466869886,-0.484999999993987,10.55));
#8917=CARTESIAN_POINT('',(-2.29674668698862,-0.484999999993985,6.66133814775094E-15));
#8918=CARTESIAN_POINT('',(-1.6967466869886,-0.484999999991866,10.55));
#8919=CARTESIAN_POINT('',(-1.6967466869886,-0.484999999991866,10.55));
#8920=CARTESIAN_POINT('',(-1.69674668698862,-0.484999999991864,4.44089209850063E-15));
#8921=CARTESIAN_POINT('Origin',(-1.99674668698863,-0.599999999991957,-3.));
#8922=CARTESIAN_POINT('',(-2.09674668698863,-0.714999999991988,-3.));
#8923=CARTESIAN_POINT('',(-2.29674668698863,-0.714999999992051,-2.99999999999999));
#8924=CARTESIAN_POINT('',(-2.09674668698863,-0.657499999992004,-3.));
#8925=CARTESIAN_POINT('Origin',(-2.09674668698863,-0.657499999992004,-2.8));
#8926=CARTESIAN_POINT('',(-2.29674668698863,-0.714999999992051,-2.8));
#8927=CARTESIAN_POINT('Origin',(-2.09674668698863,-0.714999999991863,-2.8));
#8928=CARTESIAN_POINT('',(-2.29674668698863,-0.657499999992005,-2.8));
#8929=CARTESIAN_POINT('Origin',(-1.9967466869886,-0.59999999999196,10.55));
#8930=CARTESIAN_POINT('',(-2.2967466869886,-0.714999999992054,10.55));
#8931=CARTESIAN_POINT('',(-2.2967466869886,-0.484999999993987,10.55));
#8932=CARTESIAN_POINT('',(-1.69674668698859,-0.714999999991864,10.55));
#8933=CARTESIAN_POINT('',(-2.2967466869886,-0.714999999992054,10.55));
#8934=CARTESIAN_POINT('',(-1.69674668698859,-0.714999999991864,10.55));
#8935=CARTESIAN_POINT('Origin',(-1.69674668698862,-0.714999999991862,4.44089209850063E-15));
#8936=CARTESIAN_POINT('',(-1.69674668698862,-0.714999999991862,4.44089209850063E-15));
#8937=CARTESIAN_POINT('',(-2.29674668698862,-0.714999999992052,6.66133814775094E-15));
#8938=CARTESIAN_POINT('Origin',(-1.69674668698862,-0.484999999991864,4.44089209850063E-15));
#8939=CARTESIAN_POINT('Origin',(-2.29674668698862,-0.714999999992052,6.66133814775094E-15));
#8940=CARTESIAN_POINT('Origin',(-0.0500000000003109,5.21000000000738,-2.));
#8941=CARTESIAN_POINT('',(-1.05000000000031,5.43500000000738,-2.));
#8942=CARTESIAN_POINT('',(-0.0500000000003137,5.43500000000738,-3.));
#8943=CARTESIAN_POINT('Origin',(-0.0500000000003112,5.43500000000738,-2.));
#8944=CARTESIAN_POINT('',(-0.0500000000003134,5.13500000000738,-3.));
#8945=CARTESIAN_POINT('',(-0.0500000000003135,5.21000000000738,-3.));
#8946=CARTESIAN_POINT('',(-1.05000000000031,5.13500000000738,-2.));
#8947=CARTESIAN_POINT('Origin',(-0.0500000000003108,5.13500000000738,-2.));
#8948=CARTESIAN_POINT('',(-1.05000000000031,5.21000000000738,-2.));
#8949=CARTESIAN_POINT('Origin',(-3.13443390166646E-13,5.28500000000738,
-3.));
#8950=CARTESIAN_POINT('',(0.0499999999996859,5.43500000000738,-3.));
#8951=CARTESIAN_POINT('',(1.04999999999969,5.43500000000738,-3.));
#8952=CARTESIAN_POINT('',(0.0499999999996871,5.13500000000738,-3.));
#8953=CARTESIAN_POINT('',(0.0499999999996862,5.36000000000738,-3.));
#8954=CARTESIAN_POINT('',(-1.05000000000031,5.13500000000738,-3.));
#8955=CARTESIAN_POINT('Origin',(1.3159186630874,5.43500000000738,5.27));
#8956=CARTESIAN_POINT('',(-1.05000000000031,5.43500000000738,0.));
#8957=CARTESIAN_POINT('',(-1.05000000000031,5.43500000000738,0.));
#8958=CARTESIAN_POINT('',(-3.89674668700031,5.43500000000738,1.11022302462516E-14));
#8959=CARTESIAN_POINT('',(7.20716802635048,5.43500000000738,-1.99840144432528E-14));
#8960=CARTESIAN_POINT('',(-3.89674668700028,5.43500000000737,10.54));
#8961=CARTESIAN_POINT('',(-3.89674668700028,5.43500000000737,10.54));
#8962=CARTESIAN_POINT('',(5.84999999999972,5.43500000000738,10.54));
#8963=CARTESIAN_POINT('',(5.84999999999972,5.43500000000738,10.54));
#8964=CARTESIAN_POINT('',(5.84999999999969,5.43500000000738,-1.77635683940025E-14));
#8965=CARTESIAN_POINT('',(5.84999999999971,5.43500000000738,5.26999999999998));
#8966=CARTESIAN_POINT('',(1.04999999999969,5.43500000000738,-4.44089209850063E-15));
#8967=CARTESIAN_POINT('',(7.20716802635048,5.43500000000738,-1.99840144432528E-14));
#8968=CARTESIAN_POINT('',(1.04999999999969,5.43500000000738,-2.00000000000001));
#8969=CARTESIAN_POINT('',(1.04999999999969,5.43500000000738,-4.44089209850063E-15));
#8970=CARTESIAN_POINT('Origin',(0.0499999999996885,5.43500000000738,-2.));
#8971=CARTESIAN_POINT('',(-1.20000000000053,5.43500000000737,10.5162465990578));
#8972=CARTESIAN_POINT('',(-1.20000000000055,5.43500000000737,5.34000000000001));
#8973=CARTESIAN_POINT('',(-1.20000000000054,5.43500000000738,7.89312329952889));
#8974=CARTESIAN_POINT('',(1.19999999999945,5.43500000000738,5.34));
#8975=CARTESIAN_POINT('',(1.25795933154343,5.43500000000738,5.34));
#8976=CARTESIAN_POINT('',(1.19999999999947,5.43500000000738,10.5162465990578));
#8977=CARTESIAN_POINT('',(1.19999999999946,5.43500000000738,7.805));
#8978=CARTESIAN_POINT('',(0.899999999999466,5.43500000000738,10.5162465990578));
#8979=CARTESIAN_POINT('',(1.25795933154344,5.43500000000738,10.5162465990578));
#8980=CARTESIAN_POINT('',(0.899999999999465,5.43500000000738,10.3662465990578));
#8981=CARTESIAN_POINT('',(0.899999999999459,5.43500000000738,7.89312329952889));
#8982=CARTESIAN_POINT('',(-0.900000000000534,5.43500000000737,10.3662465990578));
#8983=CARTESIAN_POINT('',(1.10795933154344,5.43500000000738,10.3662465990578));
#8984=CARTESIAN_POINT('',(-0.900000000000534,5.43500000000737,10.5162465990578));
#8985=CARTESIAN_POINT('',(-0.900000000000541,5.43500000000738,7.805));
#8986=CARTESIAN_POINT('',(0.207959331543442,5.43500000000738,10.5162465990578));
#8987=CARTESIAN_POINT('Origin',(0.0499999999996888,5.36000000000738,-2.));
#8988=CARTESIAN_POINT('',(1.04999999999969,5.13500000000738,-2.00000000000001));
#8989=CARTESIAN_POINT('Origin',(0.0499999999996897,5.13500000000738,-2.));
#8990=CARTESIAN_POINT('',(1.04999999999969,5.36000000000739,-2.00000000000001));
#8991=CARTESIAN_POINT('Origin',(1.04999999999969,5.43500000000738,-4.44089209850063E-15));
#8992=CARTESIAN_POINT('',(1.04999999999969,5.13500000000738,-4.44089209850063E-15));
#8993=CARTESIAN_POINT('',(1.04999999999969,5.28500000000737,-4.44089209850063E-15));
#8994=CARTESIAN_POINT('',(1.04999999999969,5.13500000000738,-4.44089209850063E-15));
#8995=CARTESIAN_POINT('Origin',(-1.05000000000031,5.13500000000738,0.));
#8996=CARTESIAN_POINT('',(-1.05000000000031,5.13500000000738,0.));
#8997=CARTESIAN_POINT('',(-1.05000000000031,5.13500000000738,0.));
#8998=CARTESIAN_POINT('',(-1.05000000000031,5.13500000000738,0.));
#8999=CARTESIAN_POINT('Origin',(6.52858401317508,5.13500000000738,-1.77635683940025E-14));
#9000=CARTESIAN_POINT('',(5.84999999999969,5.13500000000738,-1.77635683940025E-14));
#9001=CARTESIAN_POINT('',(5.84999999999969,5.20100000000738,-1.77635683940025E-14));
#9002=CARTESIAN_POINT('',(7.20716802635048,5.13500000000739,-1.99840144432528E-14));
#9003=CARTESIAN_POINT('Origin',(6.52858401317508,5.13500000000738,-1.77635683940025E-14));
#9004=CARTESIAN_POINT('',(-3.89674668700031,5.13500000000737,1.11022302462516E-14));
#9005=CARTESIAN_POINT('',(7.20716802635048,5.13500000000739,-1.99840144432528E-14));
#9006=CARTESIAN_POINT('',(-3.89674668700031,5.13500000000737,1.11022302462516E-14));
#9007=CARTESIAN_POINT('Origin',(5.84999999999973,0.0600000000073841,10.0662465990578));
#9008=CARTESIAN_POINT('',(6.44088465180706,-1.13999999999261,9.96205769245761));
#9009=CARTESIAN_POINT('',(6.44088465180705,1.26000000000739,9.96205769245761));
#9010=CARTESIAN_POINT('',(6.44088465180706,0.0600000000073864,9.96205769245761));
#9011=CARTESIAN_POINT('',(6.44999999999972,1.26000000000739,10.0662465990578));
#9012=CARTESIAN_POINT('Origin',(5.84999999999972,1.26000000000738,10.0662465990578));
#9013=CARTESIAN_POINT('',(6.44999999999973,-1.13999999999261,10.0662465990578));
#9014=CARTESIAN_POINT('',(6.44999999999973,-1.18442471766468,10.0662465990578));
#9015=CARTESIAN_POINT('Origin',(5.84999999999973,-1.13999999999262,10.0662465990578));
#9016=CARTESIAN_POINT('Origin',(6.15853509004581,1.26000000000739,10.0884049010071));
#9017=CARTESIAN_POINT('',(6.14544232590339,1.26000000000739,10.0141521457577));
#9018=CARTESIAN_POINT('',(6.21043963760219,1.26000000000739,10.0026913660317));
#9019=CARTESIAN_POINT('',(5.3039220273981,1.26000000000739,3.51402223106161));
#9020=CARTESIAN_POINT('',(6.67655440637065,1.26000000000739,11.2986072869482));
#9021=CARTESIAN_POINT('',(5.00847970149444,1.26000000000738,3.56611668436169));
#9022=CARTESIAN_POINT('',(5.00847970149444,1.26000000000738,3.56611668436169));
#9023=CARTESIAN_POINT('',(6.38111208046698,1.26000000000739,11.3507017402482));
#9024=CARTESIAN_POINT('Origin',(5.58350739577013,0.0600000000073841,6.82726079268441));
#9025=CARTESIAN_POINT('',(6.1454423259034,-1.13999999999261,10.0141521457577));
#9026=CARTESIAN_POINT('',(6.14544232590336,0.0600000000073853,10.0141521457577));
#9027=CARTESIAN_POINT('',(5.00847970149445,-1.13999999999262,3.56611668436169));
#9028=CARTESIAN_POINT('',(5.00847970149445,-1.13999999999262,3.56611668436169));
#9029=CARTESIAN_POINT('',(6.38111208046699,-1.13999999999261,11.3507017402482));
#9030=CARTESIAN_POINT('Origin',(6.1454423259034,-1.13999999999261,10.0141521457577));
#9031=CARTESIAN_POINT('',(6.2104396376022,-1.13999999999261,10.0026913660317));
#9032=CARTESIAN_POINT('',(6.14999999999973,-1.13999999999261,10.0662465990578));
#9033=CARTESIAN_POINT('',(6.14999999999973,-1.13999999999261,10.0662465990578));
#9034=CARTESIAN_POINT('Origin',(5.84999999999973,-1.13999999999262,10.0662465990578));
#9035=CARTESIAN_POINT('Origin',(6.44088465180705,1.26000000000739,9.96205769245761));
#9036=CARTESIAN_POINT('',(6.14999999999973,1.26000000000739,10.0662465990578));
#9037=CARTESIAN_POINT('Origin',(5.84999999999972,1.26000000000738,10.0662465990578));
#9038=CARTESIAN_POINT('',(6.14999999999973,1.26000000000739,10.0662465990578));
#9039=CARTESIAN_POINT('Origin',(5.00847970149445,-1.13999999999262,3.56611668436169));
#9040=CARTESIAN_POINT('',(5.30392202739811,-1.13999999999262,3.51402223106161));
#9041=CARTESIAN_POINT('',(5.00847970149445,-1.13999999999262,3.56611668436169));
#9042=CARTESIAN_POINT('',(6.44088465180706,-1.13999999999261,9.9620576924576));
#9043=CARTESIAN_POINT('Origin',(5.00847970149444,1.26000000000738,3.56611668436169));
#9044=CARTESIAN_POINT('',(5.30392202739811,-1.13999999999262,3.51402223106161));
#9045=CARTESIAN_POINT('Origin',(5.84999999999973,0.0600000000073841,10.0662465990578));
#9046=CARTESIAN_POINT('',(6.14999999999973,-1.18442471766468,10.0662465990578));
#9047=CARTESIAN_POINT('Origin',(5.87894972167379,0.0600000000073853,6.77516633938434));
#9048=CARTESIAN_POINT('Origin',(6.14999999999973,1.26000000000739,10.04));
#9049=CARTESIAN_POINT('',(6.14999999999973,1.26000000000739,10.2162465990578));
#9050=CARTESIAN_POINT('',(6.14999999999972,1.26000000000739,7.65499999999999));
#9051=CARTESIAN_POINT('',(6.44999999999973,1.26000000000739,10.2162465990578));
#9052=CARTESIAN_POINT('',(6.14999999999973,1.26000000000739,10.2162465990578));
#9053=CARTESIAN_POINT('',(6.44999999999972,1.26000000000739,7.65499999999999));
#9054=CARTESIAN_POINT('Origin',(6.14999999999973,1.26000000000739,10.2162465990578));
#9055=CARTESIAN_POINT('',(6.14999999999973,1.56000000000739,10.2162465990578));
#9056=CARTESIAN_POINT('',(6.14999999999973,0.0155752823353206,10.2162465990578));
#9057=CARTESIAN_POINT('',(6.44999999999972,1.56000000000739,10.2162465990578));
#9058=CARTESIAN_POINT('',(6.14999999999973,1.56000000000739,10.2162465990578));
#9059=CARTESIAN_POINT('',(6.44999999999973,0.0155752823353217,10.2162465990578));
#9060=CARTESIAN_POINT('Origin',(6.14999999999972,-1.22884943533674,5.26999999999999));
#9061=CARTESIAN_POINT('',(6.14999999999972,4.83500000000738,10.54));
#9062=CARTESIAN_POINT('',(6.14999999999969,4.83500000000738,-1.55431223447522E-14));
#9063=CARTESIAN_POINT('',(6.14999999999971,4.83500000000738,7.90499999999999));
#9064=CARTESIAN_POINT('',(6.14999999999972,-4.71499999999262,-1.11022302462516E-14));
#9065=CARTESIAN_POINT('',(6.14999999999973,-10.4703977413691,-1.33226762955019E-14));
#9066=CARTESIAN_POINT('',(6.14999999999975,-4.71499999999262,10.54));
#9067=CARTESIAN_POINT('',(6.14999999999973,-4.71499999999262,5.26999999999999));
#9068=CARTESIAN_POINT('',(6.14999999999976,-10.4703977413691,10.54));
#9069=CARTESIAN_POINT('',(6.14999999999971,1.56000000000739,3.13999999999998));
#9070=CARTESIAN_POINT('',(6.14999999999972,1.56000000000739,7.74312329952887));
#9071=CARTESIAN_POINT('',(6.14999999999973,-1.13999999999261,10.2162465990578));
#9072=CARTESIAN_POINT('',(6.14999999999973,-1.13999999999261,7.74312329952887));
#9073=CARTESIAN_POINT('',(6.14999999999973,-1.43999999999261,10.2162465990578));
#9074=CARTESIAN_POINT('',(6.14999999999973,-1.33442471766468,10.2162465990578));
#9075=CARTESIAN_POINT('',(6.14999999999972,-1.43999999999261,3.13999999999998));
#9076=CARTESIAN_POINT('',(6.14999999999973,-1.43999999999261,7.65499999999999));
#9077=CARTESIAN_POINT('',(6.14999999999972,-1.33442471766468,3.13999999999998));
#9078=CARTESIAN_POINT('Origin',(6.14999999999973,-1.13999999999261,10.2162465990578));
#9079=CARTESIAN_POINT('',(6.44999999999973,-1.13999999999261,10.2162465990578));
#9080=CARTESIAN_POINT('',(6.44999999999973,-1.13999999999261,7.74312329952887));
#9081=CARTESIAN_POINT('',(6.14999999999973,-1.13999999999261,10.2162465990578));
#9082=CARTESIAN_POINT('Origin',(6.14999999999973,-1.43999999999261,10.2162465990578));
#9083=CARTESIAN_POINT('',(6.44999999999973,-1.43999999999261,10.2162465990578));
#9084=CARTESIAN_POINT('',(6.44999999999973,-1.33442471766468,10.2162465990578));
#9085=CARTESIAN_POINT('',(6.14999999999973,-1.43999999999261,10.2162465990578));
#9086=CARTESIAN_POINT('Origin',(6.44999999999972,-1.22884943533674,5.26999999999999));
#9087=CARTESIAN_POINT('',(6.44999999999969,4.83500000000738,-1.55431223447522E-14));
#9088=CARTESIAN_POINT('',(6.44999999999972,4.83500000000738,10.54));
#9089=CARTESIAN_POINT('',(6.44999999999971,4.83500000000738,7.90499999999999));
#9090=CARTESIAN_POINT('',(6.44999999999975,-4.71499999999262,10.54));
#9091=CARTESIAN_POINT('',(6.44999999999975,-4.71499999999262,10.54));
#9092=CARTESIAN_POINT('',(6.44999999999972,-4.71499999999262,-1.11022302462516E-14));
#9093=CARTESIAN_POINT('',(6.44999999999973,-4.71499999999262,5.26999999999999));
#9094=CARTESIAN_POINT('',(6.44999999999973,-10.4703977413691,-1.33226762955019E-14));
#9095=CARTESIAN_POINT('',(6.44999999999971,1.56000000000739,3.13999999999998));
#9096=CARTESIAN_POINT('',(6.44999999999972,1.56000000000739,7.74312329952887));
#9097=CARTESIAN_POINT('',(6.44999999999972,-1.43999999999261,3.13999999999998));
#9098=CARTESIAN_POINT('',(6.44999999999972,-1.33442471766468,3.13999999999998));
#9099=CARTESIAN_POINT('',(6.44999999999973,-1.43999999999261,7.65499999999999));
#9100=CARTESIAN_POINT('Origin',(6.44999999999972,-1.43999999999261,3.13999999999998));
#9101=CARTESIAN_POINT('',(6.44999999999971,1.56000000000739,3.13999999999998));
#9102=CARTESIAN_POINT('',(6.44999999999972,-1.43999999999261,3.13999999999998));
#9103=CARTESIAN_POINT('Origin',(6.44999999999973,-1.43999999999261,10.04));
#9104=CARTESIAN_POINT('Origin',(6.44999999999971,1.56000000000739,3.13999999999998));
#9105=CARTESIAN_POINT('Origin',(-5.84999999999964,0.0600000000073486,10.0662465990578));
#9106=CARTESIAN_POINT('',(-6.44088465180697,-1.13999999999265,9.96205769245764));
#9107=CARTESIAN_POINT('',(-6.44088465180698,1.26000000000735,9.96205769245764));
#9108=CARTESIAN_POINT('',(-6.44088465180698,0.0600000000073464,9.96205769245764));
#9109=CARTESIAN_POINT('',(-6.44999999999964,-1.13999999999265,10.0662465990578));
#9110=CARTESIAN_POINT('Origin',(-5.84999999999964,-1.13999999999265,10.0662465990578));
#9111=CARTESIAN_POINT('',(-6.44999999999965,1.26000000000735,10.0662465990578));
#9112=CARTESIAN_POINT('',(-6.44999999999964,-1.18442471766472,10.0662465990578));
#9113=CARTESIAN_POINT('Origin',(-5.84999999999965,1.26000000000735,10.0662465990578));
#9114=CARTESIAN_POINT('Origin',(-6.15853509004574,1.26000000000735,10.0884049010072));
#9115=CARTESIAN_POINT('',(-6.14544232590332,1.26000000000735,10.0141521457577));
#9116=CARTESIAN_POINT('',(-6.21043963760212,1.26000000000735,10.0026913660317));
#9117=CARTESIAN_POINT('',(-5.0084797014944,1.26000000000735,3.56611668436171));
#9118=CARTESIAN_POINT('',(-6.3811120804669,1.26000000000735,11.3507017402483));
#9119=CARTESIAN_POINT('',(-5.30392202739806,1.26000000000735,3.51402223106164));
#9120=CARTESIAN_POINT('',(-5.0084797014944,1.26000000000735,3.56611668436171));
#9121=CARTESIAN_POINT('',(-6.67655440637056,1.26000000000735,11.2986072869482));
#9122=CARTESIAN_POINT('Origin',(-5.58350739577006,0.0600000000073508,6.82726079268444));
#9123=CARTESIAN_POINT('',(-6.14544232590331,-1.13999999999265,10.0141521457577));
#9124=CARTESIAN_POINT('',(-6.14544232590328,0.0600000000073475,10.0141521457577));
#9125=CARTESIAN_POINT('',(-5.00847970149439,-1.13999999999265,3.56611668436171));
#9126=CARTESIAN_POINT('',(-6.38111208046689,-1.13999999999265,11.3507017402483));
#9127=CARTESIAN_POINT('',(-5.00847970149439,-1.13999999999265,3.56611668436171));
#9128=CARTESIAN_POINT('Origin',(-6.14544232590331,-1.13999999999265,10.0141521457577));
#9129=CARTESIAN_POINT('',(-6.21043963760211,-1.13999999999265,10.0026913660317));
#9130=CARTESIAN_POINT('',(-6.14999999999964,-1.13999999999265,10.0662465990578));
#9131=CARTESIAN_POINT('Origin',(-5.84999999999964,-1.13999999999265,10.0662465990578));
#9132=CARTESIAN_POINT('',(-6.14999999999964,-1.13999999999265,10.0662465990578));
#9133=CARTESIAN_POINT('Origin',(-6.44088465180698,1.26000000000735,9.96205769245764));
#9134=CARTESIAN_POINT('',(-6.14999999999965,1.26000000000735,10.0662465990578));
#9135=CARTESIAN_POINT('',(-6.14999999999965,1.26000000000735,10.0662465990578));
#9136=CARTESIAN_POINT('Origin',(-5.84999999999965,1.26000000000735,10.0662465990578));
#9137=CARTESIAN_POINT('Origin',(-5.00847970149439,-1.13999999999265,3.56611668436171));
#9138=CARTESIAN_POINT('',(-5.30392202739805,-1.13999999999265,3.51402223106164));
#9139=CARTESIAN_POINT('',(-6.44088465180697,-1.13999999999265,9.96205769245764));
#9140=CARTESIAN_POINT('',(-5.00847970149439,-1.13999999999265,3.56611668436171));
#9141=CARTESIAN_POINT('Origin',(-5.0084797014944,1.26000000000735,3.56611668436171));
#9142=CARTESIAN_POINT('',(-5.30392202739805,-1.13999999999265,3.51402223106164));
#9143=CARTESIAN_POINT('Origin',(-5.84999999999964,0.0600000000073486,10.0662465990578));
#9144=CARTESIAN_POINT('',(-6.14999999999964,-1.18442471766471,10.0662465990578));
#9145=CARTESIAN_POINT('Origin',(-5.87894972167373,0.0600000000073497,6.77516633938437));
#9146=CARTESIAN_POINT('Origin',(-6.14999999999965,1.26000000000735,10.04));
#9147=CARTESIAN_POINT('',(-6.44999999999965,1.26000000000735,10.2162465990578));
#9148=CARTESIAN_POINT('',(-6.44999999999966,1.26000000000735,7.65500000000002));
#9149=CARTESIAN_POINT('',(-6.14999999999965,1.26000000000735,10.2162465990578));
#9150=CARTESIAN_POINT('',(-6.14999999999965,1.26000000000735,10.2162465990578));
#9151=CARTESIAN_POINT('',(-6.14999999999965,1.26000000000735,7.65500000000002));
#9152=CARTESIAN_POINT('Origin',(-6.14999999999965,1.26000000000735,10.2162465990578));
#9153=CARTESIAN_POINT('',(-6.14999999999965,1.56000000000735,10.2162465990578));
#9154=CARTESIAN_POINT('',(-6.14999999999964,0.0155752823352862,10.2162465990578));
#9155=CARTESIAN_POINT('',(-6.44999999999965,1.56000000000735,10.2162465990578));
#9156=CARTESIAN_POINT('',(-6.44999999999965,0.0155752823352839,10.2162465990578));
#9157=CARTESIAN_POINT('',(-6.14999999999965,1.56000000000735,10.2162465990578));
#9158=CARTESIAN_POINT('Origin',(-6.44999999999965,-1.22884943533678,5.27000000000002));
#9159=CARTESIAN_POINT('',(-6.44999999999966,4.83500000000734,10.54));
#9160=CARTESIAN_POINT('',(-6.44999999999969,4.83500000000735,1.55431223447522E-14));
#9161=CARTESIAN_POINT('',(-6.44999999999968,4.83500000000735,2.63500000000002));
#9162=CARTESIAN_POINT('',(-6.44999999999965,-4.71499999999265,1.55431223447522E-14));
#9163=CARTESIAN_POINT('',(-6.44999999999965,-4.71499999999265,1.55431223447522E-14));
#9164=CARTESIAN_POINT('',(-6.44999999999963,-4.71499999999266,10.54));
#9165=CARTESIAN_POINT('',(-6.44999999999964,-4.71499999999265,5.27000000000001));
#9166=CARTESIAN_POINT('',(-6.44999999999961,-10.4703977413692,10.54));
#9167=CARTESIAN_POINT('',(-6.44999999999967,1.56000000000735,3.14000000000002));
#9168=CARTESIAN_POINT('',(-6.44999999999966,1.56000000000735,7.7431232995289));
#9169=CARTESIAN_POINT('',(-6.44999999999964,-1.13999999999265,10.2162465990578));
#9170=CARTESIAN_POINT('',(-6.44999999999965,-1.13999999999265,7.7431232995289));
#9171=CARTESIAN_POINT('',(-6.44999999999964,-1.43999999999265,10.2162465990578));
#9172=CARTESIAN_POINT('',(-6.44999999999964,-1.33442471766472,10.2162465990578));
#9173=CARTESIAN_POINT('',(-6.44999999999966,-1.43999999999265,3.14000000000002));
#9174=CARTESIAN_POINT('',(-6.44999999999965,-1.43999999999265,7.65500000000002));
#9175=CARTESIAN_POINT('',(-6.44999999999966,-1.33442471766472,3.14000000000002));
#9176=CARTESIAN_POINT('Origin',(-6.14999999999964,-1.13999999999265,10.2162465990578));
#9177=CARTESIAN_POINT('',(-6.14999999999964,-1.13999999999265,10.2162465990578));
#9178=CARTESIAN_POINT('',(-6.14999999999965,-1.13999999999265,7.7431232995289));
#9179=CARTESIAN_POINT('',(-6.14999999999964,-1.13999999999265,10.2162465990578));
#9180=CARTESIAN_POINT('Origin',(-6.14999999999964,-1.43999999999265,10.2162465990578));
#9181=CARTESIAN_POINT('',(-6.14999999999964,-1.43999999999265,10.2162465990578));
#9182=CARTESIAN_POINT('',(-6.14999999999964,-1.33442471766472,10.2162465990578));
#9183=CARTESIAN_POINT('',(-6.14999999999964,-1.43999999999265,10.2162465990578));
#9184=CARTESIAN_POINT('Origin',(-6.14999999999965,-1.22884943533678,5.27000000000001));
#9185=CARTESIAN_POINT('',(-6.14999999999969,4.83500000000735,1.55431223447522E-14));
#9186=CARTESIAN_POINT('',(-6.14999999999966,4.83500000000734,10.54));
#9187=CARTESIAN_POINT('',(-6.14999999999968,4.83500000000735,2.63500000000002));
#9188=CARTESIAN_POINT('',(-6.14999999999963,-4.71499999999265,10.54));
#9189=CARTESIAN_POINT('',(-6.14999999999961,-10.4703977413692,10.54));
#9190=CARTESIAN_POINT('',(-6.14999999999965,-4.71499999999265,1.11022302462516E-14));
#9191=CARTESIAN_POINT('',(-6.14999999999964,-4.71499999999265,5.27000000000001));
#9192=CARTESIAN_POINT('',(-6.14999999999964,-10.4703977413692,8.88178419700125E-15));
#9193=CARTESIAN_POINT('',(-6.14999999999967,1.56000000000735,3.14000000000001));
#9194=CARTESIAN_POINT('',(-6.14999999999966,1.56000000000735,7.7431232995289));
#9195=CARTESIAN_POINT('',(-6.14999999999966,-1.43999999999265,3.14000000000001));
#9196=CARTESIAN_POINT('',(-6.14999999999966,-1.33442471766471,3.14000000000001));
#9197=CARTESIAN_POINT('',(-6.14999999999965,-1.43999999999265,7.65500000000002));
#9198=CARTESIAN_POINT('Origin',(-6.44999999999966,-1.43999999999265,3.14000000000002));
#9199=CARTESIAN_POINT('',(-6.44999999999966,-1.43999999999265,3.14000000000002));
#9200=CARTESIAN_POINT('',(-6.44999999999967,1.56000000000735,3.14000000000002));
#9201=CARTESIAN_POINT('Origin',(-6.44999999999964,-1.43999999999265,10.04));
#9202=CARTESIAN_POINT('Origin',(-6.44999999999967,1.56000000000735,3.14000000000002));
#9203=CARTESIAN_POINT('Origin',(-5.33051250709016E-13,4.83500000000737,
10.3662465990578));
#9204=CARTESIAN_POINT('',(0.899999999999465,5.4258846518147,10.2620576924576));
#9205=CARTESIAN_POINT('',(-0.900000000000535,5.4258846518147,10.2620576924576));
#9206=CARTESIAN_POINT('',(-5.34541486595097E-13,5.4258846518147,10.2620576924576));
#9207=CARTESIAN_POINT('Origin',(-0.900000000000533,4.83500000000737,10.3662465990578));
#9208=CARTESIAN_POINT('Origin',(0.899999999999467,4.83500000000737,10.3662465990578));
#9209=CARTESIAN_POINT('Origin',(-0.900000000000534,5.14353509005345,10.3884049010072));
#9210=CARTESIAN_POINT('',(-0.900000000000534,5.13044232591103,10.3141521457577));
#9211=CARTESIAN_POINT('',(-0.900000000000534,5.19543963760984,10.3026913660317));
#9212=CARTESIAN_POINT('',(-0.900000000000544,4.61885356497289,5.68515696178485));
#9213=CARTESIAN_POINT('',(-0.900000000000532,5.66155440637831,11.5986072869482));
#9214=CARTESIAN_POINT('',(-0.900000000000543,4.32341123906923,5.73725141508493));
#9215=CARTESIAN_POINT('',(-0.900000000000543,4.32341123906923,5.73725141508493));
#9216=CARTESIAN_POINT('',(-0.900000000000531,5.36611208047465,11.6507017402482));
#9217=CARTESIAN_POINT('Origin',(-5.38499908726842E-13,4.73347316456135,
8.06282815804605));
#9218=CARTESIAN_POINT('',(0.899999999999466,5.13044232591104,10.3141521457577));
#9219=CARTESIAN_POINT('',(-5.33760861030907E-13,5.13044232591104,10.3141521457577));
#9220=CARTESIAN_POINT('',(0.899999999999456,4.32341123906923,5.73725141508492));
#9221=CARTESIAN_POINT('',(0.899999999999456,4.32341123906923,5.73725141508492));
#9222=CARTESIAN_POINT('',(0.899999999999469,5.36611208047465,11.6507017402482));
#9223=CARTESIAN_POINT('Origin',(0.899999999999466,5.13044232591104,10.3141521457577));
#9224=CARTESIAN_POINT('',(0.899999999999466,5.19543963760984,10.3026913660317));
#9225=CARTESIAN_POINT('',(0.899999999999466,5.13500000000737,10.3662465990578));
#9226=CARTESIAN_POINT('',(0.899999999999466,5.13500000000737,10.3662465990578));
#9227=CARTESIAN_POINT('Origin',(0.899999999999467,4.83500000000737,10.3662465990578));
#9228=CARTESIAN_POINT('Origin',(-0.900000000000535,5.4258846518147,10.2620576924576));
#9229=CARTESIAN_POINT('',(-0.900000000000534,5.13500000000737,10.3662465990578));
#9230=CARTESIAN_POINT('Origin',(-0.900000000000533,4.83500000000737,10.3662465990578));
#9231=CARTESIAN_POINT('',(-0.900000000000534,5.13500000000737,10.3662465990578));
#9232=CARTESIAN_POINT('Origin',(0.899999999999456,4.32341123906923,5.73725141508492));
#9233=CARTESIAN_POINT('',(0.899999999999456,4.6188535649729,5.68515696178485));
#9234=CARTESIAN_POINT('',(0.899999999999456,4.32341123906923,5.73725141508492));
#9235=CARTESIAN_POINT('',(0.899999999999465,5.4258846518147,10.2620576924576));
#9236=CARTESIAN_POINT('Origin',(-0.900000000000543,4.32341123906923,5.73725141508493));
#9237=CARTESIAN_POINT('',(0.899999999999456,4.6188535649729,5.68515696178485));
#9238=CARTESIAN_POINT('Origin',(-5.33051250709016E-13,4.83500000000737,
10.3662465990578));
#9239=CARTESIAN_POINT('',(1.10795933154344,5.13500000000738,10.3662465990578));
#9240=CARTESIAN_POINT('Origin',(-5.39255055539978E-13,5.02891549046501,
8.01073370474597));
#9241=CARTESIAN_POINT('Origin',(-0.900000000000534,5.13500000000737,10.34));
#9242=CARTESIAN_POINT('',(-0.900000000000533,5.13500000000737,10.5162465990578));
#9243=CARTESIAN_POINT('',(-0.90000000000054,5.13500000000738,7.805));
#9244=CARTESIAN_POINT('',(-0.900000000000533,5.13500000000737,10.5162465990578));
#9245=CARTESIAN_POINT('Origin',(-0.900000000000533,5.13500000000737,10.5162465990578));
#9246=CARTESIAN_POINT('',(-1.20000000000053,5.13500000000737,10.5162465990578));
#9247=CARTESIAN_POINT('',(0.207959331543443,5.13500000000738,10.5162465990578));
#9248=CARTESIAN_POINT('',(-1.20000000000053,5.13500000000737,10.5162465990578));
#9249=CARTESIAN_POINT('Origin',(1.31591866308741,5.13500000000738,5.27));
#9250=CARTESIAN_POINT('',(5.84999999999972,5.13500000000738,10.54));
#9251=CARTESIAN_POINT('',(5.84999999999971,5.13500000000738,5.26999999999998));
#9252=CARTESIAN_POINT('',(-3.89674668700028,5.13500000000737,10.54));
#9253=CARTESIAN_POINT('',(7.20716802635051,5.13500000000738,10.54));
#9254=CARTESIAN_POINT('',(-3.89674668700028,5.13500000000737,10.54));
#9255=CARTESIAN_POINT('',(-1.20000000000055,5.13500000000737,5.34000000000001));
#9256=CARTESIAN_POINT('',(-1.20000000000054,5.13500000000738,7.89312329952889));
#9257=CARTESIAN_POINT('',(0.899999999999467,5.13500000000737,10.5162465990578));
#9258=CARTESIAN_POINT('',(0.89999999999946,5.13500000000738,7.89312329952889));
#9259=CARTESIAN_POINT('',(1.19999999999947,5.13500000000738,10.5162465990578));
#9260=CARTESIAN_POINT('',(1.25795933154344,5.13500000000738,10.5162465990578));
#9261=CARTESIAN_POINT('',(1.19999999999945,5.13500000000738,5.34));
#9262=CARTESIAN_POINT('',(1.19999999999946,5.13500000000738,7.805));
#9263=CARTESIAN_POINT('',(1.25795933154343,5.13500000000738,5.34));
#9264=CARTESIAN_POINT('Origin',(0.899999999999467,5.13500000000737,10.5162465990578));
#9265=CARTESIAN_POINT('',(0.899999999999467,5.13500000000737,10.5162465990578));
#9266=CARTESIAN_POINT('Origin',(1.19999999999947,5.13500000000738,10.5162465990578));
#9267=CARTESIAN_POINT('',(1.19999999999947,5.13500000000738,10.5162465990578));
#9268=CARTESIAN_POINT('Origin',(1.19999999999947,5.43500000000738,10.34));
#9269=CARTESIAN_POINT('',(1.19999999999945,5.43500000000738,5.34));
#9270=CARTESIAN_POINT('Origin',(-1.20000000000055,5.43500000000737,5.34000000000001));
#9271=CARTESIAN_POINT('',(-1.20000000000055,5.43500000000737,5.34000000000001));
#9272=CARTESIAN_POINT('Origin',(1.19999999999945,5.43500000000738,5.34));
#9273=CARTESIAN_POINT('Origin',(-5.05191591684828E-13,-6.11499999999263,
10.3662465990578));
#9274=CARTESIAN_POINT('',(0.899999999999496,-6.70588465179996,10.2620576924576));
#9275=CARTESIAN_POINT('',(-0.900000000000504,-6.70588465179996,10.2620576924576));
#9276=CARTESIAN_POINT('',(-5.03675334946607E-13,-6.70588465179996,10.2620576924576));
#9277=CARTESIAN_POINT('',(0.899999999999496,-6.71499999999263,10.3662465990578));
#9278=CARTESIAN_POINT('Origin',(0.899999999999495,-6.11499999999263,10.3662465990578));
#9279=CARTESIAN_POINT('',(-0.900000000000503,-6.71499999999264,10.3662465990578));
#9280=CARTESIAN_POINT('',(0.44999999999978,-6.71499999999264,10.3662465990578));
#9281=CARTESIAN_POINT('Origin',(-0.900000000000506,-6.11499999999264,10.3662465990578));
#9282=CARTESIAN_POINT('Origin',(-0.900000000000504,-6.42353509003872,10.3884049010072));
#9283=CARTESIAN_POINT('',(-0.900000000000505,-6.4104423258963,10.3141521457577));
#9284=CARTESIAN_POINT('',(-0.900000000000505,-6.47543963759511,10.3026913660317));
#9285=CARTESIAN_POINT('',(-0.900000000000518,-5.6034112390545,5.73725141508493));
#9286=CARTESIAN_POINT('',(-0.900000000000501,-6.64611208045991,11.6507017402482));
#9287=CARTESIAN_POINT('',(-0.900000000000517,-5.89885356495816,5.68515696178485));
#9288=CARTESIAN_POINT('',(-0.900000000000518,-5.6034112390545,5.73725141508493));
#9289=CARTESIAN_POINT('',(-0.9000000000005,-6.94155440636358,11.5986072869482));
#9290=CARTESIAN_POINT('Origin',(-5.11156872037843E-13,-6.01347316454661,
8.06282815804604));
#9291=CARTESIAN_POINT('',(0.899999999999496,-6.4104423258963,10.3141521457577));
#9292=CARTESIAN_POINT('',(-5.04397955694569E-13,-6.4104423258963,10.3141521457577));
#9293=CARTESIAN_POINT('',(0.899999999999482,-5.60341123905449,5.73725141508492));
#9294=CARTESIAN_POINT('',(0.8999999999995,-6.64611208045991,11.6507017402482));
#9295=CARTESIAN_POINT('',(0.899999999999482,-5.60341123905449,5.73725141508492));
#9296=CARTESIAN_POINT('Origin',(0.899999999999496,-6.4104423258963,10.3141521457577));
#9297=CARTESIAN_POINT('',(0.899999999999496,-6.4754396375951,10.3026913660317));
#9298=CARTESIAN_POINT('',(0.899999999999496,-6.41499999999263,10.3662465990578));
#9299=CARTESIAN_POINT('Origin',(0.899999999999495,-6.11499999999263,10.3662465990578));
#9300=CARTESIAN_POINT('',(0.899999999999496,-6.41499999999263,10.3662465990578));
#9301=CARTESIAN_POINT('Origin',(-0.900000000000504,-6.70588465179996,10.2620576924576));
#9302=CARTESIAN_POINT('',(-0.900000000000504,-6.41499999999264,10.3662465990578));
#9303=CARTESIAN_POINT('',(-0.900000000000504,-6.41499999999264,10.3662465990578));
#9304=CARTESIAN_POINT('Origin',(-0.900000000000506,-6.11499999999264,10.3662465990578));
#9305=CARTESIAN_POINT('Origin',(0.899999999999482,-5.60341123905449,5.73725141508492));
#9306=CARTESIAN_POINT('',(0.899999999999482,-5.89885356495816,5.68515696178485));
#9307=CARTESIAN_POINT('',(0.899999999999496,-6.70588465179996,10.2620576924576));
#9308=CARTESIAN_POINT('',(0.899999999999482,-5.60341123905449,5.73725141508492));
#9309=CARTESIAN_POINT('Origin',(-0.900000000000518,-5.6034112390545,5.73725141508493));
#9310=CARTESIAN_POINT('',(0.899999999999482,-5.89885356495816,5.68515696178485));
#9311=CARTESIAN_POINT('Origin',(-5.05191591684828E-13,-6.11499999999263,
10.3662465990578));
#9312=CARTESIAN_POINT('',(0.44999999999978,-6.41499999999264,10.3662465990578));
#9313=CARTESIAN_POINT('Origin',(-5.10408772538828E-13,-6.30891549045027,
8.01073370474597));
#9314=CARTESIAN_POINT('Origin',(-0.900000000000504,-6.41499999999264,10.34));
#9315=CARTESIAN_POINT('',(-0.900000000000503,-6.71499999999264,10.5162465990578));
#9316=CARTESIAN_POINT('',(-0.90000000000051,-6.71499999999264,7.805));
#9317=CARTESIAN_POINT('',(-0.900000000000504,-6.41499999999264,10.5162465990578));
#9318=CARTESIAN_POINT('',(-0.900000000000504,-6.41499999999264,10.5162465990578));
#9319=CARTESIAN_POINT('',(-0.900000000000511,-6.41499999999264,7.805));
#9320=CARTESIAN_POINT('Origin',(-0.900000000000504,-6.41499999999264,10.5162465990578));
#9321=CARTESIAN_POINT('',(-1.2000000000005,-6.41499999999264,10.5162465990578));
#9322=CARTESIAN_POINT('',(-0.45000000000022,-6.41499999999264,10.5162465990578));
#9323=CARTESIAN_POINT('',(-1.2000000000005,-6.71499999999264,10.5162465990578));
#9324=CARTESIAN_POINT('',(-0.450000000000219,-6.71499999999264,10.5162465990578));
#9325=CARTESIAN_POINT('',(-1.2000000000005,-6.41499999999264,10.5162465990578));
#9326=CARTESIAN_POINT('Origin',(5.13505253943447E-14,-6.71499999999264,
5.27));
#9327=CARTESIAN_POINT('',(4.44999999999973,-6.71499999999262,-1.33226762955019E-14));
#9328=CARTESIAN_POINT('',(4.44999999999975,-6.71499999999262,10.54));
#9329=CARTESIAN_POINT('',(4.44999999999975,-6.71499999999262,7.90499999999999));
#9330=CARTESIAN_POINT('',(-4.44999999999962,-6.71499999999265,10.54));
#9331=CARTESIAN_POINT('',(6.14999999999975,-6.71499999999262,10.54));
#9332=CARTESIAN_POINT('',(-4.44999999999965,-6.71499999999265,8.88178419700125E-15));
#9333=CARTESIAN_POINT('',(-4.44999999999964,-6.71499999999264,2.63500000000001));
#9334=CARTESIAN_POINT('',(-6.14999999999965,-6.71499999999265,1.33226762955019E-14));
#9335=CARTESIAN_POINT('',(-1.20000000000052,-6.71499999999264,5.34000000000001));
#9336=CARTESIAN_POINT('',(-1.20000000000051,-6.71499999999264,7.89312329952889));
#9337=CARTESIAN_POINT('',(0.899999999999497,-6.71499999999263,10.5162465990578));
#9338=CARTESIAN_POINT('',(0.89999999999949,-6.71499999999263,7.89312329952888));
#9339=CARTESIAN_POINT('',(1.1999999999995,-6.71499999999263,10.5162465990578));
#9340=CARTESIAN_POINT('',(0.599999999999781,-6.71499999999263,10.5162465990578));
#9341=CARTESIAN_POINT('',(1.19999999999948,-6.71499999999263,5.34));
#9342=CARTESIAN_POINT('',(1.19999999999949,-6.71499999999263,7.805));
#9343=CARTESIAN_POINT('',(0.599999999999768,-6.71499999999263,5.34));
#9344=CARTESIAN_POINT('Origin',(0.899999999999496,-6.41499999999263,10.5162465990578));
#9345=CARTESIAN_POINT('',(0.899999999999496,-6.41499999999263,10.5162465990578));
#9346=CARTESIAN_POINT('',(0.899999999999489,-6.41499999999263,7.89312329952888));
#9347=CARTESIAN_POINT('',(0.899999999999496,-6.41499999999263,10.5162465990578));
#9348=CARTESIAN_POINT('Origin',(1.1999999999995,-6.41499999999263,10.5162465990578));
#9349=CARTESIAN_POINT('',(1.1999999999995,-6.41499999999263,10.5162465990578));
#9350=CARTESIAN_POINT('',(0.59999999999978,-6.41499999999263,10.5162465990578));
#9351=CARTESIAN_POINT('',(1.1999999999995,-6.41499999999263,10.5162465990578));
#9352=CARTESIAN_POINT('Origin',(5.10084596089255E-14,-6.41499999999264,
5.27));
#9353=CARTESIAN_POINT('',(4.44999999999975,-6.41499999999262,10.54));
#9354=CARTESIAN_POINT('',(4.44999999999973,-6.41499999999262,-1.33226762955019E-14));
#9355=CARTESIAN_POINT('',(4.44999999999975,-6.41499999999262,7.90499999999999));
#9356=CARTESIAN_POINT('',(-4.44999999999965,-6.41499999999265,8.88178419700125E-15));
#9357=CARTESIAN_POINT('',(-6.14999999999965,-6.41499999999265,1.33226762955019E-14));
#9358=CARTESIAN_POINT('',(-4.44999999999962,-6.41499999999265,10.54));
#9359=CARTESIAN_POINT('',(-4.44999999999964,-6.41499999999265,2.63500000000001));
#9360=CARTESIAN_POINT('',(6.14999999999975,-6.41499999999262,10.54));
#9361=CARTESIAN_POINT('',(-1.20000000000052,-6.41499999999264,5.34000000000001));
#9362=CARTESIAN_POINT('',(-1.20000000000051,-6.41499999999264,7.89312329952889));
#9363=CARTESIAN_POINT('',(1.19999999999948,-6.41499999999263,5.34));
#9364=CARTESIAN_POINT('',(0.599999999999767,-6.41499999999263,5.34));
#9365=CARTESIAN_POINT('',(1.19999999999949,-6.41499999999263,7.805));
#9366=CARTESIAN_POINT('Origin',(1.1999999999995,-6.71499999999263,10.34));
#9367=CARTESIAN_POINT('',(1.19999999999948,-6.71499999999263,5.34));
#9368=CARTESIAN_POINT('Origin',(-1.20000000000052,-6.71499999999264,5.34000000000001));
#9369=CARTESIAN_POINT('',(-1.20000000000052,-6.71499999999264,5.34000000000001));
#9370=CARTESIAN_POINT('Origin',(1.19999999999948,-6.71499999999263,5.34));
#9371=CARTESIAN_POINT('Origin',(-5.84999999999967,4.83500000000735,5.27000000000001));
#9372=CARTESIAN_POINT('',(-5.84999999999968,5.43500000000735,1.77635683940025E-14));
#9373=CARTESIAN_POINT('',(-5.84999999999966,5.43500000000735,10.54));
#9374=CARTESIAN_POINT('',(-5.84999999999967,5.43500000000735,5.27000000000001));
#9375=CARTESIAN_POINT('Origin',(-5.84999999999969,4.83500000000735,1.55431223447522E-14));
#9376=CARTESIAN_POINT('Origin',(-5.84999999999966,4.83500000000735,10.54));
#9377=CARTESIAN_POINT('Origin',(-6.52858401317506,5.13500000000735,10.54));
#9378=CARTESIAN_POINT('',(-5.84999999999966,5.13500000000735,10.54));
#9379=CARTESIAN_POINT('',(-5.84999999999966,5.20100000000735,10.54));
#9380=CARTESIAN_POINT('',(-3.94999999999966,5.13500000000734,10.54));
#9381=CARTESIAN_POINT('',(-7.20716802635045,5.13500000000735,10.54));
#9382=CARTESIAN_POINT('',(-3.94999999999966,5.43500000000734,10.54));
#9383=CARTESIAN_POINT('',(-3.94999999999966,5.13500000000734,10.54));
#9384=CARTESIAN_POINT('',(-7.20716802635045,5.43500000000735,10.54));
#9385=CARTESIAN_POINT('Origin',(-5.23929200658737,5.13500000000735,5.27000000000001));
#9386=CARTESIAN_POINT('',(-5.84999999999969,5.13500000000735,1.33226762955019E-14));
#9387=CARTESIAN_POINT('',(-5.84999999999967,5.13500000000735,5.27000000000001));
#9388=CARTESIAN_POINT('',(-3.94999999999969,5.13500000000734,1.33226762955019E-14));
#9389=CARTESIAN_POINT('',(-7.20716802635048,5.13500000000735,1.55431223447522E-14));
#9390=CARTESIAN_POINT('',(-3.94999999999969,5.13500000000734,1.33226762955019E-14));
#9391=CARTESIAN_POINT('Origin',(-5.84999999999969,5.13500000000735,1.77635683940025E-14));
#9392=CARTESIAN_POINT('',(-5.84999999999969,5.20100000000735,1.77635683940025E-14));
#9393=CARTESIAN_POINT('Origin',(-5.84999999999969,4.83500000000735,1.11022302462516E-14));
#9394=CARTESIAN_POINT('',(-6.14999999999969,4.83500000000735,1.55431223447522E-14));
#9395=CARTESIAN_POINT('Origin',(-5.84999999999966,5.43500000000735,10.54));
#9396=CARTESIAN_POINT('',(-6.14999999999965,4.83500000000734,10.54));
#9397=CARTESIAN_POINT('Origin',(-5.84999999999966,4.83500000000735,10.54));
#9398=CARTESIAN_POINT('Origin',(-3.94999999999969,5.13500000000734,1.33226762955019E-14));
#9399=CARTESIAN_POINT('',(-3.94999999999969,5.43500000000734,1.33226762955019E-14));
#9400=CARTESIAN_POINT('',(-5.84999999999969,5.43500000000735,1.77635683940025E-14));
#9401=CARTESIAN_POINT('',(-3.94999999999969,5.13500000000734,1.33226762955019E-14));
#9402=CARTESIAN_POINT('Origin',(-3.94999999999966,5.13500000000734,10.54));
#9403=CARTESIAN_POINT('',(-3.94999999999969,5.43500000000734,1.33226762955019E-14));
#9404=CARTESIAN_POINT('Origin',(-5.84999999999967,4.83500000000735,5.27000000000001));
#9405=CARTESIAN_POINT('Origin',(-5.23929200658737,5.43500000000735,5.27000000000001));
#9406=CARTESIAN_POINT('Origin',(5.8499999999997,4.83500000000738,5.26999999999998));
#9407=CARTESIAN_POINT('Origin',(5.84999999999972,4.83500000000738,10.54));
#9408=CARTESIAN_POINT('Origin',(5.84999999999969,4.83500000000738,-1.99840144432528E-14));
#9409=CARTESIAN_POINT('Origin',(5.84999999999972,5.13500000000738,10.54));
#9410=CARTESIAN_POINT('',(5.84999999999972,5.20100000000738,10.54));
#9411=CARTESIAN_POINT('Origin',(5.84999999999972,4.83500000000738,10.54));
#9412=CARTESIAN_POINT('',(6.14999999999972,4.83500000000738,10.54));
#9413=CARTESIAN_POINT('Origin',(5.84999999999969,5.43500000000738,-1.77635683940025E-14));
#9414=CARTESIAN_POINT('',(6.14999999999969,4.83500000000738,-1.11022302462516E-14));
#9415=CARTESIAN_POINT('Origin',(5.84999999999969,4.83500000000738,-1.99840144432528E-14));
#9416=CARTESIAN_POINT('Origin',(-3.89674668700028,5.13500000000737,10.54));
#9417=CARTESIAN_POINT('',(-3.89674668700028,5.13500000000737,10.54));
#9418=CARTESIAN_POINT('Origin',(-3.89674668700031,5.13500000000737,1.11022302462516E-14));
#9419=CARTESIAN_POINT('Origin',(5.8499999999997,4.83500000000738,5.26999999999998));
#9420=CARTESIAN_POINT('Origin',(4.44999999999973,-4.71499999999262,5.26999999999999));
#9421=CARTESIAN_POINT('Origin',(4.44999999999975,-4.71499999999262,10.54));
#9422=CARTESIAN_POINT('Origin',(4.44999999999972,-4.71499999999262,-6.66133814775094E-15));
#9423=CARTESIAN_POINT('Origin',(6.14999999999973,-7.59269887068087,-1.33226762955019E-14));
#9424=CARTESIAN_POINT('',(6.21599999999972,-4.71499999999262,-1.11022302462516E-14));
#9425=CARTESIAN_POINT('Origin',(6.14999999999975,-4.71499999999262,10.54));
#9426=CARTESIAN_POINT('',(6.21599999999975,-4.71499999999262,10.54));
#9427=CARTESIAN_POINT('Origin',(4.44999999999975,-4.71499999999262,10.54));
#9428=CARTESIAN_POINT('',(4.44999999999975,-6.41499999999262,10.54));
#9429=CARTESIAN_POINT('Origin',(6.44999999999972,-4.71499999999262,-1.11022302462516E-14));
#9430=CARTESIAN_POINT('',(4.44999999999972,-6.41499999999262,-1.33226762955019E-14));
#9431=CARTESIAN_POINT('Origin',(4.44999999999972,-4.71499999999262,-6.66133814775094E-15));
#9432=CARTESIAN_POINT('Origin',(6.14999999999972,5.13500000000738,10.54));
#9433=CARTESIAN_POINT('Origin',(4.44999999999973,-4.71499999999262,5.26999999999999));
#9434=CARTESIAN_POINT('Origin',(-4.44999999999964,-4.71499999999265,5.27000000000001));
#9435=CARTESIAN_POINT('Origin',(-4.44999999999965,-4.71499999999265,1.11022302462516E-14));
#9436=CARTESIAN_POINT('Origin',(-4.44999999999963,-4.71499999999265,10.54));
#9437=CARTESIAN_POINT('Origin',(-6.14999999999962,-7.5926988706809,10.54));
#9438=CARTESIAN_POINT('',(-6.21599999999963,-4.71499999999265,10.54));
#9439=CARTESIAN_POINT('Origin',(-6.14999999999965,-4.71499999999265,1.55431223447522E-14));
#9440=CARTESIAN_POINT('',(-6.21599999999965,-4.71499999999265,1.55431223447522E-14));
#9441=CARTESIAN_POINT('Origin',(-4.44999999999965,-4.71499999999265,6.66133814775094E-15));
#9442=CARTESIAN_POINT('',(-4.44999999999965,-6.41499999999265,8.88178419700125E-15));
#9443=CARTESIAN_POINT('Origin',(-6.44999999999963,-4.71499999999266,10.54));
#9444=CARTESIAN_POINT('',(-4.44999999999962,-6.41499999999265,10.54));
#9445=CARTESIAN_POINT('Origin',(-4.44999999999963,-4.71499999999265,10.54));
#9446=CARTESIAN_POINT('Origin',(-6.14999999999969,5.13500000000735,1.77635683940025E-14));
#9447=CARTESIAN_POINT('Origin',(-4.44999999999964,-4.71499999999265,5.27000000000001));
#9448=CARTESIAN_POINT('Origin',(-6.14999999999965,-6.41499999999265,1.33226762955019E-14));
#9449=CARTESIAN_POINT('Origin',(6.14999999999975,-6.41499999999262,10.54));
#9450=UNCERTAINTY_MEASURE_WITH_UNIT(LENGTH_MEASURE(0.01),#9454,
'DISTANCE_ACCURACY_VALUE',
'Maximum model space distance between geometric entities at asserted c
onnectivities');
#9451=UNCERTAINTY_MEASURE_WITH_UNIT(LENGTH_MEASURE(0.01),#9454,
'DISTANCE_ACCURACY_VALUE',
'Maximum model space distance between geometric entities at asserted c
onnectivities');
#9452=(
GEOMETRIC_REPRESENTATION_CONTEXT(3)
GLOBAL_UNCERTAINTY_ASSIGNED_CONTEXT((#9450))
GLOBAL_UNIT_ASSIGNED_CONTEXT((#9454,#9456,#9457))
REPRESENTATION_CONTEXT('','3D')
);
#9453=(
GEOMETRIC_REPRESENTATION_CONTEXT(3)
GLOBAL_UNCERTAINTY_ASSIGNED_CONTEXT((#9451))
GLOBAL_UNIT_ASSIGNED_CONTEXT((#9454,#9456,#9457))
REPRESENTATION_CONTEXT('','3D')
);
#9454=(
LENGTH_UNIT()
NAMED_UNIT(*)
SI_UNIT(.MILLI.,.METRE.)
);
#9455=(
LENGTH_UNIT()
NAMED_UNIT(*)
SI_UNIT($,.METRE.)
);
#9456=(
NAMED_UNIT(*)
PLANE_ANGLE_UNIT()
SI_UNIT($,.RADIAN.)
);
#9457=(
NAMED_UNIT(*)
SI_UNIT($,.STERADIAN.)
SOLID_ANGLE_UNIT()
);
#9458=SHAPE_DEFINITION_REPRESENTATION(#9459,#9460);
#9459=PRODUCT_DEFINITION_SHAPE('',$,#9462);
#9460=SHAPE_REPRESENTATION('',(#5690),#9452);
#9461=PRODUCT_DEFINITION_CONTEXT('part definition',#9466,'design');
#9462=PRODUCT_DEFINITION('2026-06-04-16-03-33-721',
'GameCube Connector Female PCB Mount Vertical',#9463,#9461);
#9463=PRODUCT_DEFINITION_FORMATION('',$,#9468);
#9464=PRODUCT_RELATED_PRODUCT_CATEGORY(
'GameCube Connector Female PCB Mount Vertical',
'GameCube Connector Female PCB Mount Vertical',(#9468));
#9465=APPLICATION_PROTOCOL_DEFINITION('international standard',
'automotive_design',2009,#9466);
#9466=APPLICATION_CONTEXT(
'Core Data for Automotive Mechanical Design Process');
#9467=PRODUCT_CONTEXT('part definition',#9466,'mechanical');
#9468=PRODUCT('2026-06-04-16-03-33-721',
'GameCube Connector Female PCB Mount Vertical',$,(#9467));
#9469=PRESENTATION_STYLE_ASSIGNMENT((#9472));
#9470=PRESENTATION_STYLE_ASSIGNMENT((#9473));
#9471=PRESENTATION_STYLE_ASSIGNMENT((#9474));
#9472=SURFACE_STYLE_USAGE(.BOTH.,#9475);
#9473=SURFACE_STYLE_USAGE(.BOTH.,#9476);
#9474=SURFACE_STYLE_USAGE(.BOTH.,#9477);
#9475=SURFACE_SIDE_STYLE('',(#9478));
#9476=SURFACE_SIDE_STYLE('',(#9479));
#9477=SURFACE_SIDE_STYLE('',(#9480));
#9478=SURFACE_STYLE_FILL_AREA(#9481);
#9479=SURFACE_STYLE_FILL_AREA(#9482);
#9480=SURFACE_STYLE_FILL_AREA(#9483);
#9481=FILL_AREA_STYLE('Steel - Satin',(#9484));
#9482=FILL_AREA_STYLE('ABS (Black)',(#9485));
#9483=FILL_AREA_STYLE('Gold - Polished',(#9486));
#9484=FILL_AREA_STYLE_COLOUR('Steel - Satin',#9487);
#9485=FILL_AREA_STYLE_COLOUR('ABS (Black)',#9488);
#9486=FILL_AREA_STYLE_COLOUR('Gold - Polished',#9489);
#9487=COLOUR_RGB('Steel - Satin',0.627450980392157,0.627450980392157,0.627450980392157);
#9488=COLOUR_RGB('ABS (Black)',0.,0.,0.);
#9489=COLOUR_RGB('Gold - Polished',0.956862745098039,0.898039215686275,
0.654901960784314);
ENDSEC;
END-ISO-10303-21;
